CMC ID,CMC Name,CMC Symbol,CG ID,CG Name,CMC Rank,On Binance Spot,Match Method,Name Similarity,Match Basis,Needs Re-confirm,Reason,Valid
1,Bitcoin,BTC,bitcoin,Bitcoin,1,True,symbol_by_market_cap,1,Ambiguous symbol -> market cap dominance (rasio 17408.2x vs runner-up),Yes,"Simbol 'BTC' dipakai >1 listing di CoinGecko (kemungkinan wrapped/bridged/tiruan). Dipilih yang market cap-nya dominan (17408.2x). Ini heuristik, bukan validasi identitas -- mohon dicek manual project-nya benar 'Bitcoin'.",N
1027,Ethereum,ETH,ethereum,Ethereum,2,True,symbol_by_market_cap,1,Ambiguous symbol -> market cap dominance (rasio 6860.8x vs runner-up),Yes,"Simbol 'ETH' dipakai >1 listing di CoinGecko (kemungkinan wrapped/bridged/tiruan). Dipilih yang market cap-nya dominan (6860.8x). Ini heuristik, bukan validasi identitas -- mohon dicek manual project-nya benar 'Ethereum'.",N
825,Tether USDt,USDT,tether,Tether,3,True,contract,0.75,Contract address match (chain: ethereum),No,"Alamat contract CMC cocok persis dengan listing CoinGecko di chain 'ethereum' -- sinyal terkuat, berarti token yang sama persis on-chain.",Y
1839,BNB,BNB,binancecoin,BNB,4,True,symbol_by_market_cap,1,Ambiguous symbol -> market cap dominance (rasio 342117.3x vs runner-up),Yes,"Simbol 'BNB' dipakai >1 listing di CoinGecko (kemungkinan wrapped/bridged/tiruan). Dipilih yang market cap-nya dominan (342117.3x). Ini heuristik, bukan validasi identitas -- mohon dicek manual project-nya benar 'BNB'.",N
52,XRP,XRP,ripple,XRP,5,True,symbol_by_market_cap,1,Ambiguous symbol -> market cap dominance (rasio 193.2x vs runner-up),Yes,"Simbol 'XRP' dipakai >1 listing di CoinGecko (kemungkinan wrapped/bridged/tiruan). Dipilih yang market cap-nya dominan (193.2x). Ini heuristik, bukan validasi identitas -- mohon dicek manual project-nya benar 'XRP'.",N
3408,USDC,USDC,usd-coin,USDC,6,True,contract,1,Contract address match (chain: zksync),No,"Alamat contract CMC cocok persis dengan listing CoinGecko di chain 'zksync' -- sinyal terkuat, berarti token yang sama persis on-chain.",Y
5426,Solana,SOL,solana,Solana,7,True,symbol_by_market_cap,1,Ambiguous symbol -> market cap dominance (rasio 534.5x vs runner-up),Yes,"Simbol 'SOL' dipakai >1 listing di CoinGecko (kemungkinan wrapped/bridged/tiruan). Dipilih yang market cap-nya dominan (534.5x). Ini heuristik, bukan validasi identitas -- mohon dicek manual project-nya benar 'Solana'.",N
1958,TRON,TRX,tron,TRON,8,True,symbol_by_market_cap,1,Ambiguous symbol -> market cap dominance (rasio 1899.1x vs runner-up),Yes,"Simbol 'TRX' dipakai >1 listing di CoinGecko (kemungkinan wrapped/bridged/tiruan). Dipilih yang market cap-nya dominan (1899.1x). Ini heuristik, bukan validasi identitas -- mohon dicek manual project-nya benar 'TRON'.",N
1437,Zcash,ZEC,zcash,Zcash,9,True,symbol_by_market_cap,1,Ambiguous symbol -> market cap dominance (rasio 77.0x vs runner-up),Yes,"Simbol 'ZEC' dipakai >1 listing di CoinGecko (kemungkinan wrapped/bridged/tiruan). Dipilih yang market cap-nya dominan (77.0x). Ini heuristik, bukan validasi identitas -- mohon dicek manual project-nya benar 'Zcash'.",N
32196,Hyperliquid,HYPE,hyperliquid,Hyperliquid,10,False,symbol_by_market_cap,1,Ambiguous symbol -> market cap dominance (rasio 292.8x vs runner-up),Yes,"Simbol 'HYPE' dipakai >1 listing di CoinGecko (kemungkinan wrapped/bridged/tiruan). Dipilih yang market cap-nya dominan (292.8x). Ini heuristik, bukan validasi identitas -- mohon dicek manual project-nya benar 'Hyperliquid'.",N
74,Dogecoin,DOGE,dogecoin,Dogecoin,11,True,symbol_by_market_cap,1,Ambiguous symbol -> market cap dominance (rasio 60.9x vs runner-up),Yes,"Simbol 'DOGE' dipakai >1 listing di CoinGecko (kemungkinan wrapped/bridged/tiruan). Dipilih yang market cap-nya dominan (60.9x). Ini heuristik, bukan validasi identitas -- mohon dicek manual project-nya benar 'Dogecoin'.",N
328,Monero,XMR,monero,Monero,12,False,symbol,1,Unique ticker symbol ('XMR' cuma 1 listing di CoinGecko),No,Simbol 'XMR' unik di CoinGecko (tidak ada listing lain yang bentrok).,Y
1975,Chainlink,LINK,chainlink,Chainlink,13,True,contract,1,Contract address match (chain: ethereum),No,"Alamat contract CMC cocok persis dengan listing CoinGecko di chain 'ethereum' -- sinyal terkuat, berarti token yang sama persis on-chain.",Y
3957,UNUS SED LEO,LEO,leo-token,LEO Token,14,False,contract,0.33,Contract address match (chain: ethereum),Yes,"Alamat contract CMC cocok persis dengan listing CoinGecko di chain 'ethereum' -- sinyal terkuat, berarti token yang sama persis on-chain. Nama CMC ('UNUS SED LEO') vs CoinGecko ('LEO Token') sangat berbeda (similarity=0.33) walau tier-nya biasanya kuat -- janggal, tolong dicek manual (potensi bug mapping chain/simbol).",N
2010,Cardano,ADA,cardano,Cardano,15,True,symbol_by_market_cap,1,Ambiguous symbol -> market cap dominance (rasio 83.1x vs runner-up),Yes,"Simbol 'ADA' dipakai >1 listing di CoinGecko (kemungkinan wrapped/bridged/tiruan). Dipilih yang market cap-nya dominan (83.1x). Ini heuristik, bukan validasi identitas -- mohon dicek manual project-nya benar 'Cardano'.",N
512,Stellar,XLM,stellar,Stellar,16,True,symbol,1,Unique ticker symbol ('XLM' cuma 1 listing di CoinGecko),No,Simbol 'XLM' unik di CoinGecko (tidak ada listing lain yang bentrok).,Y
7083,Uniswap,UNI,uniswap,Uniswap,17,True,contract,1,Contract address match (chain: ethereum),No,"Alamat contract CMC cocok persis dengan listing CoinGecko di chain 'ethereum' -- sinyal terkuat, berarti token yang sama persis on-chain.",Y
1831,Bitcoin Cash,BCH,bitcoin-cash,Bitcoin Cash,18,True,symbol_by_market_cap,1,Ambiguous symbol -> market cap dominance (rasio 207.4x vs runner-up),Yes,"Simbol 'BCH' dipakai >1 listing di CoinGecko (kemungkinan wrapped/bridged/tiruan). Dipilih yang market cap-nya dominan (207.4x). Ini heuristik, bukan validasi identitas -- mohon dicek manual project-nya benar 'Bitcoin Cash'.",N
29470,Ethena USDe,USDe,ethena-usde,Ethena USDe,19,True,contract,1,Contract address match (chain: ethereum),No,"Alamat contract CMC cocok persis dengan listing CoinGecko di chain 'ethereum' -- sinyal terkuat, berarti token yang sama persis on-chain.",Y
6535,NEAR Protocol,NEAR,near,NEAR Protocol,20,True,symbol_by_market_cap,1,Ambiguous symbol -> market cap dominance (rasio 102.3x vs runner-up),Yes,"Simbol 'NEAR' dipakai >1 listing di CoinGecko (kemungkinan wrapped/bridged/tiruan). Dipilih yang market cap-nya dominan (102.3x). Ini heuristik, bukan validasi identitas -- mohon dicek manual project-nya benar 'NEAR Protocol'.",N
4943,Dai,DAI,dai,Dai,21,False,contract,1,Contract address match (chain: ethereum),No,"Alamat contract CMC cocok persis dengan listing CoinGecko di chain 'ethereum' -- sinyal terkuat, berarti token yang sama persis on-chain.",Y
36148,World Liberty Financial USD,USD1,usd1-wlfi,USD1,22,True,contract,0.21,Contract address match (chain: ethereum),Yes,"Alamat contract CMC cocok persis dengan listing CoinGecko di chain 'ethereum' -- sinyal terkuat, berarti token yang sama persis on-chain. Nama CMC ('World Liberty Financial USD') vs CoinGecko ('USD1') sangat berbeda (similarity=0.21) walau tier-nya biasanya kuat -- janggal, tolong dicek manual (potensi bug mapping chain/simbol).",N
37263,Canton,CC,canton-network,Canton,23,False,symbol_by_market_cap,1,Ambiguous symbol -> market cap dominance (rasio 16272.8x vs runner-up),Yes,"Simbol 'CC' dipakai >1 listing di CoinGecko (kemungkinan wrapped/bridged/tiruan). Dipilih yang market cap-nya dominan (16272.8x). Ini heuristik, bukan validasi identitas -- mohon dicek manual project-nya benar 'Canton'.",N
2,Litecoin,LTC,litecoin,Litecoin,24,True,symbol_by_market_cap,1,Ambiguous symbol -> market cap dominance (rasio 104.2x vs runner-up),Yes,"Simbol 'LTC' dipakai >1 listing di CoinGecko (kemungkinan wrapped/bridged/tiruan). Dipilih yang market cap-nya dominan (104.2x). Ini heuristik, bukan validasi identitas -- mohon dicek manual project-nya benar 'Litecoin'.",N
11419,Gram (prev. Toncoin),GRAM,the-open-network,Gram (prev. Toncoin),25,True,symbol_by_market_cap,1,Ambiguous symbol -> market cap dominance (rasio 278870.5x vs runner-up),Yes,"Simbol 'GRAM' dipakai >1 listing di CoinGecko (kemungkinan wrapped/bridged/tiruan). Dipilih yang market cap-nya dominan (278870.5x). Ini heuristik, bukan validasi identitas -- mohon dicek manual project-nya benar 'Gram (prev. Toncoin)'.",N
5805,Avalanche,AVAX,avalanche-2,Avalanche,26,True,symbol_by_market_cap,1,Ambiguous symbol -> market cap dominance (rasio 221.9x vs runner-up),Yes,"Simbol 'AVAX' dipakai >1 listing di CoinGecko (kemungkinan wrapped/bridged/tiruan). Dipilih yang market cap-nya dominan (221.9x). Ini heuristik, bukan validasi identitas -- mohon dicek manual project-nya benar 'Avalanche'.",N
4642,Hedera,HBAR,hedera-hashgraph,Hedera,27,True,symbol,1,Unique ticker symbol ('HBAR' cuma 1 listing di CoinGecko),No,Simbol 'HBAR' unik di CoinGecko (tidak ada listing lain yang bentrok).,Y
20947,Sui,SUI,sui,Sui,28,True,symbol,1,Unique ticker symbol ('SUI' cuma 1 listing di CoinGecko),No,Simbol 'SUI' unik di CoinGecko (tidak ada listing lain yang bentrok).,Y
33793,Global Dollar,USDG,global-dollar,Global Dollar,29,False,contract,1,Contract address match (chain: ethereum),No,"Alamat contract CMC cocok persis dengan listing CoinGecko di chain 'ethereum' -- sinyal terkuat, berarti token yang sama persis on-chain.",Y
5994,Shiba Inu,SHIB,shiba-inu,Shiba Inu,30,True,contract,1,Contract address match (chain: ethereum),No,"Alamat contract CMC cocok persis dengan listing CoinGecko di chain 'ethereum' -- sinyal terkuat, berarti token yang sama persis on-chain.",Y
3635,Cronos,CRO,crypto-com-chain,Cronos,31,False,symbol_by_market_cap,1,Ambiguous symbol -> market cap dominance (rasio runner-up tanpa data market cap vs runner-up),Yes,"Simbol 'CRO' dipakai >1 listing di CoinGecko (kemungkinan wrapped/bridged/tiruan). Dipilih yang market cap-nya dominan (runner-up tanpa data market cap). Ini heuristik, bukan validasi identitas -- mohon dicek manual project-nya benar 'Cronos'.",N
35491,MemeCore,M,memecore,MemeCore,32,False,symbol_by_market_cap,1,Ambiguous symbol -> market cap dominance (rasio 61.8x vs runner-up),Yes,"Simbol 'M' dipakai >1 listing di CoinGecko (kemungkinan wrapped/bridged/tiruan). Dipilih yang market cap-nya dominan (61.8x). Ini heuristik, bukan validasi identitas -- mohon dicek manual project-nya benar 'MemeCore'.",N
22974,Bittensor,TAO,bittensor,Bittensor,33,True,symbol_by_market_cap,1,Ambiguous symbol -> market cap dominance (rasio 205369.1x vs runner-up),Yes,"Simbol 'TAO' dipakai >1 listing di CoinGecko (kemungkinan wrapped/bridged/tiruan). Dipilih yang market cap-nya dominan (205369.1x). Ini heuristik, bukan validasi identitas -- mohon dicek manual project-nya benar 'Bittensor'.",N
27772,PayPal USD,PYUSD,paypal-usd,PayPal USD,34,False,contract,1,Contract address match (chain: ethereum),No,"Alamat contract CMC cocok persis dengan listing CoinGecko di chain 'ethereum' -- sinyal terkuat, berarti token yang sama persis on-chain.",Y
5176,Tether Gold,XAUt,tether-gold,Tether Gold,35,True,contract,1,Contract address match (chain: ethereum),No,"Alamat contract CMC cocok persis dengan listing CoinGecko di chain 'ethereum' -- sinyal terkuat, berarti token yang sama persis on-chain.",Y
3897,OKB,OKB,okb,OKB,36,False,symbol,1,Unique ticker symbol ('OKB' cuma 1 listing di CoinGecko),No,Simbol 'OKB' unik di CoinGecko (tidak ada listing lain yang bentrok).,Y
34387,Ripple USD,RLUSD,ripple-usd,Ripple USD,37,True,contract,1,Contract address match (chain: ethereum),No,"Alamat contract CMC cocok persis dengan listing CoinGecko di chain 'ethereum' -- sinyal terkuat, berarti token yang sama persis on-chain.",Y
7278,Aave,AAVE,aave,Aave,38,True,contract,1,Contract address match (chain: ethereum),No,"Alamat contract CMC cocok persis dengan listing CoinGecko di chain 'ethereum' -- sinyal terkuat, berarti token yang sama persis on-chain.",Y
36341,Aster,ASTER,aster-2,Aster,39,True,contract,1,Contract address match (chain: binance-smart-chain),No,"Alamat contract CMC cocok persis dengan listing CoinGecko di chain 'binance-smart-chain' -- sinyal terkuat, berarti token yang sama persis on-chain.",Y
36507,Pump.fun,PUMP,pump-fun,Pump.fun,40,True,contract,1,Contract address match (chain: solana),No,"Alamat contract CMC cocok persis dengan listing CoinGecko di chain 'solana' -- sinyal terkuat, berarti token yang sama persis on-chain.",Y
6636,Polkadot,DOT,polkadot,Polkadot,41,True,symbol_by_market_cap,1,Ambiguous symbol -> market cap dominance (rasio 106.8x vs runner-up),Yes,"Simbol 'DOT' dipakai >1 listing di CoinGecko (kemungkinan wrapped/bridged/tiruan). Dipilih yang market cap-nya dominan (106.8x). Ini heuristik, bukan validasi identitas -- mohon dicek manual project-nya benar 'Polkadot'.",N
27075,Mantle,MNT,mantle,Mantle,42,False,contract,1,Contract address match (chain: ethereum),No,"Alamat contract CMC cocok persis dengan listing CoinGecko di chain 'ethereum' -- sinyal terkuat, berarti token yang sama persis on-chain.",Y
21159,Ondo,ONDO,ondo-finance,Ondo,43,True,contract,1,Contract address match (chain: ethereum),No,"Alamat contract CMC cocok persis dengan listing CoinGecko di chain 'ethereum' -- sinyal terkuat, berarti token yang sama persis on-chain.",Y
4705,PAX Gold,PAXG,pax-gold,PAX Gold,44,True,contract,1,Contract address match (chain: ethereum),No,"Alamat contract CMC cocok persis dengan listing CoinGecko di chain 'ethereum' -- sinyal terkuat, berarti token yang sama persis on-chain.",Y
33251,World Liberty Financial,WLFI,world-liberty-financial,World Liberty Financial,45,True,contract,1,Contract address match (chain: ethereum),No,"Alamat contract CMC cocok persis dengan listing CoinGecko di chain 'ethereum' -- sinyal terkuat, berarti token yang sama persis on-chain.",Y
30171,Ethena,ENA,ethena,Ethena,46,True,contract,1,Contract address match (chain: ethereum),No,"Alamat contract CMC cocok persis dengan listing CoinGecko di chain 'ethereum' -- sinyal terkuat, berarti token yang sama persis on-chain.",Y
13502,Worldcoin,WLD,worldcoin-wld,Worldcoin,47,True,contract,1,Contract address match (chain: ethereum),No,"Alamat contract CMC cocok persis dengan listing CoinGecko di chain 'ethereum' -- sinyal terkuat, berarti token yang sama persis on-chain.",Y
8916,Internet Computer,ICP,internet-computer,Internet Computer,48,True,symbol,1,Unique ticker symbol ('ICP' cuma 1 listing di CoinGecko),No,Simbol 'ICP' unik di CoinGecko (tidak ada listing lain yang bentrok).,Y
24478,Pepe,PEPE,pepe,Pepe,49,True,contract,1,Contract address match (chain: ethereum),No,"Alamat contract CMC cocok persis dengan listing CoinGecko di chain 'ethereum' -- sinyal terkuat, berarti token yang sama persis on-chain.",Y
33038,Sky,SKY,sky,Sky,50,True,contract,1,Contract address match (chain: ethereum),No,"Alamat contract CMC cocok persis dengan listing CoinGecko di chain 'ethereum' -- sinyal terkuat, berarti token yang sama persis on-chain.",Y
19891,USDD,USDD,usdd,USDD,51,False,contract,1,Contract address match (chain: tron),No,"Alamat contract CMC cocok persis dengan listing CoinGecko di chain 'tron' -- sinyal terkuat, berarti token yang sama persis on-chain.",Y
11841,Arbitrum,ARB,arbitrum,Arbitrum,52,True,contract,1,Contract address match (chain: arbitrum-one),No,"Alamat contract CMC cocok persis dengan listing CoinGecko di chain 'arbitrum-one' -- sinyal terkuat, berarti token yang sama persis on-chain.",Y
39120,United Stables,U,united-stables,United Stables,53,True,contract,1,Contract address match (chain: ethereum),No,"Alamat contract CMC cocok persis dengan listing CoinGecko di chain 'ethereum' -- sinyal terkuat, berarti token yang sama persis on-chain.",Y
11092,Bitget Token,BGB,bitget-token,Bitget Token,54,False,contract,1,Contract address match (chain: ethereum),No,"Alamat contract CMC cocok persis dengan listing CoinGecko di chain 'ethereum' -- sinyal terkuat, berarti token yang sama persis on-chain.",Y
34104,Morpho,MORPHO,morpho,Morpho,55,True,contract,1,Contract address match (chain: ethereum),No,"Alamat contract CMC cocok persis dengan listing CoinGecko di chain 'ethereum' -- sinyal terkuat, berarti token yang sama persis on-chain.",Y
35509,Venice Token,VVV,venice-token,Venice Token,56,False,contract,1,Contract address match (chain: base),No,"Alamat contract CMC cocok persis dengan listing CoinGecko di chain 'base' -- sinyal terkuat, berarti token yang sama persis on-chain.",Y
1321,Ethereum Classic,ETC,ethereum-classic,Ethereum Classic,57,True,symbol,1,Unique ticker symbol ('ETC' cuma 1 listing di CoinGecko),No,Simbol 'ETC' unik di CoinGecko (tidak ada listing lain yang bentrok).,Y
39125,Lighter,LIT,lighter,Lighter,58,False,contract,1,Contract address match (chain: ethereum),No,"Alamat contract CMC cocok persis dengan listing CoinGecko di chain 'ethereum' -- sinyal terkuat, berarti token yang sama persis on-chain.",Y
28321,Polygon (prev. MATIC),POL,polygon-ecosystem-token,POL (ex-MATIC),59,True,contract,0.69,Contract address match (chain: ethereum),No,"Alamat contract CMC cocok persis dengan listing CoinGecko di chain 'ethereum' -- sinyal terkuat, berarti token yang sama persis on-chain.",Y
4269,GateToken,GT,gatechain-token,Gate,60,False,contract,0.62,Contract address match (chain: ethereum),No,"Alamat contract CMC cocok persis dengan listing CoinGecko di chain 'ethereum' -- sinyal terkuat, berarti token yang sama persis on-chain.",Y
20396,Kaspa,KAS,kaspa,Kaspa,61,False,symbol,1,Unique ticker symbol ('KAS' cuma 1 listing di CoinGecko),No,Simbol 'KAS' unik di CoinGecko (tidak ada listing lain yang bentrok).,Y
2087,KuCoin Token,KCS,kucoin-shares,KuCoin,62,False,symbol,0.71,Unique ticker symbol ('KCS' cuma 1 listing di CoinGecko),No,Simbol 'KCS' unik di CoinGecko (tidak ada listing lain yang bentrok).,Y
5488,JUST,JST,just,JUST,63,True,contract,1,Contract address match (chain: tron),No,"Alamat contract CMC cocok persis dengan listing CoinGecko di chain 'tron' -- sinyal terkuat, berarti token yang sama persis on-chain.",Y
35697,Pi,PI,pi-network,Pi Network,64,False,symbol_by_market_cap,0.36,Ambiguous symbol -> market cap dominance (rasio 3067.9x vs runner-up),Yes,"Simbol 'PI' dipakai >1 listing di CoinGecko (kemungkinan wrapped/bridged/tiruan). Dipilih yang market cap-nya dominan (3067.9x). Ini heuristik, bukan validasi identitas -- mohon dicek manual project-nya benar 'Pi'.",N
3794,Cosmos,ATOM,cosmos,Cosmos Hub,65,True,symbol,0.8,Unique ticker symbol ('ATOM' cuma 1 listing di CoinGecko),No,Simbol 'ATOM' unik di CoinGecko (tidak ada listing lain yang bentrok).,Y
4030,Algorand,ALGO,algorand,Algorand,66,True,symbol_by_market_cap,1,Ambiguous symbol -> market cap dominance (rasio 204345.5x vs runner-up),Yes,"Simbol 'ALGO' dipakai >1 listing di CoinGecko (kemungkinan wrapped/bridged/tiruan). Dipilih yang market cap-nya dominan (204345.5x). Ini heuristik, bukan validasi identitas -- mohon dicek manual project-nya benar 'Algorand'.",N
7186,PancakeSwap,CAKE,pancakeswap-token,PancakeSwap,67,True,contract,1,Contract address match (chain: ethereum),No,"Alamat contract CMC cocok persis dengan listing CoinGecko di chain 'ethereum' -- sinyal terkuat, berarti token yang sama persis on-chain.",Y
29210,Jupiter,JUP,jupiter-exchange-solana,Jupiter,68,True,contract,1,Contract address match (chain: solana),No,"Alamat contract CMC cocok persis dengan listing CoinGecko di chain 'solana' -- sinyal terkuat, berarti token yang sama persis on-chain.",Y
5690,Render,RENDER,render-token,Render,69,True,contract,1,Contract address match (chain: ethereum),No,"Alamat contract CMC cocok persis dengan listing CoinGecko di chain 'ethereum' -- sinyal terkuat, berarti token yang sama persis on-chain.",Y
3155,Quant,QNT,quant-network,Quant,70,True,contract,1,Contract address match (chain: ethereum),No,"Alamat contract CMC cocok persis dengan listing CoinGecko di chain 'ethereum' -- sinyal terkuat, berarti token yang sama persis on-chain.",Y
131,Dash,DASH,dash,Dash,71,True,symbol_by_market_cap,1,Ambiguous symbol -> market cap dominance (rasio 4314.7x vs runner-up),Yes,"Simbol 'DASH' dipakai >1 listing di CoinGecko (kemungkinan wrapped/bridged/tiruan). Dipilih yang market cap-nya dominan (4314.7x). Ini heuristik, bukan validasi identitas -- mohon dicek manual project-nya benar 'Dash'.",N
2280,Filecoin,FIL,filecoin,Filecoin,72,True,symbol_by_market_cap,1,Ambiguous symbol -> market cap dominance (rasio 55.2x vs runner-up),Yes,"Simbol 'FIL' dipakai >1 listing di CoinGecko (kemungkinan wrapped/bridged/tiruan). Dipilih yang market cap-nya dominan (55.2x). Ini heuristik, bukan validasi identitas -- mohon dicek manual project-nya benar 'Filecoin'.",N
29814,ether.fi,ETHFI,ether-fi,Ether.fi,73,True,contract,1,Contract address match (chain: ethereum),No,"Alamat contract CMC cocok persis dengan listing CoinGecko di chain 'ethereum' -- sinyal terkuat, berarti token yang sama persis on-chain.",Y
38892,Stable,STABLE,stable-2,​​Stable,74,False,contract,1,Contract address match (chain: binance-smart-chain),No,"Alamat contract CMC cocok persis dengan listing CoinGecko di chain 'binance-smart-chain' -- sinyal terkuat, berarti token yang sama persis on-chain.",Y
7226,Injective,INJ,injective-protocol,Injective,75,True,contract,1,Contract address match (chain: ethereum),No,"Alamat contract CMC cocok persis dengan listing CoinGecko di chain 'ethereum' -- sinyal terkuat, berarti token yang sama persis on-chain.",Y
3077,VeChain,VET,vechain,VeChain,76,True,symbol,1,Unique ticker symbol ('VET' cuma 1 listing di CoinGecko),No,Simbol 'VET' unik di CoinGecko (tidak ada listing lain yang bentrok).,Y
29270,Aerodrome Finance,AERO,aerodrome-finance,Aerodrome Finance,77,True,contract,1,Contract address match (chain: base),No,"Alamat contract CMC cocok persis dengan listing CoinGecko di chain 'base' -- sinyal terkuat, berarti token yang sama persis on-chain.",Y
21794,Aptos,APT,aptos,Aptos,78,True,symbol,1,Unique ticker symbol ('APT' cuma 1 listing di CoinGecko),No,Simbol 'APT' unik di CoinGecko (tidak ada listing lain yang bentrok).,Y
2634,XDC Network,XDC,xdce-crowd-sale,XDC Network,79,False,symbol,1,Unique ticker symbol ('XDC' cuma 1 listing di CoinGecko),No,Simbol 'XDC' unik di CoinGecko (tidak ada listing lain yang bentrok).,Y
35336,OFFICIAL TRUMP,TRUMP,official-trump,Official Trump,80,True,contract,1,Contract address match (chain: solana),No,"Alamat contract CMC cocok persis dengan listing CoinGecko di chain 'solana' -- sinyal terkuat, berarti token yang sama persis on-chain.",Y
7950,Flare,FLR,flare-networks,Flare,81,False,symbol_by_market_cap,1,Ambiguous symbol -> market cap dominance (rasio 57789.6x vs runner-up),Yes,"Simbol 'FLR' dipakai >1 listing di CoinGecko (kemungkinan wrapped/bridged/tiruan). Dipilih yang market cap-nya dominan (57789.6x). Ini heuristik, bukan validasi identitas -- mohon dicek manual project-nya benar 'Flare'.",N
2694,Nexo,NEXO,nexo,NEXO,82,True,contract,1,Contract address match (chain: ethereum),No,"Alamat contract CMC cocok persis dengan listing CoinGecko di chain 'ethereum' -- sinyal terkuat, berarti token yang sama persis on-chain.",Y
6538,Curve DAO Token,CRV,curve-dao-token,Curve DAO,83,True,contract,0.76,Contract address match (chain: ethereum),No,"Alamat contract CMC cocok persis dengan listing CoinGecko di chain 'ethereum' -- sinyal terkuat, berarti token yang sama persis on-chain.",Y
38590,币安人生,币安人生,bianrensheng,币安人生 (BinanceLife),84,True,contract,0.42,Contract address match (chain: binance-smart-chain),No,"Alamat contract CMC cocok persis dengan listing CoinGecko di chain 'binance-smart-chain' -- sinyal terkuat, berarti token yang sama persis on-chain.",Y
4847,Stacks,STX,blockstack,Stacks,85,True,symbol,1,Unique ticker symbol ('STX' cuma 1 listing di CoinGecko),No,Simbol 'STX' unik di CoinGecko (tidak ada listing lain yang bentrok).,Y
2563,TrueUSD,TUSD,true-usd,TrueUSD,86,True,contract,1,Contract address match (chain: ethereum),No,"Alamat contract CMC cocok persis dengan listing CoinGecko di chain 'ethereum' -- sinyal terkuat, berarti token yang sama persis on-chain.",Y
40938,Pons,PONS,pons,Pons,87,False,symbol,1,Unique ticker symbol ('PONS' cuma 1 listing di CoinGecko),No,Simbol 'PONS' unik di CoinGecko (tidak ada listing lain yang bentrok).,Y
34466,Pudgy Penguins,PENGU,pudgy-penguins,Pudgy Penguins,88,True,contract,1,Contract address match (chain: solana),No,"Alamat contract CMC cocok persis dengan listing CoinGecko di chain 'solana' -- sinyal terkuat, berarti token yang sama persis on-chain.",Y
9481,Pendle,PENDLE,pendle,Pendle,89,True,contract,1,Contract address match (chain: ethereum),No,"Alamat contract CMC cocok persis dengan listing CoinGecko di chain 'ethereum' -- sinyal terkuat, berarti token yang sama persis on-chain.",Y
28177,Pyth Network,PYTH,pyth-network,Pyth Network,90,True,contract,1,Contract address match (chain: solana),No,"Alamat contract CMC cocok persis dengan listing CoinGecko di chain 'solana' -- sinyal terkuat, berarti token yang sama persis on-chain.",Y
8526,Raydium,RAY,raydium,Raydium,91,True,contract,1,Contract address match (chain: solana),No,"Alamat contract CMC cocok persis dengan listing CoinGecko di chain 'solana' -- sinyal terkuat, berarti token yang sama persis on-chain.",Y
20641,EURC,EURC,euro-coin,EURC,92,False,contract,1,Contract address match (chain: ethereum),No,"Alamat contract CMC cocok persis dengan listing CoinGecko di chain 'ethereum' -- sinyal terkuat, berarti token yang sama persis on-chain.",Y
28081,SPX6900,SPX,spx6900,SPX6900,93,False,contract,1,Contract address match (chain: ethereum),No,"Alamat contract CMC cocok persis dengan listing CoinGecko di chain 'ethereum' -- sinyal terkuat, berarti token yang sama persis on-chain.",Y
3773,Artificial Superintelligence Alliance,FET,fetch-ai,Artificial Superintelligence Alliance,94,True,symbol,1,Unique ticker symbol ('FET' cuma 1 listing di CoinGecko),No,Simbol 'FET' unik di CoinGecko (tidak ada listing lain yang bentrok).,Y
29420,Virtuals Protocol,VIRTUAL,virtual-protocol,Virtuals Protocol,95,True,contract,1,Contract address match (chain: ethereum),No,"Alamat contract CMC cocok persis dengan listing CoinGecko di chain 'ethereum' -- sinyal terkuat, berarti token yang sama persis on-chain.",Y
26997,LayerZero,ZRO,layerzero,LayerZero,96,True,contract,1,Contract address match (chain: ethereum),No,"Alamat contract CMC cocok persis dengan listing CoinGecko di chain 'ethereum' -- sinyal terkuat, berarti token yang sama persis on-chain.",Y
39064,Midnight,NIGHT,midnight-3,Midnight,97,True,contract,1,Contract address match (chain: binance-smart-chain),No,"Alamat contract CMC cocok persis dengan listing CoinGecko di chain 'binance-smart-chain' -- sinyal terkuat, berarti token yang sama persis on-chain.",Y
38482,Falcon Finance,FF,falcon-finance-ff,Falcon Finance,98,True,contract,1,Contract address match (chain: ethereum),No,"Alamat contract CMC cocok persis dengan listing CoinGecko di chain 'ethereum' -- sinyal terkuat, berarti token yang sama persis on-chain.",Y
38849,Pieverse,PIEVERSE,pieverse,Pieverse,99,False,contract,1,Contract address match (chain: ethereum),No,"Alamat contract CMC cocok persis dengan listing CoinGecko di chain 'ethereum' -- sinyal terkuat, berarti token yang sama persis on-chain.",Y
22861,Celestia,TIA,celestia,Celestia,100,True,contract,1,Contract address match (chain: osmosis),No,"Alamat contract CMC cocok persis dengan listing CoinGecko di chain 'osmosis' -- sinyal terkuat, berarti token yang sama persis on-chain.",Y
23149,Sei,SEI,sei-network,Sei,101,True,symbol_by_market_cap,1,Ambiguous symbol -> market cap dominance (rasio runner-up tanpa data market cap vs runner-up),Yes,"Simbol 'SEI' dipakai >1 listing di CoinGecko (kemungkinan wrapped/bridged/tiruan). Dipilih yang market cap-nya dominan (runner-up tanpa data market cap). Ini heuristik, bukan validasi identitas -- mohon dicek manual project-nya benar 'Sei'.",N
3602,Bitcoin SV,BSV,bitcoin-cash-sv,Bitcoin SV,102,False,symbol,1,Unique ticker symbol ('BSV' cuma 1 listing di CoinGecko),No,Simbol 'BSV' unik di CoinGecko (tidak ada listing lain yang bentrok).,Y
26081,First Digital USD,FDUSD,first-digital-usd,First Digital USD,103,True,contract,1,Contract address match (chain: ethereum),No,"Alamat contract CMC cocok persis dengan listing CoinGecko di chain 'ethereum' -- sinyal terkuat, berarti token yang sama persis on-chain.",Y
10529,Sun [New],SUN,sun-token,Sun Token,104,True,contract,0.57,Contract address match (chain: tron),No,"Alamat contract CMC cocok persis dengan listing CoinGecko di chain 'tron' -- sinyal terkuat, berarti token yang sama persis on-chain.",Y
8000,Lido DAO,LDO,lido-dao,Lido DAO,105,True,contract,1,Contract address match (chain: ethereum),No,"Alamat contract CMC cocok persis dengan listing CoinGecko di chain 'ethereum' -- sinyal terkuat, berarti token yang sama persis on-chain.",Y
16086,BitTorrent [New],BTT,bittorrent,BitTorrent,106,True,contract,0.87,Contract address match (chain: tron),No,"Alamat contract CMC cocok persis dengan listing CoinGecko di chain 'tron' -- sinyal terkuat, berarti token yang sama persis on-chain.",Y
1659,Gnosis,GNO,gnosis,Gnosis,107,True,contract,1,Contract address match (chain: ethereum),No,"Alamat contract CMC cocok persis dengan listing CoinGecko di chain 'ethereum' -- sinyal terkuat, berarti token yang sama persis on-chain.",Y
1168,Decred,DCR,decred,Decred,108,True,symbol,1,Unique ticker symbol ('DCR' cuma 1 listing di CoinGecko),No,Simbol 'DCR' unik di CoinGecko (tidak ada listing lain yang bentrok).,Y
2011,Tezos,XTZ,tezos,Tezos,109,True,symbol_by_market_cap,1,Ambiguous symbol -> market cap dominance (rasio 218.3x vs runner-up),Yes,"Simbol 'XTZ' dipakai >1 listing di CoinGecko (kemungkinan wrapped/bridged/tiruan). Dipilih yang market cap-nya dominan (218.3x). Ini heuristik, bukan validasi identitas -- mohon dicek manual project-nya benar 'Tezos'.",N
30495,Monad,MON,monad,Monad,110,False,symbol_by_market_cap,1,Ambiguous symbol -> market cap dominance (rasio 35.5x vs runner-up),Yes,"Simbol 'MON' dipakai >1 listing di CoinGecko (kemungkinan wrapped/bridged/tiruan). Dipilih yang market cap-nya dominan (35.5x). Ini heuristik, bukan validasi identitas -- mohon dicek manual project-nya benar 'Monad'.",N
4172,Terra Classic,LUNC,terra-luna,Terra Luna Classic,111,True,symbol_by_market_cap,0.86,Ambiguous symbol -> market cap dominance (rasio 120.8x vs runner-up),Yes,"Simbol 'LUNC' dipakai >1 listing di CoinGecko (kemungkinan wrapped/bridged/tiruan). Dipilih yang market cap-nya dominan (120.8x). Ini heuristik, bukan validasi identitas -- mohon dicek manual project-nya benar 'Terra Classic'.",N
38828,Kite,KITE,kite-2,Kite,112,True,symbol_by_market_cap,1,Ambiguous symbol -> market cap dominance (rasio 630.1x vs runner-up),Yes,"Simbol 'KITE' dipakai >1 listing di CoinGecko (kemungkinan wrapped/bridged/tiruan). Dipilih yang market cap-nya dominan (630.1x). Ini heuristik, bukan validasi identitas -- mohon dicek manual project-nya benar 'Kite'.",N
33824,Maple Finance,SYRUP,syrup,Maple Finance,113,True,contract,1,Contract address match (chain: ethereum),No,"Alamat contract CMC cocok persis dengan listing CoinGecko di chain 'ethereum' -- sinyal terkuat, berarti token yang sama persis on-chain.",Y
11840,Optimism,OP,optimism,Optimism,114,True,contract,1,Contract address match (chain: optimistic-ethereum),No,"Alamat contract CMC cocok persis dengan listing CoinGecko di chain 'optimistic-ethereum' -- sinyal terkuat, berarti token yang sama persis on-chain.",Y
10603,Immutable,IMX,immutable-x,Immutable,115,True,contract,1,Contract address match (chain: ethereum),No,"Alamat contract CMC cocok persis dengan listing CoinGecko di chain 'ethereum' -- sinyal terkuat, berarti token yang sama persis on-chain.",Y
13855,Ethereum Name Service,ENS,ethereum-name-service,Ethereum Name Service,116,True,contract,1,Contract address match (chain: ethereum),No,"Alamat contract CMC cocok persis dengan listing CoinGecko di chain 'ethereum' -- sinyal terkuat, berarti token yang sama persis on-chain.",Y
7334,Conflux,CFX,conflux-token,Conflux,117,True,symbol_by_market_cap,1,Ambiguous symbol -> market cap dominance (rasio 48566.3x vs runner-up),Yes,"Simbol 'CFX' dipakai >1 listing di CoinGecko (kemungkinan wrapped/bridged/tiruan). Dipilih yang market cap-nya dominan (48566.3x). Ini heuristik, bukan validasi identitas -- mohon dicek manual project-nya benar 'Conflux'.",N
23095,Bonk,BONK,bonk,Bonk,118,True,contract,1,Contract address match (chain: solana),No,"Alamat contract CMC cocok persis dengan listing CoinGecko di chain 'solana' -- sinyal terkuat, berarti token yang sama persis on-chain.",Y
22691,Starknet,STRK,starknet,Starknet,119,True,contract,1,Contract address match (chain: ethereum),No,"Alamat contract CMC cocok persis dengan listing CoinGecko di chain 'ethereum' -- sinyal terkuat, berarti token yang sama persis on-chain.",Y
36828,Useless Coin,USELESS,useless-3,Useless Coin,120,False,contract,1,Contract address match (chain: solana),No,"Alamat contract CMC cocok persis dengan listing CoinGecko di chain 'solana' -- sinyal terkuat, berarti token yang sama persis on-chain.",Y
36645,Plasma,XPL,plasma,Plasma,121,True,symbol_by_market_cap,1,Ambiguous symbol -> market cap dominance (rasio runner-up tanpa data market cap vs runner-up),Yes,"Simbol 'XPL' dipakai >1 listing di CoinGecko (kemungkinan wrapped/bridged/tiruan). Dipilih yang market cap-nya dominan (runner-up tanpa data market cap). Ini heuristik, bukan validasi identitas -- mohon dicek manual project-nya benar 'Plasma'.",N
9816,AINFT,NFT,apenft,AINFT,122,False,contract,1,Contract address match (chain: ethereum),No,"Alamat contract CMC cocok persis dengan listing CoinGecko di chain 'ethereum' -- sinyal terkuat, berarti token yang sama persis on-chain.",Y
10804,FLOKI,FLOKI,floki,FLOKI,123,True,contract,1,Contract address match (chain: ethereum),No,"Alamat contract CMC cocok persis dengan listing CoinGecko di chain 'ethereum' -- sinyal terkuat, berarti token yang sama persis on-chain.",Y
28541,Jito,JTO,jito-governance-token,Jito,124,True,contract,1,Contract address match (chain: solana),No,"Alamat contract CMC cocok persis dengan listing CoinGecko di chain 'solana' -- sinyal terkuat, berarti token yang sama persis on-chain.",Y
5964,Trust Wallet Token,TWT,trust-wallet-token,Trust Wallet,125,True,contract,0.81,Contract address match (chain: binance-smart-chain),No,"Alamat contract CMC cocok persis dengan listing CoinGecko di chain 'binance-smart-chain' -- sinyal terkuat, berarti token yang sama persis on-chain.",Y
6719,The Graph,GRT,the-graph,The Graph,126,True,contract,1,Contract address match (chain: ethereum),No,"Alamat contract CMC cocok persis dengan listing CoinGecko di chain 'ethereum' -- sinyal terkuat, berarti token yang sama persis on-chain.",Y
40809,Cash Cat,CASHCAT,cash-cat,Cash Cat,127,False,symbol,1,Unique ticker symbol ('CASHCAT' cuma 1 listing di CoinGecko),No,Simbol 'CASHCAT' unik di CoinGecko (tidak ada listing lain yang bentrok).,Y
39720,edgeX,EDGE,edgex,edgeX,128,False,contract,1,Contract address match (chain: ethereum),No,"Alamat contract CMC cocok persis dengan listing CoinGecko di chain 'ethereum' -- sinyal terkuat, berarti token yang sama persis on-chain.",Y
30494,EigenCloud,EIGEN,eigenlayer,EigenCloud (prev. EigenLayer),129,True,contract,0.59,Contract address match (chain: ethereum),No,"Alamat contract CMC cocok persis dengan listing CoinGecko di chain 'ethereum' -- sinyal terkuat, berarti token yang sama persis on-chain.",Y
2416,Theta Network,THETA,theta-token,Theta Network,130,True,symbol,1,Unique ticker symbol ('THETA' cuma 1 listing di CoinGecko),No,Simbol 'THETA' unik di CoinGecko (tidak ada listing lain yang bentrok).,Y
5632,Arweave,AR,arweave,Arweave,131,True,symbol,1,Unique ticker symbol ('AR' cuma 1 listing di CoinGecko),No,Simbol 'AR' unik di CoinGecko (tidak ada listing lain yang bentrok).,Y
5692,Compound,COMP,compound-governance-token,Compound,132,True,contract,1,Contract address match (chain: ethereum),No,"Alamat contract CMC cocok persis dengan listing CoinGecko di chain 'ethereum' -- sinyal terkuat, berarti token yang sama persis on-chain.",Y
1720,IOTA,IOTA,iota,IOTA,133,True,symbol,1,Unique ticker symbol ('IOTA' cuma 1 listing di CoinGecko),No,Simbol 'IOTA' unik di CoinGecko (tidak ada listing lain yang bentrok).,Y
8425,JasmyCoin,JASMY,jasmycoin,JasmyCoin,134,True,contract,1,Contract address match (chain: ethereum),No,"Alamat contract CMC cocok persis dengan listing CoinGecko di chain 'ethereum' -- sinyal terkuat, berarti token yang sama persis on-chain.",Y
28752,dogwifhat,WIF,dogwifcoin,dogwifhat,135,True,contract,1,Contract address match (chain: solana),No,"Alamat contract CMC cocok persis dengan listing CoinGecko di chain 'solana' -- sinyal terkuat, berarti token yang sama persis on-chain.",Y
9903,Convex Finance,CVX,convex-finance,Convex Finance,136,True,contract,1,Contract address match (chain: ethereum),No,"Alamat contract CMC cocok persis dengan listing CoinGecko di chain 'ethereum' -- sinyal terkuat, berarti token yang sama persis on-chain.",Y
32880,Kaia,KAIA,kaia,Kaia,137,True,symbol_by_market_cap,1,Ambiguous symbol -> market cap dominance (rasio 39823.3x vs runner-up),Yes,"Simbol 'KAIA' dipakai >1 listing di CoinGecko (kemungkinan wrapped/bridged/tiruan). Dipilih yang market cap-nya dominan (39823.3x). Ini heuristik, bukan validasi identitas -- mohon dicek manual project-nya benar 'Kaia'.",N
1214,Lisk,LSK,lisk,Lisk,138,True,symbol,1,Unique ticker symbol ('LSK' cuma 1 listing di CoinGecko),No,Simbol 'LSK' unik di CoinGecko (tidak ada listing lain yang bentrok).,Y
30636,Zebec Network,ZBCN,zebec-network,Zebec Network,139,False,contract,1,Contract address match (chain: solana),No,"Alamat contract CMC cocok persis dengan listing CoinGecko di chain 'solana' -- sinyal terkuat, berarti token yang sama persis on-chain.",Y
36532,BUILDon,B,build-on,BUILDon,140,False,contract,1,Contract address match (chain: binance-smart-chain),No,"Alamat contract CMC cocok persis dengan listing CoinGecko di chain 'binance-smart-chain' -- sinyal terkuat, berarti token yang sama persis on-chain.",Y
6783,Axie Infinity,AXS,axie-infinity,Axie Infinity,141,True,contract,1,Contract address match (chain: ethereum),No,"Alamat contract CMC cocok persis dengan listing CoinGecko di chain 'ethereum' -- sinyal terkuat, berarti token yang sama persis on-chain.",Y
4157,THORChain,RUNE,thorchain,THORChain,142,True,symbol_by_market_cap,1,Ambiguous symbol -> market cap dominance (rasio 40802.0x vs runner-up),Yes,"Simbol 'RUNE' dipakai >1 listing di CoinGecko (kemungkinan wrapped/bridged/tiruan). Dipilih yang market cap-nya dominan (40802.0x). Ini heuristik, bukan validasi identitas -- mohon dicek manual project-nya benar 'THORChain'.",N
38515,DoubleZero,2Z,doublezero,DoubleZero,143,True,contract,1,Contract address match (chain: solana),No,"Alamat contract CMC cocok persis dengan listing CoinGecko di chain 'solana' -- sinyal terkuat, berarti token yang sama persis on-chain.",Y
4041,MX Token,MX,mx-token,MX,144,False,contract,0.44,Contract address match (chain: ethereum),No,"Alamat contract CMC cocok persis dengan listing CoinGecko di chain 'ethereum' -- sinyal terkuat, berarti token yang sama persis on-chain.",Y
2467,OriginTrail,TRAC,origintrail,OriginTrail,145,False,contract,1,Contract address match (chain: ethereum),No,"Alamat contract CMC cocok persis dengan listing CoinGecko di chain 'ethereum' -- sinyal terkuat, berarti token yang sama persis on-chain.",Y
7431,Akash Network,AKT,akash-network,Akash Network,146,False,symbol_by_market_cap,1,Ambiguous symbol -> market cap dominance (rasio 5372.1x vs runner-up),Yes,"Simbol 'AKT' dipakai >1 listing di CoinGecko (kemungkinan wrapped/bridged/tiruan). Dipilih yang market cap-nya dominan (5372.1x). Ini heuristik, bukan validasi identitas -- mohon dicek manual project-nya benar 'Akash Network'.",N
18679,Onyxcoin,XCN,chain-2,Onyxcoin,147,False,contract,1,Contract address match (chain: ethereum),No,"Alamat contract CMC cocok persis dengan listing CoinGecko di chain 'ethereum' -- sinyal terkuat, berarti token yang sama persis on-chain.",Y
1376,Neo,NEO,neo,NEO,148,True,symbol,1,Unique ticker symbol ('NEO' cuma 1 listing di CoinGecko),No,Simbol 'NEO' unik di CoinGecko (tidak ada listing lain yang bentrok).,Y
36922,Humanity,H,humanity,Humanity,149,False,contract,1,Contract address match (chain: ethereum),No,"Alamat contract CMC cocok persis dengan listing CoinGecko di chain 'ethereum' -- sinyal terkuat, berarti token yang sama persis on-chain.",Y
10791,eCash,XEC,ecash,eCash,150,True,symbol,1,Unique ticker symbol ('XEC' cuma 1 listing di CoinGecko),No,Simbol 'XEC' unik di CoinGecko (tidak ada listing lain yang bentrok).,Y
37322,Vision,VSN,vision-3,Vision,151,False,contract,1,Contract address match (chain: ethereum),No,"Alamat contract CMC cocok persis dengan listing CoinGecko di chain 'ethereum' -- sinyal terkuat, berarti token yang sama persis on-chain.",Y
4066,Chiliz,CHZ,chiliz,Chiliz,152,True,contract,1,Contract address match (chain: ethereum),No,"Alamat contract CMC cocok persis dengan listing CoinGecko di chain 'ethereum' -- sinyal terkuat, berarti token yang sama persis on-chain.",Y
30986,Kamino,KMNO,kamino,Kamino,153,True,contract,1,Contract address match (chain: solana),No,"Alamat contract CMC cocok persis dengan listing CoinGecko di chain 'solana' -- sinyal terkuat, berarti token yang sama persis on-chain.",Y
1966,Decentraland,MANA,decentraland,Decentraland,154,True,contract,1,Contract address match (chain: ethereum),No,"Alamat contract CMC cocok persis dengan listing CoinGecko di chain 'ethereum' -- sinyal terkuat, berarti token yang sama persis on-chain.",Y
7326,DeXe,DEXE,dexe,DeXe,155,True,contract,1,Contract address match (chain: ethereum),No,"Alamat contract CMC cocok persis dengan listing CoinGecko di chain 'ethereum' -- sinyal terkuat, berarti token yang sama persis on-chain.",Y
33597,Fartcoin,FARTCOIN,fartcoin,Fartcoin,156,False,contract,1,Contract address match (chain: solana),No,"Alamat contract CMC cocok persis dengan listing CoinGecko di chain 'solana' -- sinyal terkuat, berarti token yang sama persis on-chain.",Y
2394,Telcoin,TEL,telcoin,Telcoin,157,False,contract,1,Contract address match (chain: ethereum),No,"Alamat contract CMC cocok persis dengan listing CoinGecko di chain 'ethereum' -- sinyal terkuat, berarti token yang sama persis on-chain.",Y
8119,SafePal,SFP,safepal,SafePal,158,True,contract,1,Contract address match (chain: binance-smart-chain),No,"Alamat contract CMC cocok persis dengan listing CoinGecko di chain 'binance-smart-chain' -- sinyal terkuat, berarti token yang sama persis on-chain.",Y
36462,Vaulta,A,vaulta,Vaulta,159,True,symbol,1,Unique ticker symbol ('A' cuma 1 listing di CoinGecko),No,Simbol 'A' unik di CoinGecko (tidak ada listing lain yang bentrok).,Y
39332,Zama,ZAMA,zama,Zama,160,True,contract,1,Contract address match (chain: ethereum),No,"Alamat contract CMC cocok persis dengan listing CoinGecko di chain 'ethereum' -- sinyal terkuat, berarti token yang sama persis on-chain.",Y
10180,GoМining,GOMINING,gmt-token,GoMining Token,161,False,contract,0.67,Contract address match (chain: ethereum),No,"Alamat contract CMC cocok persis dengan listing CoinGecko di chain 'ethereum' -- sinyal terkuat, berarti token yang sama persis on-chain.",Y
20969,GEODNET,GEOD,geodnet,Geodnet,162,False,symbol_by_market_cap,1,Ambiguous symbol -> market cap dominance (rasio runner-up tanpa data market cap vs runner-up),Yes,"Simbol 'GEOD' dipakai >1 listing di CoinGecko (kemungkinan wrapped/bridged/tiruan). Dipilih yang market cap-nya dominan (runner-up tanpa data market cap). Ini heuristik, bukan validasi identitas -- mohon dicek manual project-nya benar 'GEODNET'.",N
38353,Meteora,MET,meteora,Meteora,163,True,contract,1,Contract address match (chain: solana),No,"Alamat contract CMC cocok persis dengan listing CoinGecko di chain 'solana' -- sinyal terkuat, berarti token yang sama persis on-chain.",Y
8104,1inch,1INCH,1inch,1INCH,164,True,contract,1,Contract address match (chain: ethereum),No,"Alamat contract CMC cocok persis dengan listing CoinGecko di chain 'ethereum' -- sinyal terkuat, berarti token yang sama persis on-chain.",Y
18876,ApeCoin,APE,apecoin,ApeCoin,165,True,contract,1,Contract address match (chain: ethereum),No,"Alamat contract CMC cocok persis dengan listing CoinGecko di chain 'ethereum' -- sinyal terkuat, berarti token yang sama persis on-chain.",Y
1698,Horizen,ZEN,zencash,Horizen,166,True,symbol_by_market_cap,1,Ambiguous symbol -> market cap dominance (rasio 564.1x vs runner-up),Yes,"Simbol 'ZEN' dipakai >1 listing di CoinGecko (kemungkinan wrapped/bridged/tiruan). Dipilih yang market cap-nya dominan (564.1x). Ini heuristik, bukan validasi identitas -- mohon dicek manual project-nya benar 'Horizen'.",N
4006,AWE,AWE,stp-network,AWE Network,167,True,contract,0.46,Contract address match (chain: base),No,"Alamat contract CMC cocok persis dengan listing CoinGecko di chain 'base' -- sinyal terkuat, berarti token yang sama persis on-chain.",Y
6892,MultiversX,EGLD,elrond-erd-2,MultiversX,168,True,symbol,1,Unique ticker symbol ('EGLD' cuma 1 listing di CoinGecko),No,Simbol 'EGLD' unik di CoinGecko (tidak ada listing lain yang bentrok).,Y
38868,Sentient,SENT,sentient,Sentient,169,True,contract,1,Contract address match (chain: ethereum),No,"Alamat contract CMC cocok persis dengan listing CoinGecko di chain 'ethereum' -- sinyal terkuat, berarti token yang sama persis on-chain.",Y
8646,Mina,MINA,mina-protocol,Mina Protocol,170,True,symbol,0.5,Unique ticker symbol ('MINA' cuma 1 listing di CoinGecko),Yes,"Simbol 'MINA' unik di CoinGecko (tidak ada listing lain yang bentrok). TAPI tidak ada validasi silang lain (bukan contract/sosial), dan nama kurang mirip (similarity=0.50) -- tolong dicek manual apakah proyeknya benar sama.",N
1455,Golem,GLM,golem,Golem,171,True,contract,1,Contract address match (chain: ethereum),No,"Alamat contract CMC cocok persis dengan listing CoinGecko di chain 'ethereum' -- sinyal terkuat, berarti token yang sama persis on-chain.",Y
1697,Basic Attention Token,BAT,basic-attention-token,Basic Attention,172,True,contract,0.85,Contract address match (chain: ethereum),No,"Alamat contract CMC cocok persis dengan listing CoinGecko di chain 'ethereum' -- sinyal terkuat, berarti token yang sama persis on-chain.",Y
39841,Genius Terminal,GENIUS,genius-3,Genius,173,True,contract,0.6,Contract address match (chain: binance-smart-chain),No,"Alamat contract CMC cocok persis dengan listing CoinGecko di chain 'binance-smart-chain' -- sinyal terkuat, berarti token yang sama persis on-chain.",Y
6210,The Sandbox,SAND,the-sandbox,The Sandbox,174,True,contract,1,Contract address match (chain: ethereum),No,"Alamat contract CMC cocok persis dengan listing CoinGecko di chain 'ethereum' -- sinyal terkuat, berarti token yang sama persis on-chain.",Y
36542,SOON,SOON,soon-2,SOON,175,False,contract,1,Contract address match (chain: binance-smart-chain),No,"Alamat contract CMC cocok persis dengan listing CoinGecko di chain 'binance-smart-chain' -- sinyal terkuat, berarti token yang sama persis on-chain.",Y
24091,ZKsync,ZK,zksync,ZKsync,176,True,contract,1,Contract address match (chain: zksync),No,"Alamat contract CMC cocok persis dengan listing CoinGecko di chain 'zksync' -- sinyal terkuat, berarti token yang sama persis on-chain.",Y
28324,dYdX,DYDX,dydx-chain,dYdX,177,True,contract,1,Contract address match (chain: osmosis),No,"Alamat contract CMC cocok persis dengan listing CoinGecko di chain 'osmosis' -- sinyal terkuat, berarti token yang sama persis on-chain.",Y
40944,MarsCoin,MARSCOIN,marscoin-4,MarsCoin,178,True,contract,1,Contract address match (chain: binance-smart-chain),No,"Alamat contract CMC cocok persis dengan listing CoinGecko di chain 'binance-smart-chain' -- sinyal terkuat, berarti token yang sama persis on-chain.",Y
30933,Dog (Bitcoin),DOG,dog-go-to-the-moon-rune,Dog (Bitcoin),179,False,symbol_by_market_cap,1,Ambiguous symbol -> market cap dominance (rasio 18.0x vs runner-up),Yes,"Simbol 'DOG' dipakai >1 listing di CoinGecko (kemungkinan wrapped/bridged/tiruan). Dipilih yang market cap-nya dominan (18.0x). Ini heuristik, bukan validasi identitas -- mohon dicek manual project-nya benar 'Dog (Bitcoin)'.",N
35347,Official Melania Meme,MELANIA,melania-meme,Melania Meme,180,False,contract,0.73,Contract address match (chain: solana),No,"Alamat contract CMC cocok persis dengan listing CoinGecko di chain 'solana' -- sinyal terkuat, berarti token yang sama persis on-chain.",Y
39377,Seeker,SKR,seeker,Seeker,181,False,contract,1,Contract address match (chain: solana),No,"Alamat contract CMC cocok persis dengan listing CoinGecko di chain 'solana' -- sinyal terkuat, berarti token yang sama persis on-chain.",Y
23635,Four,FORM,four,Four,182,True,contract,1,Contract address match (chain: binance-smart-chain),No,"Alamat contract CMC cocok persis dengan listing CoinGecko di chain 'binance-smart-chain' -- sinyal terkuat, berarti token yang sama persis on-chain.",Y
1684,Qtum,QTUM,qtum,Qtum,183,True,symbol,1,Unique ticker symbol ('QTUM' cuma 1 listing di CoinGecko),No,Simbol 'QTUM' unik di CoinGecko (tidak ada listing lain yang bentrok).,Y
33280,Cheems (cheems.pet),CHEEMS,cheems-token,Cheems Token,184,True,contract,0.54,Contract address match (chain: binance-smart-chain),No,"Alamat contract CMC cocok persis dengan listing CoinGecko di chain 'binance-smart-chain' -- sinyal terkuat, berarti token yang sama persis on-chain.",Y
10508,Fluid,FLUID,instadapp,Fluid,185,False,contract,1,Contract address match (chain: ethereum),No,"Alamat contract CMC cocok persis dengan listing CoinGecko di chain 'ethereum' -- sinyal terkuat, berarti token yang sama persis on-chain.",Y
1896,0x Protocol,ZRX,0x,0x Protocol,186,True,contract,1,Contract address match (chain: ethereum),No,"Alamat contract CMC cocok persis dengan listing CoinGecko di chain 'ethereum' -- sinyal terkuat, berarti token yang sama persis on-chain.",Y
32120,Gravity,G,g-token,Gravity (by Galxe),187,True,symbol_by_market_cap,0.67,Ambiguous symbol -> market cap dominance (rasio 18736.6x vs runner-up),Yes,"Simbol 'G' dipakai >1 listing di CoinGecko (kemungkinan wrapped/bridged/tiruan). Dipilih yang market cap-nya dominan (18736.6x). Ini heuristik, bukan validasi identitas -- mohon dicek manual project-nya benar 'Gravity'.",N
30083,Aethir,ATH,aethir,Aethir,188,False,contract,1,Contract address match (chain: ethereum),No,"Alamat contract CMC cocok persis dengan listing CoinGecko di chain 'ethereum' -- sinyal terkuat, berarti token yang sama persis on-chain.",Y
9104,AIOZ Network,AIOZ,aioz-network,AIOZ Network,189,False,symbol,1,Unique ticker symbol ('AIOZ' cuma 1 listing di CoinGecko),No,Simbol 'AIOZ' unik di CoinGecko (tidak ada listing lain yang bentrok).,Y
7548,WEMIX,WEMIX,wemix-token,WEMIX,190,False,symbol,1,Unique ticker symbol ('WEMIX' cuma 1 listing di CoinGecko),No,Simbol 'WEMIX' unik di CoinGecko (tidak ada listing lain yang bentrok).,Y
33391,DeepBook Protocol,DEEP,deep,DeepBook,191,False,contract,0.67,Contract address match (chain: sui),No,"Alamat contract CMC cocok persis dengan listing CoinGecko di chain 'sui' -- sinyal terkuat, berarti token yang sama persis on-chain.",Y
7080,Gala,GALA,gala,GALA,192,True,contract,1,Contract address match (chain: ethereum),No,"Alamat contract CMC cocok persis dengan listing CoinGecko di chain 'ethereum' -- sinyal terkuat, berarti token yang sama persis on-chain.",Y
25028,ORDI,ORDI,ordinals,ORDI,193,True,symbol,1,Unique ticker symbol ('ORDI' cuma 1 listing di CoinGecko),No,Simbol 'ORDI' unik di CoinGecko (tidak ada listing lain yang bentrok).,Y
3964,Reserve Rights,RSR,reserve-rights-token,Reserve Rights,194,True,contract,1,Contract address match (chain: ethereum),No,"Alamat contract CMC cocok persis dengan listing CoinGecko di chain 'ethereum' -- sinyal terkuat, berarti token yang sama persis on-chain.",Y
28298,Beam,BEAM,beam-2,Beam,195,True,contract,1,Contract address match (chain: ethereum),No,"Alamat contract CMC cocok persis dengan listing CoinGecko di chain 'ethereum' -- sinyal terkuat, berarti token yang sama persis on-chain.",Y
32684,Sonic,S,sonic-3,Sonic,196,True,symbol_by_market_cap,1,Ambiguous symbol -> market cap dominance (rasio 1535.8x vs runner-up),Yes,"Simbol 'S' dipakai >1 listing di CoinGecko (kemungkinan wrapped/bridged/tiruan). Dipilih yang market cap-nya dominan (1535.8x). Ini heuristik, bukan validasi identitas -- mohon dicek manual project-nya benar 'Sonic'.",N
35364,Plume,PLUME,plume,Plume,197,True,symbol,1,Unique ticker symbol ('PLUME' cuma 1 listing di CoinGecko),No,Simbol 'PLUME' unik di CoinGecko (tidak ada listing lain yang bentrok).,Y
4120,Prom,PROM,prometeus,Prom,198,True,contract,1,Contract address match (chain: ethereum),No,"Alamat contract CMC cocok persis dengan listing CoinGecko di chain 'ethereum' -- sinyal terkuat, berarti token yang sama persis on-chain.",Y
40092,o1.exchange,O,o1-exchange,o1.exchange,199,False,contract,1,Contract address match (chain: base),No,"Alamat contract CMC cocok persis dengan listing CoinGecko di chain 'base' -- sinyal terkuat, berarti token yang sama persis on-chain.",Y
5665,Helium,HNT,helium,Helium,200,False,symbol,1,Unique ticker symbol ('HNT' cuma 1 listing di CoinGecko),No,Simbol 'HNT' unik di CoinGecko (tidak ada listing lain yang bentrok).,Y
38341,Rain,RAIN,rain,Rain,201,False,contract,1,Contract address match (chain: arbitrum-one),No,"Alamat contract CMC cocok persis dengan listing CoinGecko di chain 'arbitrum-one' -- sinyal terkuat, berarti token yang sama persis on-chain.",Y
12400,Decimal,DEL,delegate-fun,delegate.fun,202,False,symbol,0.33,Unique ticker symbol ('DEL' cuma 1 listing di CoinGecko),Yes,"Simbol 'DEL' unik di CoinGecko (tidak ada listing lain yang bentrok). TAPI tidak ada validasi silang lain (bukan contract/sosial), dan nama kurang mirip (similarity=0.33) -- tolong dicek manual apakah proyeknya benar sama.",N
29256,Ondo US Dollar Yield,USDY,ondo-us-dollar-yield,Ondo US Dollar Yield,203,False,contract,1,Contract address match (chain: ethereum),No,"Alamat contract CMC cocok persis dengan listing CoinGecko di chain 'ethereum' -- sinyal terkuat, berarti token yang sama persis on-chain.",Y
39158,Bitway,BTW,bitway,Bitway,204,False,contract,1,Contract address match (chain: ethereum),No,"Alamat contract CMC cocok persis dengan listing CoinGecko di chain 'ethereum' -- sinyal terkuat, berarti token yang sama persis on-chain.",Y
29160,HTX,HTX,htx-dao,HTX DAO,205,False,contract,0.67,Contract address match (chain: tron),No,"Alamat contract CMC cocok persis dengan listing CoinGecko di chain 'tron' -- sinyal terkuat, berarti token yang sama persis on-chain.",Y
39683,USDGO,USDGO,usdgo,USDGO,206,False,contract,1,Contract address match (chain: solana),No,"Alamat contract CMC cocok persis dengan listing CoinGecko di chain 'solana' -- sinyal terkuat, berarti token yang sama persis on-chain.",Y
35721,Falcon USD,USDf,falcon-finance,Falcon USD,207,False,contract,1,Contract address match (chain: ethereum),No,"Alamat contract CMC cocok persis dengan listing CoinGecko di chain 'ethereum' -- sinyal terkuat, berarti token yang sama persis on-chain.",Y
37745,c8ntinuum,CTM,c8ntinuum,c8ntinuum,208,False,contract,1,Contract address match (chain: ethereum),No,"Alamat contract CMC cocok persis dengan listing CoinGecko di chain 'ethereum' -- sinyal terkuat, berarti token yang sama persis on-chain.",Y
28853,Jupiter Perps LP,JLP,jupiter-perpetuals-liquidity-provider-token,Jupiter Perpetuals Liquidity Provider Token,209,False,contract,0.53,Contract address match (chain: solana),No,"Alamat contract CMC cocok persis dengan listing CoinGecko di chain 'solana' -- sinyal terkuat, berarti token yang sama persis on-chain.",Y
23508,GHO,GHO,gho,GHO,210,False,contract,1,Contract address match (chain: ethereum),No,"Alamat contract CMC cocok persis dengan listing CoinGecko di chain 'ethereum' -- sinyal terkuat, berarti token yang sama persis on-chain.",Y
3987,Beldex,BDX,beldex,Beldex,211,False,symbol_by_market_cap,1,Ambiguous symbol -> market cap dominance (rasio 8273.9x vs runner-up),Yes,"Simbol 'BDX' dipakai >1 listing di CoinGecko (kemungkinan wrapped/bridged/tiruan). Dipilih yang market cap-nya dominan (8273.9x). Ini heuristik, bukan validasi identitas -- mohon dicek manual project-nya benar 'Beldex'.",N
38127,AKEDO,AKE,akedo,Akedo,212,False,contract,1,Contract address match (chain: binance-smart-chain),No,"Alamat contract CMC cocok persis dengan listing CoinGecko di chain 'binance-smart-chain' -- sinyal terkuat, berarti token yang sama persis on-chain.",Y
32307,Usual USD,USD0,usual-usd,Usual USD,213,False,contract,1,Contract address match (chain: ethereum),No,"Alamat contract CMC cocok persis dengan listing CoinGecko di chain 'ethereum' -- sinyal terkuat, berarti token yang sama persis on-chain.",Y
38562,USDai,USDAI,usdai,USDai,214,False,contract,1,Contract address match (chain: arbitrum-one),No,"Alamat contract CMC cocok persis dengan listing CoinGecko di chain 'arbitrum-one' -- sinyal terkuat, berarti token yang sama persis on-chain.",Y
40925,Artificial Inu,AI,artificial-inu-3,Artificial Inu,215,False,symbol_by_market_cap,1,Ambiguous symbol -> market cap dominance (rasio 13.2x vs runner-up),Yes,"Simbol 'AI' dipakai >1 listing di CoinGecko (kemungkinan wrapped/bridged/tiruan). Dipilih yang market cap-nya dominan (13.2x). Ini heuristik, bukan validasi identitas -- mohon dicek manual project-nya benar 'Artificial Inu'.",N
38339,Unibase,UB,unibase,Unibase,216,False,contract,1,Contract address match (chain: ethereum),No,"Alamat contract CMC cocok persis dengan listing CoinGecko di chain 'ethereum' -- sinyal terkuat, berarti token yang sama persis on-chain.",Y
27048,Ape and Pepe,APEPE,ape-and-pepe,Ape and Pepe,217,False,symbol,1,Unique ticker symbol ('APEPE' cuma 1 listing di CoinGecko),No,Simbol 'APEPE' unik di CoinGecko (tidak ada listing lain yang bentrok).,Y
36063,Bedrock,BR,bedrock-token,Bedrock,218,False,contract,1,Contract address match (chain: ethereum),No,"Alamat contract CMC cocok persis dengan listing CoinGecko di chain 'ethereum' -- sinyal terkuat, berarti token yang sama persis on-chain.",Y
32864,AUSD,AUSD,agora-dollar,AUSD,219,False,contract,1,Contract address match (chain: ethereum),No,"Alamat contract CMC cocok persis dengan listing CoinGecko di chain 'ethereum' -- sinyal terkuat, berarti token yang sama persis on-chain.",Y
39671,龙虾 (Lobster),龙虾,lobster-2,龙虾 (Lobster),220,False,contract,1,Contract address match (chain: binance-smart-chain),No,"Alamat contract CMC cocok persis dengan listing CoinGecko di chain 'binance-smart-chain' -- sinyal terkuat, berarti token yang sama persis on-chain.",Y
38948,Solstice USX,USX,usx,USX,221,False,contract,0.43,Contract address match (chain: solana),No,"Alamat contract CMC cocok persis dengan listing CoinGecko di chain 'solana' -- sinyal terkuat, berarti token yang sama persis on-chain.",Y
7184,48 Club Token,KOGE,bnb48-club-token,KOGE,222,False,contract,0.27,Contract address match (chain: binance-smart-chain),Yes,"Alamat contract CMC cocok persis dengan listing CoinGecko di chain 'binance-smart-chain' -- sinyal terkuat, berarti token yang sama persis on-chain. Nama CMC ('48 Club Token') vs CoinGecko ('KOGE') sangat berbeda (similarity=0.27) walau tier-nya biasanya kuat -- janggal, tolong dicek manual (potensi bug mapping chain/simbol).",N
6952,Legacy Frax Dollar,FRAX,frax,Legacy Frax Dollar,223,False,contract,1,Contract address match (chain: ethereum),No,"Alamat contract CMC cocok persis dengan listing CoinGecko di chain 'ethereum' -- sinyal terkuat, berarti token yang sama persis on-chain.",Y
42022,STONK (stonkfun.xyz),STONK,stonk-3,STONK,224,False,contract,0.48,Contract address match (chain: solana),No,"Alamat contract CMC cocok persis dengan listing CoinGecko di chain 'solana' -- sinyal terkuat, berarti token yang sama persis on-chain.",Y
36743,Ribbita by Virtuals,TIBBIR,ribbita-by-virtuals,Ribbita by Virtuals,225,False,contract,1,Contract address match (chain: base),No,"Alamat contract CMC cocok persis dengan listing CoinGecko di chain 'base' -- sinyal terkuat, berarti token yang sama persis on-chain.",Y
32796,EUR CoinVertible,EURCV,societe-generale-forge-eurcv,EUR CoinVertible,226,False,contract,1,Contract address match (chain: ethereum),No,"Alamat contract CMC cocok persis dengan listing CoinGecko di chain 'ethereum' -- sinyal terkuat, berarti token yang sama persis on-chain.",Y
38386,USAT,USAT,usa,USAT,227,False,contract,1,Contract address match (chain: ethereum),No,"Alamat contract CMC cocok persis dengan listing CoinGecko di chain 'ethereum' -- sinyal terkuat, berarti token yang sama persis on-chain.",Y
27960,Non-Playable Coin,NPC,non-playable-coin,Non-Playable Coin,228,False,contract,1,Contract address match (chain: ethereum),No,"Alamat contract CMC cocok persis dengan listing CoinGecko di chain 'ethereum' -- sinyal terkuat, berarti token yang sama persis on-chain.",Y
35014,Derive,DRV,derive,Derive,229,False,contract,1,Contract address match (chain: ethereum),No,"Alamat contract CMC cocok persis dengan listing CoinGecko di chain 'ethereum' -- sinyal terkuat, berarti token yang sama persis on-chain.",Y
34261,WeFi,WFI,wefi,WeFi,230,False,contract,1,Contract address match (chain: binance-smart-chain),No,"Alamat contract CMC cocok persis dengan listing CoinGecko di chain 'binance-smart-chain' -- sinyal terkuat, berarti token yang sama persis on-chain.",Y
2499,SwissBorg,BORG,swissborg,SwissBorg,231,False,contract,1,Contract address match (chain: ethereum),No,"Alamat contract CMC cocok persis dengan listing CoinGecko di chain 'ethereum' -- sinyal terkuat, berarti token yang sama persis on-chain.",Y
39094,AntFun,ANTFUN,antfun,AntFun,232,False,contract,1,Contract address match (chain: solana),No,"Alamat contract CMC cocok persis dengan listing CoinGecko di chain 'solana' -- sinyal terkuat, berarti token yang sama persis on-chain.",Y
29960,Shuffle,SHFL,shuffle-2,Shuffle,233,False,contract,1,Contract address match (chain: ethereum),No,"Alamat contract CMC cocok persis dengan listing CoinGecko di chain 'ethereum' -- sinyal terkuat, berarti token yang sama persis on-chain.",Y
38330,GUSD,GUSD,gusd,GUSD,234,False,symbol_by_social_match,1,Ambiguous symbol -> social-link match (website+twitter),Yes,Simbol ambigu & market cap tidak cukup dominan untuk membedakan; dicocokkan lewat website+twitter CMC vs CoinGecko. Tier paling lemah dari 5 tier -- mohon dicek manual link sosialnya masih benar & aktif.,N
25194,Joseon Mun,JSM,jaseonmun,Joseon-Mun,235,False,contract,1,Contract address match (chain: ethereum),No,"Alamat contract CMC cocok persis dengan listing CoinGecko di chain 'ethereum' -- sinyal terkuat, berarti token yang sama persis on-chain.",Y
39711,Strategy PP Variable tokenized stock (xStock),STRCX,strategy-pp-variable-xstock,Strategy PP Variable xStock,236,False,contract,0.77,Contract address match (chain: ethereum),No,"Alamat contract CMC cocok persis dengan listing CoinGecko di chain 'ethereum' -- sinyal terkuat, berarti token yang sama persis on-chain.",Y
41912,DGrid AI,DGAI,dgrid-ai,DGrid AI,237,False,contract,1,Contract address match (chain: binance-smart-chain),No,"Alamat contract CMC cocok persis dengan listing CoinGecko di chain 'binance-smart-chain' -- sinyal terkuat, berarti token yang sama persis on-chain.",Y
39686,Backpack,BP,backpack,Backpack,238,False,contract,1,Contract address match (chain: solana),No,"Alamat contract CMC cocok persis dengan listing CoinGecko di chain 'solana' -- sinyal terkuat, berarti token yang sama persis on-chain.",Y
30605,Ailey,ALE,project-ailey,Project Ailey,239,False,contract,0.59,Contract address match (chain: binance-smart-chain),No,"Alamat contract CMC cocok persis dengan listing CoinGecko di chain 'binance-smart-chain' -- sinyal terkuat, berarti token yang sama persis on-chain.",Y
15271,Rollbit Coin,RLB,rollbit-coin,Rollbit Coin,240,False,contract,1,Contract address match (chain: ethereum),No,"Alamat contract CMC cocok persis dengan listing CoinGecko di chain 'ethereum' -- sinyal terkuat, berarti token yang sama persis on-chain.",Y
40213,Circle Internet Group Tokenized bStocks,CRCLB,circle-internet-group-bstock,Circle Internet Group (bStocks Tokenized Stock),241,True,contract,0.88,Contract address match (chain: binance-smart-chain),No,"Alamat contract CMC cocok persis dengan listing CoinGecko di chain 'binance-smart-chain' -- sinyal terkuat, berarti token yang sama persis on-chain.",Y
41861,牛来 (Niu Lai),牛来,niu-lai,牛来 (Niu Lai),242,True,contract,1,Contract address match (chain: binance-smart-chain),No,"Alamat contract CMC cocok persis dengan listing CoinGecko di chain 'binance-smart-chain' -- sinyal terkuat, berarti token yang sama persis on-chain.",Y
28656,ViciCoin,VCNT,vicicoin,ViciCoin,243,False,symbol,1,Unique ticker symbol ('VCNT' cuma 1 listing di CoinGecko),No,Simbol 'VCNT' unik di CoinGecko (tidak ada listing lain yang bentrok).,Y
4691,Zano,ZANO,zano,Zano,244,False,symbol,1,Unique ticker symbol ('ZANO' cuma 1 listing di CoinGecko),No,Simbol 'ZANO' unik di CoinGecko (tidak ada listing lain yang bentrok).,Y
38236,Quack AI,Q,quack-ai,Quack AI,245,False,contract,1,Contract address match (chain: ethereum),No,"Alamat contract CMC cocok persis dengan listing CoinGecko di chain 'ethereum' -- sinyal terkuat, berarti token yang sama persis on-chain.",Y
36769,Bulla,BULLA,bulla-3,BULLA,246,False,contract,1,Contract address match (chain: binance-smart-chain),No,"Alamat contract CMC cocok persis dengan listing CoinGecko di chain 'binance-smart-chain' -- sinyal terkuat, berarti token yang sama persis on-chain.",Y
42031,Anonymous Cat,ZCAT,anonymous-cat,Anonymous Cat,247,False,contract,1,Contract address match (chain: solana),No,"Alamat contract CMC cocok persis dengan listing CoinGecko di chain 'solana' -- sinyal terkuat, berarti token yang sama persis on-chain.",Y
38056,Circle Internet Group Tokenized Stock (Ondo),CRCLon,circle-internet-group-ondo-tokenized-stock,Circle Internet Group (Ondo Tokenized Stock),248,False,contract,0.89,Contract address match (chain: ethereum),No,"Alamat contract CMC cocok persis dengan listing CoinGecko di chain 'ethereum' -- sinyal terkuat, berarti token yang sama persis on-chain.",Y
38767,Nockchain,NOCK,nockchain,Nockchain,249,False,contract,1,Contract address match (chain: base),No,"Alamat contract CMC cocok persis dengan listing CoinGecko di chain 'base' -- sinyal terkuat, berarti token yang sama persis on-chain.",Y
36039,Frax USD,FRXUSD,frax-usd,Frax USD,250,False,contract,1,Contract address match (chain: ethereum),No,"Alamat contract CMC cocok persis dengan listing CoinGecko di chain 'ethereum' -- sinyal terkuat, berarti token yang sama persis on-chain.",Y
38841,UnifAI Network,UAI,unifai-network,UnifAI Network,251,False,contract,1,Contract address match (chain: binance-smart-chain),No,"Alamat contract CMC cocok persis dengan listing CoinGecko di chain 'binance-smart-chain' -- sinyal terkuat, berarti token yang sama persis on-chain.",Y
35818,SoSoValue,SOSO,sosovalue,SoSoValue,252,False,contract,1,Contract address match (chain: ethereum),No,"Alamat contract CMC cocok persis dengan listing CoinGecko di chain 'ethereum' -- sinyal terkuat, berarti token yang sama persis on-chain.",Y
38151,YZY MONEY,YZY,yzy,YZY,253,False,contract,0.55,Contract address match (chain: solana),No,"Alamat contract CMC cocok persis dengan listing CoinGecko di chain 'solana' -- sinyal terkuat, berarti token yang sama persis on-chain.",Y
36576,Huma Finance,HUMA,huma-finance,Huma Finance,255,True,contract,1,Contract address match (chain: binance-smart-chain),No,"Alamat contract CMC cocok persis dengan listing CoinGecko di chain 'binance-smart-chain' -- sinyal terkuat, berarti token yang sama persis on-chain.",Y
39870,USD.AI,CHIP,chip-2,USD.AI,256,True,contract,1,Contract address match (chain: arbitrum-one),No,"Alamat contract CMC cocok persis dengan listing CoinGecko di chain 'arbitrum-one' -- sinyal terkuat, berarti token yang sama persis on-chain.",Y
11165,Orca,ORCA,orca,Orca,257,True,contract,1,Contract address match (chain: solana),No,"Alamat contract CMC cocok persis dengan listing CoinGecko di chain 'solana' -- sinyal terkuat, berarti token yang sama persis on-chain.",Y
40531,Cap,CAP,cap-4,Cap,258,False,contract,1,Contract address match (chain: ethereum),No,"Alamat contract CMC cocok persis dengan listing CoinGecko di chain 'ethereum' -- sinyal terkuat, berarti token yang sama persis on-chain.",Y
8290,SuperVerse,SUPER,superfarm,SuperVerse,259,True,contract,1,Contract address match (chain: ethereum),No,"Alamat contract CMC cocok persis dengan listing CoinGecko di chain 'ethereum' -- sinyal terkuat, berarti token yang sama persis on-chain.",Y
36902,lium,SN51,celium,lium,260,False,symbol,1,Unique ticker symbol ('SN51' cuma 1 listing di CoinGecko),No,Simbol 'SN51' unik di CoinGecko (tidak ada listing lain yang bentrok).,Y
3701,Rootstock Infrastructure Framework,RIF,rif-token,Rootstock Infrastructure Framework,261,True,contract,1,Contract address match (chain: ethereum),No,"Alamat contract CMC cocok persis dengan listing CoinGecko di chain 'ethereum' -- sinyal terkuat, berarti token yang sama persis on-chain.",Y
32956,Grass,GRASS,grass,Grass,262,False,contract,1,Contract address match (chain: solana),No,"Alamat contract CMC cocok persis dengan listing CoinGecko di chain 'solana' -- sinyal terkuat, berarti token yang sama persis on-chain.",Y
1785,Gas,GAS,gas,Gas,263,True,symbol_by_market_cap,1,Ambiguous symbol -> market cap dominance (rasio 2059.9x vs runner-up),Yes,"Simbol 'GAS' dipakai >1 listing di CoinGecko (kemungkinan wrapped/bridged/tiruan). Dipilih yang market cap-nya dominan (2059.9x). Ini heuristik, bukan validasi identitas -- mohon dicek manual project-nya benar 'Gas'.",N
5034,Kusama,KSM,kusama,Kusama,264,True,symbol,1,Unique ticker symbol ('KSM' cuma 1 listing di CoinGecko),No,Simbol 'KSM' unik di CoinGecko (tidak ada listing lain yang bentrok).,Y
19269,CoW Protocol,COW,cow-protocol,CoW Protocol,265,True,contract,1,Contract address match (chain: ethereum),No,"Alamat contract CMC cocok persis dengan listing CoinGecko di chain 'ethereum' -- sinyal terkuat, berarti token yang sama persis on-chain.",Y
41878,Catecoin (cate.meme),CATE,catecoin,CateCoin,266,False,symbol_by_market_cap,0.67,Ambiguous symbol -> market cap dominance (rasio 17.6x vs runner-up),Yes,"Simbol 'CATE' dipakai >1 listing di CoinGecko (kemungkinan wrapped/bridged/tiruan). Dipilih yang market cap-nya dominan (17.6x). Ini heuristik, bukan validasi identitas -- mohon dicek manual project-nya benar 'Catecoin (cate.meme)'.",N
38947,Solstice eUSX,EUSX,solstice-eusx,Solstice eUSX,267,False,contract,1,Contract address match (chain: solana),No,"Alamat contract CMC cocok persis dengan listing CoinGecko di chain 'solana' -- sinyal terkuat, berarti token yang sama persis on-chain.",Y
37003,MicroStrategy tokenized stock (xStock),MSTRX,microstrategy-xstock,MicroStrategy xStock,268,False,contract,0.73,Contract address match (chain: solana),No,"Alamat contract CMC cocok persis dengan listing CoinGecko di chain 'solana' -- sinyal terkuat, berarti token yang sama persis on-chain.",Y
11857,GMX,GMX,gmx,GMX,269,True,symbol_by_market_cap,1,Ambiguous symbol -> market cap dominance (rasio runner-up tanpa data market cap vs runner-up),Yes,"Simbol 'GMX' dipakai >1 listing di CoinGecko (kemungkinan wrapped/bridged/tiruan). Dipilih yang market cap-nya dominan (runner-up tanpa data market cap). Ini heuristik, bukan validasi identitas -- mohon dicek manual project-nya benar 'GMX'.",N
5864,Yearn,YFI,yearn-finance,yearn.finance,270,True,contract,0.59,Contract address match (chain: ethereum),No,"Alamat contract CMC cocok persis dengan listing CoinGecko di chain 'ethereum' -- sinyal terkuat, berarti token yang sama persis on-chain.",Y
109,DigiByte,DGB,digibyte,DigiByte,271,True,symbol,1,Unique ticker symbol ('DGB' cuma 1 listing di CoinGecko),No,Simbol 'DGB' unik di CoinGecko (tidak ada listing lain yang bentrok).,Y
20964,Law Blocks (AI),LBT,law-blocks,Law Blocks AI,272,False,contract,1,Contract address match (chain: xdc-network),No,"Alamat contract CMC cocok persis dengan listing CoinGecko di chain 'xdc-network' -- sinyal terkuat, berarti token yang sama persis on-chain.",Y
37005,Circle tokenized stock (xStock),CRCLX,circle-xstock,Circle xStock,273,False,contract,0.63,Contract address match (chain: solana),No,"Alamat contract CMC cocok persis dengan listing CoinGecko di chain 'solana' -- sinyal terkuat, berarti token yang sama persis on-chain.",Y
35763,KAITO,KAITO,kaito,KAITO,274,True,contract,1,Contract address match (chain: base),No,"Alamat contract CMC cocok persis dengan listing CoinGecko di chain 'base' -- sinyal terkuat, berarti token yang sama persis on-chain.",Y
1757,FUNToken,FUN,funfair,FUNToken,275,False,contract,1,Contract address match (chain: ethereum),No,"Alamat contract CMC cocok persis dengan listing CoinGecko di chain 'ethereum' -- sinyal terkuat, berarti token yang sama persis on-chain.",Y
34332,Purr,PURR,purr-2,Purr,276,False,symbol_by_market_cap,1,Ambiguous symbol -> market cap dominance (rasio 2378.5x vs runner-up),Yes,"Simbol 'PURR' dipakai >1 listing di CoinGecko (kemungkinan wrapped/bridged/tiruan). Dipilih yang market cap-nya dominan (2378.5x). Ini heuristik, bukan validasi identitas -- mohon dicek manual project-nya benar 'Purr'.",N
37166,ONEchain,ONE,cross-2,ONEchain,277,False,contract,1,Contract address match (chain: binance-smart-chain),No,"Alamat contract CMC cocok persis dengan listing CoinGecko di chain 'binance-smart-chain' -- sinyal terkuat, berarti token yang sama persis on-chain.",Y
3640,Livepeer,LPT,livepeer,Livepeer,278,True,contract,1,Contract address match (chain: ethereum),No,"Alamat contract CMC cocok persis dengan listing CoinGecko di chain 'ethereum' -- sinyal terkuat, berarti token yang sama persis on-chain.",Y
34958,Tagger,TAG,tagger,TAGGER,279,False,contract,1,Contract address match (chain: binance-smart-chain),No,"Alamat contract CMC cocok persis dengan listing CoinGecko di chain 'binance-smart-chain' -- sinyal terkuat, berarti token yang sama persis on-chain.",Y
38186,Diem,DIEM,diem,Diem,280,False,contract,1,Contract address match (chain: base),No,"Alamat contract CMC cocok persis dengan listing CoinGecko di chain 'base' -- sinyal terkuat, berarti token yang sama persis on-chain.",Y
2586,Synthetix,SNX,havven,Synthetix,281,True,contract,1,Contract address match (chain: ethereum),No,"Alamat contract CMC cocok persis dengan listing CoinGecko di chain 'ethereum' -- sinyal terkuat, berarti token yang sama persis on-chain.",Y
34118,Banana For Scale,BANANAS31,banana-for-scale-2,Banana For Scale,282,True,contract,1,Contract address match (chain: binance-smart-chain),No,"Alamat contract CMC cocok persis dengan listing CoinGecko di chain 'binance-smart-chain' -- sinyal terkuat, berarti token yang sama persis on-chain.",Y
21585,Safe,SAFE,safe,Safe,283,False,contract,1,Contract address match (chain: ethereum),No,"Alamat contract CMC cocok persis dengan listing CoinGecko di chain 'ethereum' -- sinyal terkuat, berarti token yang sama persis on-chain.",Y
7127,Velo,VELO,velo,Velo,284,False,contract,1,Contract address match (chain: binance-smart-chain),No,"Alamat contract CMC cocok persis dengan listing CoinGecko di chain 'binance-smart-chain' -- sinyal terkuat, berarti token yang sama persis on-chain.",Y
33983,SuperTrust,SUT,super-useless-token,Super Useless Token,285,False,symbol_by_market_cap,0.59,Ambiguous symbol -> market cap dominance (rasio runner-up tanpa data market cap vs runner-up),Yes,"Simbol 'SUT' dipakai >1 listing di CoinGecko (kemungkinan wrapped/bridged/tiruan). Dipilih yang market cap-nya dominan (runner-up tanpa data market cap). Ini heuristik, bukan validasi identitas -- mohon dicek manual project-nya benar 'SuperTrust'.",N
5350,XPR Network,XPR,proton,XPR Network,286,False,symbol,1,Unique ticker symbol ('XPR' cuma 1 listing di CoinGecko),No,Simbol 'XPR' unik di CoinGecko (tidak ada listing lain yang bentrok).,Y
36119,Walrus,WAL,walrus-2,Walrus,287,True,contract,1,Contract address match (chain: sui),No,"Alamat contract CMC cocok persis dengan listing CoinGecko di chain 'sui' -- sinyal terkuat, berarti token yang sama persis on-chain.",Y
38942,USDsui,USDsui,usdsui,USDsui,288,False,contract,1,Contract address match (chain: sui),No,"Alamat contract CMC cocok persis dengan listing CoinGecko di chain 'sui' -- sinyal terkuat, berarti token yang sama persis on-chain.",Y
38273,U.S. Dollar Tokenized Currency (Ondo),USDon,ondo-u-s-dollar-token,Ondo U.S. Dollar Token,289,False,contract,0.57,Contract address match (chain: ethereum),No,"Alamat contract CMC cocok persis dengan listing CoinGecko di chain 'ethereum' -- sinyal terkuat, berarti token yang sama persis on-chain.",Y
21330,lisUSD,lisUSD,helio-protocol-hay,Lista USD,290,False,contract,0.86,Contract address match (chain: binance-smart-chain),No,"Alamat contract CMC cocok persis dengan listing CoinGecko di chain 'binance-smart-chain' -- sinyal terkuat, berarti token yang sama persis on-chain.",Y
3822,Theta Fuel,TFUEL,theta-fuel,Theta Fuel,291,True,symbol,1,Unique ticker symbol ('TFUEL' cuma 1 listing di CoinGecko),No,Simbol 'TFUEL' unik di CoinGecko (tidak ada listing lain yang bentrok).,Y
14588,peaq,PEAQ,peaq-2,peaq,292,False,symbol,1,Unique ticker symbol ('PEAQ' cuma 1 listing di CoinGecko),No,Simbol 'PEAQ' unik di CoinGecko (tidak ada listing lain yang bentrok).,Y
40643,"SpaceX 
Pre-IPO stock (Republic)",preSPCX,spacex-republic-pre-ipo,SpaceX (Republic Pre-IPO),293,False,contract,0.62,Contract address match (chain: solana),No,"Alamat contract CMC cocok persis dengan listing CoinGecko di chain 'solana' -- sinyal terkuat, berarti token yang sama persis on-chain.",Y
4846,Kava,KAVA,kava,Kava,294,True,symbol,1,Unique ticker symbol ('KAVA' cuma 1 listing di CoinGecko),No,Simbol 'KAVA' unik di CoinGecko (tidak ada listing lain yang bentrok).,Y
21707,RedStone,RED,redstone-oracles,RedStone,295,True,contract,1,Contract address match (chain: ethereum),No,"Alamat contract CMC cocok persis dengan listing CoinGecko di chain 'ethereum' -- sinyal terkuat, berarti token yang sama persis on-chain.",Y
37614,PumpMeme,PM,pumpmeme,PumpMeme,296,False,contract,1,Contract address match (chain: binance-smart-chain),No,"Alamat contract CMC cocok persis dengan listing CoinGecko di chain 'binance-smart-chain' -- sinyal terkuat, berarti token yang sama persis on-chain.",Y
3012,VeThor Token,VTHO,vethor-token,VeThor,297,True,symbol,0.71,Unique ticker symbol ('VTHO' cuma 1 listing di CoinGecko),No,Simbol 'VTHO' unik di CoinGecko (tidak ada listing lain yang bentrok).,Y
40224,Re,RE,re,RE,298,True,contract,1,Contract address match (chain: ethereum),No,"Alamat contract CMC cocok persis dengan listing CoinGecko di chain 'ethereum' -- sinyal terkuat, berarti token yang sama persis on-chain.",Y
39070,Kinetiq,KNTQ,kinetiq,Kinetiq,299,False,symbol,1,Unique ticker symbol ('KNTQ' cuma 1 listing di CoinGecko),No,Simbol 'KNTQ' unik di CoinGecko (tidak ada listing lain yang bentrok).,Y
40588,The Black Bull,ANSEM,the-black-bull,The Black Bull,300,False,contract,1,Contract address match (chain: solana),No,"Alamat contract CMC cocok persis dengan listing CoinGecko di chain 'solana' -- sinyal terkuat, berarti token yang sama persis on-chain.",Y
37004,Tesla tokenized stock (xStock),TSLAX,tesla-xstock,Tesla xStock,302,False,contract,0.61,Contract address match (chain: solana),No,"Alamat contract CMC cocok persis dengan listing CoinGecko di chain 'solana' -- sinyal terkuat, berarti token yang sama persis on-chain.",Y
38283,Collector Crypt,CARDS,collector-crypt,Collector Crypt,303,False,contract,1,Contract address match (chain: solana),No,"Alamat contract CMC cocok persis dengan listing CoinGecko di chain 'solana' -- sinyal terkuat, berarti token yang sama persis on-chain.",Y
6758,SushiSwap,SUSHI,sushi,Sushi,304,True,contract,0.71,Contract address match (chain: ethereum),No,"Alamat contract CMC cocok persis dengan listing CoinGecko di chain 'ethereum' -- sinyal terkuat, berarti token yang sama persis on-chain.",Y
34926,AI Rig Complex,ARC,ai-rig-complex,AI Rig Complex,305,False,contract,1,Contract address match (chain: solana),No,"Alamat contract CMC cocok persis dengan listing CoinGecko di chain 'solana' -- sinyal terkuat, berarti token yang sama persis on-chain.",Y
38051,iShares Core S&P 500 Tokenized ETF (Ondo),IVVon,ishares-core-s-p-500-etf-ondo-tokenized-etf,iShares Core S&P 500 ETF (Ondo Tokenized ETF),306,False,contract,0.84,Contract address match (chain: ethereum),No,"Alamat contract CMC cocok persis dengan listing CoinGecko di chain 'ethereum' -- sinyal terkuat, berarti token yang sama persis on-chain.",Y
4195,FTX Token,FTT,ftx-token,FTX,307,True,symbol,0.55,Unique ticker symbol ('FTT' cuma 1 listing di CoinGecko),Yes,"Simbol 'FTT' unik di CoinGecko (tidak ada listing lain yang bentrok). TAPI tidak ada validasi silang lain (bukan contract/sosial), dan nama kurang mirip (similarity=0.55) -- tolong dicek manual apakah proyeknya benar sama.",N
10407,Baby Doge Coin,BabyDoge,baby-doge-coin,Baby Doge Coin,308,True,contract,1,Contract address match (chain: ethereum),No,"Alamat contract CMC cocok persis dengan listing CoinGecko di chain 'ethereum' -- sinyal terkuat, berarti token yang sama persis on-chain.",Y
6748,Centrifuge,CFG,centrifuge-2,Centrifuge,309,True,symbol_by_market_cap,1,Ambiguous symbol -> market cap dominance (rasio runner-up tanpa data market cap vs runner-up),Yes,"Simbol 'CFG' dipakai >1 listing di CoinGecko (kemungkinan wrapped/bridged/tiruan). Dipilih yang market cap-nya dominan (runner-up tanpa data market cap). Ini heuristik, bukan validasi identitas -- mohon dicek manual project-nya benar 'Centrifuge'.",N
1732,Numeraire,NMR,numeraire,Numeraire,310,True,contract,1,Contract address match (chain: ethereum),No,"Alamat contract CMC cocok persis dengan listing CoinGecko di chain 'ethereum' -- sinyal terkuat, berarti token yang sama persis on-chain.",Y
36044,NEXPACE,NXPC,bridged-nxpc,Bridged NXPC,311,True,contract,0.44,Contract address match (chain: avalanche),No,"Alamat contract CMC cocok persis dengan listing CoinGecko di chain 'avalanche' -- sinyal terkuat, berarti token yang sama persis on-chain.",Y
2682,Holo,HOT,holotoken,Holo,312,True,contract,1,Contract address match (chain: ethereum),No,"Alamat contract CMC cocok persis dengan listing CoinGecko di chain 'ethereum' -- sinyal terkuat, berarti token yang sama persis on-chain.",Y
29587,Wormhole,W,wormhole,Wormhole,313,True,contract,1,Contract address match (chain: ethereum),No,"Alamat contract CMC cocok persis dengan listing CoinGecko di chain 'ethereum' -- sinyal terkuat, berarti token yang sama persis on-chain.",Y
40217,SpaceX Tokenized bStocks,SPCXB,spacex-bstocks-tokenized-stock,SpaceX (bStocks Tokenized Stock),314,True,contract,0.82,Contract address match (chain: binance-smart-chain),No,"Alamat contract CMC cocok persis dengan listing CoinGecko di chain 'binance-smart-chain' -- sinyal terkuat, berarti token yang sama persis on-chain.",Y
24911,Turbo,TURBO,turbo,Turbo,315,True,contract,1,Contract address match (chain: ethereum),No,"Alamat contract CMC cocok persis dengan listing CoinGecko di chain 'ethereum' -- sinyal terkuat, berarti token yang sama persis on-chain.",Y
35626,Data Network,DATA,story-2,Data Network,316,False,symbol_by_market_cap,1,Ambiguous symbol -> market cap dominance (rasio 175.2x vs runner-up),Yes,"Simbol 'DATA' dipakai >1 listing di CoinGecko (kemungkinan wrapped/bridged/tiruan). Dipilih yang market cap-nya dominan (175.2x). Ini heuristik, bukan validasi identitas -- mohon dicek manual project-nya benar 'Data Network'.",N
33881,Comedian,BAN,comedian,Comedian,317,False,contract,1,Contract address match (chain: solana),No,"Alamat contract CMC cocok persis dengan listing CoinGecko di chain 'solana' -- sinyal terkuat, berarti token yang sama persis on-chain.",Y
34812,Bio Protocol,BIO,bio-protocol,Bio Protocol,318,True,contract,1,Contract address match (chain: ethereum),No,"Alamat contract CMC cocok persis dengan listing CoinGecko di chain 'ethereum' -- sinyal terkuat, berarti token yang sama persis on-chain.",Y
9260,ZIGChain,ZIG,zignaly,ZIGChain,319,False,contract,1,Contract address match (chain: ethereum),No,"Alamat contract CMC cocok persis dengan listing CoinGecko di chain 'ethereum' -- sinyal terkuat, berarti token yang sama persis on-chain.",Y
36302,MindWaveDAO,NILA,mindwavedao,MindWaveDAO,320,False,contract,1,Contract address match (chain: binance-smart-chain),No,"Alamat contract CMC cocok persis dengan listing CoinGecko di chain 'binance-smart-chain' -- sinyal terkuat, berarti token yang sama persis on-chain.",Y
24647,Berachain,BERA,berachain-bera,Berachain,321,True,symbol,1,Unique ticker symbol ('BERA' cuma 1 listing di CoinGecko),No,Simbol 'BERA' unik di CoinGecko (tidak ada listing lain yang bentrok).,Y
29870,BOOK OF MEME,BOME,book-of-meme,BOOK OF MEME,322,True,contract,1,Contract address match (chain: solana),No,"Alamat contract CMC cocok persis dengan listing CoinGecko di chain 'solana' -- sinyal terkuat, berarti token yang sama persis on-chain.",Y
35268,GoPlus Security,GPS,goplus-security,GoPlus Security,323,True,contract,1,Contract address match (chain: binance-smart-chain),No,"Alamat contract CMC cocok persis dengan listing CoinGecko di chain 'binance-smart-chain' -- sinyal terkuat, berarti token yang sama persis on-chain.",Y
3992,COTI,COTI,coti,COTI,324,True,symbol,1,Unique ticker symbol ('COTI' cuma 1 listing di CoinGecko),No,Simbol 'COTI' unik di CoinGecko (tidak ada listing lain yang bentrok).,Y
37006,SP500 tokenized ETF (xStock),SPYX,sp500-xstock,SP500 xStock,325,False,contract,0.65,Contract address match (chain: solana),No,"Alamat contract CMC cocok persis dengan listing CoinGecko di chain 'solana' -- sinyal terkuat, berarti token yang sama persis on-chain.",Y
39965,Nexus,NEX,nexus-4,Nexus,326,False,contract,1,Contract address match (chain: ethereum),No,"Alamat contract CMC cocok persis dengan listing CoinGecko di chain 'ethereum' -- sinyal terkuat, berarti token yang sama persis on-chain.",Y
36569,Spark,SPK,spark-2,Spark,327,True,contract,1,Contract address match (chain: ethereum),No,"Alamat contract CMC cocok persis dengan listing CoinGecko di chain 'ethereum' -- sinyal terkuat, berarti token yang sama persis on-chain.",Y
39549,Fidelity Digital Dollar,FIDD,fidelity-digital-dollar,Fidelity Digital Dollar,328,False,contract,1,Contract address match (chain: ethereum),No,"Alamat contract CMC cocok persis dengan listing CoinGecko di chain 'ethereum' -- sinyal terkuat, berarti token yang sama persis on-chain.",Y
36912,Targon,SN4,targon,Targon,329,False,symbol,1,Unique ticker symbol ('SN4' cuma 1 listing di CoinGecko),No,Simbol 'SN4' unik di CoinGecko (tidak ada listing lain yang bentrok).,Y
2469,Zilliqa,ZIL,zilliqa,Zilliqa,330,True,symbol,1,Unique ticker symbol ('ZIL' cuma 1 listing di CoinGecko),No,Simbol 'ZIL' unik di CoinGecko (tidak ada listing lain yang bentrok).,Y
3871,AB,AB,newton-project,AB,331,False,contract,1,Contract address match (chain: binance-smart-chain),No,"Alamat contract CMC cocok persis dengan listing CoinGecko di chain 'binance-smart-chain' -- sinyal terkuat, berarti token yang sama persis on-chain.",Y
7959,Venus BUSD,vBUSD,venus-busd,Venus BUSD,332,False,contract,1,Contract address match (chain: binance-smart-chain),No,"Alamat contract CMC cocok persis dengan listing CoinGecko di chain 'binance-smart-chain' -- sinyal terkuat, berarti token yang sama persis on-chain.",Y
27657,Linea,LINEA,linea,Linea,333,True,contract,1,Contract address match (chain: linea),No,"Alamat contract CMC cocok persis dengan listing CoinGecko di chain 'linea' -- sinyal terkuat, berarti token yang sama persis on-chain.",Y
3661,Stronghold SHx,SHX,stronghold-token,Stronghold,334,False,contract,0.87,Contract address match (chain: ethereum),No,"Alamat contract CMC cocok persis dengan listing CoinGecko di chain 'ethereum' -- sinyal terkuat, berarti token yang sama persis on-chain.",Y
21259,ZetaChain,ZETA,zetachain,ZetaChain,335,False,contract,1,Contract address match (chain: ethereum),No,"Alamat contract CMC cocok persis dengan listing CoinGecko di chain 'ethereum' -- sinyal terkuat, berarti token yang sama persis on-chain.",Y
42038,Boner Coin,BONER,boner-coin,Boner Coin,336,False,symbol_by_market_cap,1,Ambiguous symbol -> market cap dominance (rasio 10900.0x vs runner-up),Yes,"Simbol 'BONER' dipakai >1 listing di CoinGecko (kemungkinan wrapped/bridged/tiruan). Dipilih yang market cap-nya dominan (10900.0x). Ini heuristik, bukan validasi identitas -- mohon dicek manual project-nya benar 'Boner Coin'.",N
7653,Oasis,ROSE,oasis-network,Oasis,337,True,contract,1,Contract address match (chain: binance-smart-chain),No,"Alamat contract CMC cocok persis dengan listing CoinGecko di chain 'binance-smart-chain' -- sinyal terkuat, berarti token yang sama persis on-chain.",Y
38489,ChainOpera AI,COAI,chainopera-ai,ChainOpera AI,338,False,contract,1,Contract address match (chain: binance-smart-chain),No,"Alamat contract CMC cocok persis dengan listing CoinGecko di chain 'binance-smart-chain' -- sinyal terkuat, berarti token yang sama persis on-chain.",Y
37387,BAS,BAS,bas,BNB Attestation Service,339,False,contract,0.25,Contract address match (chain: binance-smart-chain),Yes,"Alamat contract CMC cocok persis dengan listing CoinGecko di chain 'binance-smart-chain' -- sinyal terkuat, berarti token yang sama persis on-chain. Nama CMC ('BAS') vs CoinGecko ('BNB Attestation Service') sangat berbeda (similarity=0.25) walau tier-nya biasanya kuat -- janggal, tolong dicek manual (potensi bug mapping chain/simbol).",N
12885,Astar,ASTR,astar,Astar,340,True,symbol_by_market_cap,1,Ambiguous symbol -> market cap dominance (rasio runner-up tanpa data market cap vs runner-up),Yes,"Simbol 'ASTR' dipakai >1 listing di CoinGecko (kemungkinan wrapped/bridged/tiruan). Dipilih yang market cap-nya dominan (runner-up tanpa data market cap). Ini heuristik, bukan validasi identitas -- mohon dicek manual project-nya benar 'Astar'.",N
35537,Jelly-My-Jelly,JELLYJELLY,jelly-my-jelly,Jelly-My-Jelly,341,False,contract,1,Contract address match (chain: solana),No,"Alamat contract CMC cocok persis dengan listing CoinGecko di chain 'solana' -- sinyal terkuat, berarti token yang sama persis on-chain.",Y
4948,Nervos Network,CKB,nervos-network,Nervos Network,342,True,symbol,1,Unique ticker symbol ('CKB' cuma 1 listing di CoinGecko),No,Simbol 'CKB' unik di CoinGecko (tidak ada listing lain yang bentrok).,Y
19075,ECOMI,OMI,ecomi,ECOMI,343,False,contract,1,Contract address match (chain: ethereum),No,"Alamat contract CMC cocok persis dengan listing CoinGecko di chain 'ethereum' -- sinyal terkuat, berarti token yang sama persis on-chain.",Y
40593,Invesco QQQ Trust Tokenized bStocks,QQQB,invesco-qqq-trust-bstocks-tokenized-stock,Invesco QQQ Trust (bStocks Tokenized Stock),344,True,contract,0.87,Contract address match (chain: binance-smart-chain),No,"Alamat contract CMC cocok persis dengan listing CoinGecko di chain 'binance-smart-chain' -- sinyal terkuat, berarti token yang sama persis on-chain.",Y
39177,TronBank,TBK,tronbank,TronBank,345,False,contract,1,Contract address match (chain: tron),No,"Alamat contract CMC cocok persis dengan listing CoinGecko di chain 'tron' -- sinyal terkuat, berarti token yang sama persis on-chain.",Y
5198,Creditcoin,CTC,creditcoin-2,Creditcoin,346,False,symbol,1,Unique ticker symbol ('CTC' cuma 1 listing di CoinGecko),No,Simbol 'CTC' unik di CoinGecko (tidak ada listing lain yang bentrok).,Y
3951,Pirate Chain,ARRR,pirate-chain,Pirate Chain,347,False,symbol,1,Unique ticker symbol ('ARRR' cuma 1 listing di CoinGecko),No,Simbol 'ARRR' unik di CoinGecko (tidak ada listing lain yang bentrok).,Y
6958,Alchemy Pay,ACH,alchemy-pay,Alchemy Pay,348,True,contract,1,Contract address match (chain: ethereum),No,"Alamat contract CMC cocok persis dengan listing CoinGecko di chain 'ethereum' -- sinyal terkuat, berarti token yang sama persis on-chain.",Y
17799,Axelar,AXL,axelar,Axelar,349,True,contract,1,Contract address match (chain: ethereum),No,"Alamat contract CMC cocok persis dengan listing CoinGecko di chain 'ethereum' -- sinyal terkuat, berarti token yang sama persis on-chain.",Y
29835,io.net,IO,io,io.net,350,True,contract,1,Contract address match (chain: solana),No,"Alamat contract CMC cocok persis dengan listing CoinGecko di chain 'solana' -- sinyal terkuat, berarti token yang sama persis on-chain.",Y
36762,StandX DUSD,DUSD,standx-dusd,StandX DUSD,351,False,contract,1,Contract address match (chain: binance-smart-chain),No,"Alamat contract CMC cocok persis dengan listing CoinGecko di chain 'binance-smart-chain' -- sinyal terkuat, berarti token yang sama persis on-chain.",Y
40536,Strategy Tokenized bStocks,MSTRB,strategy-tokenized-bstocks,Strategy (bStocks Tokenized Stock),352,True,contract,0.83,Contract address match (chain: binance-smart-chain),No,"Alamat contract CMC cocok persis dengan listing CoinGecko di chain 'binance-smart-chain' -- sinyal terkuat, berarti token yang sama persis on-chain.",Y
36195,Alaya Governance Token,AGT,alaya-ai,Alaya AI,353,False,contract,0.44,Contract address match (chain: binance-smart-chain),No,"Alamat contract CMC cocok persis dengan listing CoinGecko di chain 'binance-smart-chain' -- sinyal terkuat, berarti token yang sama persis on-chain.",Y
36066,Keeta,KTA,keeta,Keeta,354,False,symbol,1,Unique ticker symbol ('KTA' cuma 1 listing di CoinGecko),No,Simbol 'KTA' unik di CoinGecko (tidak ada listing lain yang bentrok).,Y
2130,Enjin Coin,ENJ,enjincoin,Enjin Coin,355,True,symbol,1,Unique ticker symbol ('ENJ' cuma 1 listing di CoinGecko),No,Simbol 'ENJ' unik di CoinGecko (tidak ada listing lain yang bentrok).,Y
28688,AI Analysis Token,AIAT,ai-analysis-token,AI Analysis Token,356,False,contract,1,Contract address match (chain: ethereum),No,"Alamat contract CMC cocok persis dengan listing CoinGecko di chain 'ethereum' -- sinyal terkuat, berarti token yang sama persis on-chain.",Y
32198,Babylon,BABY,babylon,Babylon,357,True,symbol_by_market_cap,1,Ambiguous symbol -> market cap dominance (rasio 118.7x vs runner-up),Yes,"Simbol 'BABY' dipakai >1 listing di CoinGecko (kemungkinan wrapped/bridged/tiruan). Dipilih yang market cap-nya dominan (118.7x). Ini heuristik, bukan validasi identitas -- mohon dicek manual project-nya benar 'Babylon'.",N
29169,Qubic,QUBIC,qubic-network,Qubic,358,False,symbol,1,Unique ticker symbol ('QUBIC' cuma 1 listing di CoinGecko),No,Simbol 'QUBIC' unik di CoinGecko (tidak ada listing lain yang bentrok).,Y
37637,Somnia,SOMI,somnia,Somnia,359,True,symbol,1,Unique ticker symbol ('SOMI' cuma 1 listing di CoinGecko),No,Simbol 'SOMI' unik di CoinGecko (tidak ada listing lain yang bentrok).,Y
1042,Siacoin,SC,siacoin,Siacoin,360,True,symbol_by_market_cap,1,Ambiguous symbol -> market cap dominance (rasio 35.8x vs runner-up),Yes,"Simbol 'SC' dipakai >1 listing di CoinGecko (kemungkinan wrapped/bridged/tiruan). Dipilih yang market cap-nya dominan (35.8x). Ini heuristik, bukan validasi identitas -- mohon dicek manual project-nya benar 'Siacoin'.",N
17751,Threshold,T,threshold-network-token,Threshold Network,361,True,contract,0.72,Contract address match (chain: ethereum),No,"Alamat contract CMC cocok persis dengan listing CoinGecko di chain 'ethereum' -- sinyal terkuat, berarti token yang sama persis on-chain.",Y
2566,Ontology,ONT,ontology,Ontology,362,True,symbol_by_market_cap,1,Ambiguous symbol -> market cap dominance (rasio 56.3x vs runner-up),Yes,"Simbol 'ONT' dipakai >1 listing di CoinGecko (kemungkinan wrapped/bridged/tiruan). Dipilih yang market cap-nya dominan (56.3x). Ini heuristik, bukan validasi identitas -- mohon dicek manual project-nya benar 'Ontology'.",N
23121,Blur,BLUR,blur,Blur,363,True,contract,1,Contract address match (chain: ethereum),No,"Alamat contract CMC cocok persis dengan listing CoinGecko di chain 'ethereum' -- sinyal terkuat, berarti token yang sama persis on-chain.",Y
20362,Polymesh,POLYX,polymesh,Polymesh,364,True,symbol,1,Unique ticker symbol ('POLYX' cuma 1 listing di CoinGecko),No,Simbol 'POLYX' unik di CoinGecko (tidak ada listing lain yang bentrok).,Y
7288,Venus,XVS,venus,Venus,365,True,contract,1,Contract address match (chain: ethereum),No,"Alamat contract CMC cocok persis dengan listing CoinGecko di chain 'ethereum' -- sinyal terkuat, berarti token yang sama persis on-chain.",Y
36300,SKYAI,SKYAI,skyai,SkyAI,366,False,contract,1,Contract address match (chain: binance-smart-chain),No,"Alamat contract CMC cocok persis dengan listing CoinGecko di chain 'binance-smart-chain' -- sinyal terkuat, berarti token yang sama persis on-chain.",Y
33788,Peanut the Squirrel,PNUT,peanut-the-squirrel,Peanut the Squirrel,367,True,contract,1,Contract address match (chain: solana),No,"Alamat contract CMC cocok persis dengan listing CoinGecko di chain 'solana' -- sinyal terkuat, berarti token yang sama persis on-chain.",Y
4944,Tellor,TRB,tellor,Tellor Tributes,368,True,contract,0.6,Contract address match (chain: ethereum),No,"Alamat contract CMC cocok persis dengan listing CoinGecko di chain 'ethereum' -- sinyal terkuat, berarti token yang sama persis on-chain.",Y
2299,aelf,ELF,aelf,aelf,369,False,symbol_by_market_cap,1,Ambiguous symbol -> market cap dominance (rasio 1399.9x vs runner-up),Yes,"Simbol 'ELF' dipakai >1 listing di CoinGecko (kemungkinan wrapped/bridged/tiruan). Dipilih yang market cap-nya dominan (1399.9x). Ini heuristik, bukan validasi identitas -- mohon dicek manual project-nya benar 'aelf'.",N
693,Verge,XVG,verge,Verge,370,True,symbol_by_market_cap,1,Ambiguous symbol -> market cap dominance (rasio runner-up tanpa data market cap vs runner-up),Yes,"Simbol 'XVG' dipakai >1 listing di CoinGecko (kemungkinan wrapped/bridged/tiruan). Dipilih yang market cap-nya dominan (runner-up tanpa data market cap). Ini heuristik, bukan validasi identitas -- mohon dicek manual project-nya benar 'Verge'.",N
38967,RaveDAO,RAVE,ravedao,RaveDAO,371,False,contract,1,Contract address match (chain: ethereum),No,"Alamat contract CMC cocok persis dengan listing CoinGecko di chain 'ethereum' -- sinyal terkuat, berarti token yang sama persis on-chain.",Y
4558,Flow,FLOW,flow,Flow,372,True,symbol_by_market_cap,1,Ambiguous symbol -> market cap dominance (rasio 242.1x vs runner-up),Yes,"Simbol 'FLOW' dipakai >1 listing di CoinGecko (kemungkinan wrapped/bridged/tiruan). Dipilih yang market cap-nya dominan (242.1x). Ini heuristik, bukan validasi identitas -- mohon dicek manual project-nya benar 'Flow'.",N
21846,SPACE ID,ID,space-id,SPACE ID,373,True,contract,1,Contract address match (chain: ethereum),No,"Alamat contract CMC cocok persis dengan listing CoinGecko di chain 'ethereum' -- sinyal terkuat, berarti token yang sama persis on-chain.",Y
29743,Brett (Based),BRETT,based-brett,Brett,374,False,contract,0.67,Contract address match (chain: binance-smart-chain),No,"Alamat contract CMC cocok persis dengan listing CoinGecko di chain 'binance-smart-chain' -- sinyal terkuat, berarti token yang sama persis on-chain.",Y
5567,Celo,CELO,celo,Celo,375,True,symbol,1,Unique ticker symbol ('CELO' cuma 1 listing di CoinGecko),No,Simbol 'CELO' unik di CoinGecko (tidak ada listing lain yang bentrok).,Y
24877,BIM,BIM,bim-2,BIM,376,False,contract,1,Contract address match (chain: base),No,"Alamat contract CMC cocok persis dengan listing CoinGecko di chain 'base' -- sinyal terkuat, berarti token yang sama persis on-chain.",Y
29073,Altlayer,ALT,altlayer,AltLayer,377,True,contract,1,Contract address match (chain: ethereum),No,"Alamat contract CMC cocok persis dengan listing CoinGecko di chain 'ethereum' -- sinyal terkuat, berarti token yang sama persis on-chain.",Y
36313,TROLL (SOL),TROLL,troll-2,TROLL,378,False,contract,0.77,Contract address match (chain: solana),No,"Alamat contract CMC cocok persis dengan listing CoinGecko di chain 'solana' -- sinyal terkuat, berarti token yang sama persis on-chain.",Y
34212,Matrixdock Gold,XAUM,matrixdock-gold,Matrixdock Gold,379,False,contract,1,Contract address match (chain: ethereum),No,"Alamat contract CMC cocok persis dengan listing CoinGecko di chain 'ethereum' -- sinyal terkuat, berarti token yang sama persis on-chain.",Y
3783,Ankr,ANKR,ankr,Ankr Network,380,True,contract,0.53,Contract address match (chain: ethereum),No,"Alamat contract CMC cocok persis dengan listing CoinGecko di chain 'ethereum' -- sinyal terkuat, berarti token yang sama persis on-chain.",Y
38309,Holoworld AI,HOLO,holoworld,Holoworld,381,True,contract,0.9,Contract address match (chain: binance-smart-chain),No,"Alamat contract CMC cocok persis dengan listing CoinGecko di chain 'binance-smart-chain' -- sinyal terkuat, berarti token yang sama persis on-chain.",Y
12999,ssv.network,SSV,ssv-network,SSV Network,382,True,contract,1,Contract address match (chain: ethereum),No,"Alamat contract CMC cocok persis dengan listing CoinGecko di chain 'ethereum' -- sinyal terkuat, berarti token yang sama persis on-chain.",Y
27750,Toshi,TOSHI,toshi,Toshi,383,False,contract,1,Contract address match (chain: binance-smart-chain),No,"Alamat contract CMC cocok persis dengan listing CoinGecko di chain 'binance-smart-chain' -- sinyal terkuat, berarti token yang sama persis on-chain.",Y
41911,Teller,DEBIT,teller,Teller,384,False,contract,1,Contract address match (chain: binance-smart-chain),No,"Alamat contract CMC cocok persis dengan listing CoinGecko di chain 'binance-smart-chain' -- sinyal terkuat, berarti token yang sama persis on-chain.",Y
38838,SentismAI,SENTIS,sentismai,SentismAI,385,False,contract,1,Contract address match (chain: binance-smart-chain),No,"Alamat contract CMC cocok persis dengan listing CoinGecko di chain 'binance-smart-chain' -- sinyal terkuat, berarti token yang sama persis on-chain.",Y
2765,XYO,XYO,xyo-network,XYO Network,386,False,contract,0.46,Contract address match (chain: ethereum),No,"Alamat contract CMC cocok persis dengan listing CoinGecko di chain 'ethereum' -- sinyal terkuat, berarti token yang sama persis on-chain.",Y
28850,Notcoin,NOT,notcoin,Notcoin,387,True,symbol_by_market_cap,1,Ambiguous symbol -> market cap dominance (rasio 823.2x vs runner-up),Yes,"Simbol 'NOT' dipakai >1 listing di CoinGecko (kemungkinan wrapped/bridged/tiruan). Dipilih yang market cap-nya dominan (823.2x). Ini heuristik, bukan validasi identitas -- mohon dicek manual project-nya benar 'Notcoin'.",N
35954,Loaded Lions,LION,loaded-lions,Loaded Lions,388,False,contract,1,Contract address match (chain: solana),No,"Alamat contract CMC cocok persis dengan listing CoinGecko di chain 'solana' -- sinyal terkuat, berarti token yang sama persis on-chain.",Y
28782,Popcat (SOL),POPCAT,popcat,Popcat,389,False,contract,0.8,Contract address match (chain: solana),No,"Alamat contract CMC cocok persis dengan listing CoinGecko di chain 'solana' -- sinyal terkuat, berarti token yang sama persis on-chain.",Y
10854,Railgun,RAIL,railgun,Railgun,390,False,contract,1,Contract address match (chain: ethereum),No,"Alamat contract CMC cocok persis dengan listing CoinGecko di chain 'ethereum' -- sinyal terkuat, berarti token yang sama persis on-chain.",Y
10894,StorX Network,SRX,storx,StorX,391,False,symbol_by_market_cap,0.59,Ambiguous symbol -> market cap dominance (rasio runner-up tanpa data market cap vs runner-up),Yes,"Simbol 'SRX' dipakai >1 listing di CoinGecko (kemungkinan wrapped/bridged/tiruan). Dipilih yang market cap-nya dominan (runner-up tanpa data market cap). Ini heuristik, bukan validasi identitas -- mohon dicek manual project-nya benar 'StorX Network'.",N
38417,River,RIVER,river,River,392,False,contract,1,Contract address match (chain: ethereum),No,"Alamat contract CMC cocok persis dengan listing CoinGecko di chain 'ethereum' -- sinyal terkuat, berarti token yang sama persis on-chain.",Y
8536,Mask Network,MASK,mask-network,Mask Network,393,True,contract,1,Contract address match (chain: ethereum),No,"Alamat contract CMC cocok persis dengan listing CoinGecko di chain 'ethereum' -- sinyal terkuat, berarti token yang sama persis on-chain.",Y
38337,0G,0G,zero-gravity,0G,394,True,symbol,1,Unique ticker symbol ('0G' cuma 1 listing di CoinGecko),No,Simbol '0G' unik di CoinGecko (tidak ada listing lain yang bentrok).,Y
39665,Unitas,UP,unitas,Unitas,395,False,contract,1,Contract address match (chain: ethereum),No,"Alamat contract CMC cocok persis dengan listing CoinGecko di chain 'ethereum' -- sinyal terkuat, berarti token yang sama persis on-chain.",Y
37456,OpenLedger,OPEN,openledger-2,OpenLedger,396,True,contract,1,Contract address match (chain: ethereum),No,"Alamat contract CMC cocok persis dengan listing CoinGecko di chain 'ethereum' -- sinyal terkuat, berarti token yang sama persis on-chain.",Y
38067,SPDR S&P 500 Tokenized ETF (Ondo),SPYon,spdr-s-p-500-etf-ondo-tokenized-etf,SPDR S&P 500 ETF (Ondo Tokenized ETF),397,False,contract,0.79,Contract address match (chain: ethereum),No,"Alamat contract CMC cocok persis dengan listing CoinGecko di chain 'ethereum' -- sinyal terkuat, berarti token yang sama persis on-chain.",Y
38408,Lombard,BARD,lombard-protocol,Lombard,398,True,contract,1,Contract address match (chain: ethereum),No,"Alamat contract CMC cocok persis dengan listing CoinGecko di chain 'ethereum' -- sinyal terkuat, berarti token yang sama persis on-chain.",Y
36492,Acurast,ACU,acurast,Acurast,399,False,contract,1,Contract address match (chain: ethereum),No,"Alamat contract CMC cocok persis dengan listing CoinGecko di chain 'ethereum' -- sinyal terkuat, berarti token yang sama persis on-chain.",Y
39548,Espresso,ESP,espresso,Espresso,400,True,contract,1,Contract address match (chain: arbitrum-one),No,"Alamat contract CMC cocok persis dengan listing CoinGecko di chain 'arbitrum-one' -- sinyal terkuat, berarti token yang sama persis on-chain.",Y
1567,Nano,XNO,nano,Nano,401,True,symbol,1,Unique ticker symbol ('XNO' cuma 1 listing di CoinGecko),No,Simbol 'XNO' unik di CoinGecko (tidak ada listing lain yang bentrok).,Y
39172,Vitalum,VAM,vitalum,Vitalum,402,False,contract,1,Contract address match (chain: binance-smart-chain),No,"Alamat contract CMC cocok persis dengan listing CoinGecko di chain 'binance-smart-chain' -- sinyal terkuat, berarti token yang sama persis on-chain.",Y
10312,EscoinToken,ELG,escoin-token,Escoin,403,False,contract,0.71,Contract address match (chain: ethereum),No,"Alamat contract CMC cocok persis dengan listing CoinGecko di chain 'ethereum' -- sinyal terkuat, berarti token yang sama persis on-chain.",Y
38569,Capricorn,APR,apriori,Capricorn,404,False,contract,1,Contract address match (chain: ethereum),No,"Alamat contract CMC cocok persis dengan listing CoinGecko di chain 'ethereum' -- sinyal terkuat, berarti token yang sama persis on-chain.",Y
5899,Casper,CSPR,casper-network,Casper Network,405,False,symbol,0.63,Unique ticker symbol ('CSPR' cuma 1 listing di CoinGecko),No,Simbol 'CSPR' unik di CoinGecko (tidak ada listing lain yang bentrok).,Y
40212,Micron Technology Tokenized bStocks,MUB,micron-technology-bstock,Micron Technology (bStocks Tokenized Stock),406,True,contract,0.87,Contract address match (chain: binance-smart-chain),No,"Alamat contract CMC cocok persis dengan listing CoinGecko di chain 'binance-smart-chain' -- sinyal terkuat, berarti token yang sama persis on-chain.",Y
40216,SanDisk Tokenized bStocks,SNDKB,sandisk-bstocks-tokenized-stock,SanDisk (bStocks Tokenized Stock),407,True,contract,0.82,Contract address match (chain: binance-smart-chain),No,"Alamat contract CMC cocok persis dengan listing CoinGecko di chain 'binance-smart-chain' -- sinyal terkuat, berarti token yang sama persis on-chain.",Y
39521,Aztec,AZTEC,aztec,Aztec,408,False,contract,1,Contract address match (chain: ethereum),No,"Alamat contract CMC cocok persis dengan listing CoinGecko di chain 'ethereum' -- sinyal terkuat, berarti token yang sama persis on-chain.",Y
14806,ConstitutionDAO,PEOPLE,constitutiondao,ConstitutionDAO,409,True,contract,1,Contract address match (chain: ethereum),No,"Alamat contract CMC cocok persis dengan listing CoinGecko di chain 'ethereum' -- sinyal terkuat, berarti token yang sama persis on-chain.",Y
31379,Frankencoin,ZCHF,frankencoin,Frankencoin,410,False,contract,1,Contract address match (chain: ethereum),No,"Alamat contract CMC cocok persis dengan listing CoinGecko di chain 'ethereum' -- sinyal terkuat, berarti token yang sama persis on-chain.",Y
30140,Nesa,NES,nesa,Nesa,411,False,symbol,1,Unique ticker symbol ('NES' cuma 1 listing di CoinGecko),No,Simbol 'NES' unik di CoinGecko (tidak ada listing lain yang bentrok).,Y
38770,MegaETH,MEGA,megaeth,MegaETH,412,True,symbol_by_market_cap,1,Ambiguous symbol -> market cap dominance (rasio 664.6x vs runner-up),Yes,"Simbol 'MEGA' dipakai >1 listing di CoinGecko (kemungkinan wrapped/bridged/tiruan). Dipilih yang market cap-nya dominan (664.6x). Ini heuristik, bukan validasi identitas -- mohon dicek manual project-nya benar 'MegaETH'.",N
14519,VVS Finance,VVS,vvs-finance,VVS Finance,413,False,contract,1,Contract address match (chain: ethereum),No,"Alamat contract CMC cocok persis dengan listing CoinGecko di chain 'ethereum' -- sinyal terkuat, berarti token yang sama persis on-chain.",Y
12147,Synapse,SYN,synapse-2,Synapse,414,True,contract,1,Contract address match (chain: ethereum),No,"Alamat contract CMC cocok persis dengan listing CoinGecko di chain 'ethereum' -- sinyal terkuat, berarti token yang sama persis on-chain.",Y
36310,Atoshi,ATOS,atoshi,Atoshi,415,False,contract,1,Contract address match (chain: ethereum),No,"Alamat contract CMC cocok persis dengan listing CoinGecko di chain 'ethereum' -- sinyal terkuat, berarti token yang sama persis on-chain.",Y
33093,Moo Deng (moodengsol.com),MOODENG,moo-deng,Moo Deng,416,False,contract,0.52,Contract address match (chain: solana),No,"Alamat contract CMC cocok persis dengan listing CoinGecko di chain 'solana' -- sinyal terkuat, berarti token yang sama persis on-chain.",Y
36056,Xphere,XP,xphere,Xphere,417,False,symbol_by_market_cap,1,Ambiguous symbol -> market cap dominance (rasio 2623.8x vs runner-up),Yes,"Simbol 'XP' dipakai >1 listing di CoinGecko (kemungkinan wrapped/bridged/tiruan). Dipilih yang market cap-nya dominan (2623.8x). Ini heuristik, bukan validasi identitas -- mohon dicek manual project-nya benar 'Xphere'.",N
38908,Allora,ALLO,allora,Allora,418,True,contract,1,Contract address match (chain: ethereum),No,"Alamat contract CMC cocok persis dengan listing CoinGecko di chain 'ethereum' -- sinyal terkuat, berarti token yang sama persis on-chain.",Y
40980,DAPPOS,DOS,dappos,DAPPOS,419,False,contract,1,Contract address match (chain: ethereum),No,"Alamat contract CMC cocok persis dengan listing CoinGecko di chain 'ethereum' -- sinyal terkuat, berarti token yang sama persis on-chain.",Y
42044,Hunter Biden's Laptop,LAPTOP,hunter-biden-s-laptop-3,Hunter Biden's Laptop,420,False,contract,1,Contract address match (chain: base),No,"Alamat contract CMC cocok persis dengan listing CoinGecko di chain 'base' -- sinyal terkuat, berarti token yang sama persis on-chain.",Y
16093,KUB Coin,KUB,bitkub-coin,KUB Coin,421,False,symbol,1,Unique ticker symbol ('KUB' cuma 1 listing di CoinGecko),No,Simbol 'KUB' unik di CoinGecko (tidak ada listing lain yang bentrok).,Y
24613,Open Campus,EDU,edu-coin,Open Campus,422,True,contract,1,Contract address match (chain: ethereum),No,"Alamat contract CMC cocok persis dengan listing CoinGecko di chain 'ethereum' -- sinyal terkuat, berarti token yang sama persis on-chain.",Y
32372,StraitsX USD,XUSD,straitsx-xusd,StraitsX XUSD,423,True,contract,0.96,Contract address match (chain: ethereum),No,"Alamat contract CMC cocok persis dengan listing CoinGecko di chain 'ethereum' -- sinyal terkuat, berarti token yang sama persis on-chain.",Y
2071,Request,REQ,request-network,Request,424,True,contract,1,Contract address match (chain: ethereum),No,"Alamat contract CMC cocok persis dengan listing CoinGecko di chain 'ethereum' -- sinyal terkuat, berarti token yang sama persis on-chain.",Y
39922,REAL,ASSET,asset,REAL,425,False,contract,1,Contract address match (chain: ethereum),No,"Alamat contract CMC cocok persis dengan listing CoinGecko di chain 'ethereum' -- sinyal terkuat, berarti token yang sama persis on-chain.",Y
36992,NVIDIA tokenized stock (xStock),NVDAX,nvidia-xstock,NVIDIA xStock,426,False,contract,0.63,Contract address match (chain: solana),No,"Alamat contract CMC cocok persis dengan listing CoinGecko di chain 'solana' -- sinyal terkuat, berarti token yang sama persis on-chain.",Y
35976,Aegis YUSD,YUSD,aegis-yusd,Aegis YUSD,427,False,contract,1,Contract address match (chain: ethereum),No,"Alamat contract CMC cocok persis dengan listing CoinGecko di chain 'ethereum' -- sinyal terkuat, berarti token yang sama persis on-chain.",Y
40218,SpaceX tokenized stock (xStock),SPCXx,spacex-xstocks,SpaceX xStock,428,False,contract,0.63,Contract address match (chain: solana),No,"Alamat contract CMC cocok persis dengan listing CoinGecko di chain 'solana' -- sinyal terkuat, berarti token yang sama persis on-chain.",Y
2943,Rocket Pool,RPL,rocket-pool,Rocket Pool,429,True,contract,1,Contract address match (chain: ethereum),No,"Alamat contract CMC cocok persis dengan listing CoinGecko di chain 'ethereum' -- sinyal terkuat, berarti token yang sama persis on-chain.",Y
18031,Concordium,CCD,concordium,Concordium,430,False,symbol,1,Unique ticker symbol ('CCD' cuma 1 listing di CoinGecko),No,Simbol 'CCD' unik di CoinGecko (tidak ada listing lain yang bentrok).,Y
6945,Amp,AMP,amp-token,Amp,431,True,contract,1,Contract address match (chain: ethereum),No,"Alamat contract CMC cocok persis dengan listing CoinGecko di chain 'ethereum' -- sinyal terkuat, berarti token yang sama persis on-chain.",Y
27659,Mog Coin,MOG,mog-coin,Mog Coin,432,False,contract,1,Contract address match (chain: ethereum),No,"Alamat contract CMC cocok persis dengan listing CoinGecko di chain 'ethereum' -- sinyal terkuat, berarti token yang sama persis on-chain.",Y
36901,Score,SN44,score,Score,433,False,symbol,1,Unique ticker symbol ('SN44' cuma 1 listing di CoinGecko),No,Simbol 'SN44' unik di CoinGecko (tidak ada listing lain yang bentrok).,Y
14101,Ronin,RON,ronin,Ronin,434,True,symbol_by_market_cap,1,Ambiguous symbol -> market cap dominance (rasio runner-up tanpa data market cap vs runner-up),Yes,"Simbol 'RON' dipakai >1 listing di CoinGecko (kemungkinan wrapped/bridged/tiruan). Dipilih yang market cap-nya dominan (runner-up tanpa data market cap). Ini heuristik, bukan validasi identitas -- mohon dicek manual project-nya benar 'Ronin'.",N
4206,WINkLink,WIN,winklink-bsc,WINkLink BSC,435,True,contract,0.84,Contract address match (chain: binance-smart-chain),No,"Alamat contract CMC cocok persis dengan listing CoinGecko di chain 'binance-smart-chain' -- sinyal terkuat, berarti token yang sama persis on-chain.",Y
39121,Magma Finance,MAGMA,magma-finance,Magma Finance,436,False,contract,1,Contract address match (chain: sui),No,"Alamat contract CMC cocok persis dengan listing CoinGecko di chain 'sui' -- sinyal terkuat, berarti token yang sama persis on-chain.",Y
38014,Micron Technology Tokenized Stock (Ondo),MUon,micron-technology-ondo-tokenized-stock,Micron Technology (Ondo Tokenized Stock),437,False,contract,0.88,Contract address match (chain: ethereum),No,"Alamat contract CMC cocok persis dengan listing CoinGecko di chain 'ethereum' -- sinyal terkuat, berarti token yang sama persis on-chain.",Y
3306,Gemini Dollar,GUSD,gemini-dollar,Gemini Dollar,438,False,contract,1,Contract address match (chain: ethereum),No,"Alamat contract CMC cocok persis dengan listing CoinGecko di chain 'ethereum' -- sinyal terkuat, berarti token yang sama persis on-chain.",Y
5275,Paycoin,PCI,pay-coin,Paycoin,439,False,symbol,1,Unique ticker symbol ('PCI' cuma 1 listing di CoinGecko),No,Simbol 'PCI' unik di CoinGecko (tidak ada listing lain yang bentrok).,Y
37593,Succinct,PROVE,succinct,Succinct,440,True,contract,1,Contract address match (chain: ethereum),No,"Alamat contract CMC cocok persis dengan listing CoinGecko di chain 'ethereum' -- sinyal terkuat, berarti token yang sama persis on-chain.",Y
32197,Magic Eden,ME,magic-eden,Magic Eden,441,True,contract,1,Contract address match (chain: solana),No,"Alamat contract CMC cocok persis dengan listing CoinGecko di chain 'solana' -- sinyal terkuat, berarti token yang sama persis on-chain.",Y
31526,Moca Network,MOCA,mocaverse,Moca Network,442,False,contract,1,Contract address match (chain: ethereum),No,"Alamat contract CMC cocok persis dengan listing CoinGecko di chain 'ethereum' -- sinyal terkuat, berarti token yang sama persis on-chain.",Y
32452,Movement,MOVE,movement,Movement,443,True,contract,1,Contract address match (chain: ethereum),No,"Alamat contract CMC cocok persis dengan listing CoinGecko di chain 'ethereum' -- sinyal terkuat, berarti token yang sama persis on-chain.",Y
32644,Eurite,EURI,eurite,Eurite,444,True,contract,1,Contract address match (chain: ethereum),No,"Alamat contract CMC cocok persis dengan listing CoinGecko di chain 'ethereum' -- sinyal terkuat, berarti token yang sama persis on-chain.",Y
39379,ETHGas,GWEI,ethgas-2,ETHGas,445,False,contract,1,Contract address match (chain: ethereum),No,"Alamat contract CMC cocok persis dengan listing CoinGecko di chain 'ethereum' -- sinyal terkuat, berarti token yang sama persis on-chain.",Y
38757,APRO,AT,apro,Apro,446,True,contract,1,Contract address match (chain: ethereum),No,"Alamat contract CMC cocok persis dengan listing CoinGecko di chain 'ethereum' -- sinyal terkuat, berarti token yang sama persis on-chain.",Y
32521,Neiro,NEIRO,neiro-3,Neiro,447,True,contract,1,Contract address match (chain: ethereum),No,"Alamat contract CMC cocok persis dengan listing CoinGecko di chain 'ethereum' -- sinyal terkuat, berarti token yang sama persis on-chain.",Y
35837,would,WOULD,would,would,448,False,contract,1,Contract address match (chain: solana),No,"Alamat contract CMC cocok persis dengan listing CoinGecko di chain 'solana' -- sinyal terkuat, berarti token yang sama persis on-chain.",Y
20700,Wiki Cat,WKC,wiki-cat,Wiki Cat,449,False,contract,1,Contract address match (chain: binance-smart-chain),No,"Alamat contract CMC cocok persis dengan listing CoinGecko di chain 'binance-smart-chain' -- sinyal terkuat, berarti token yang sama persis on-chain.",Y
39970,Arcium,ARX,arcium,Arcium,450,False,contract,1,Contract address match (chain: binance-smart-chain),No,"Alamat contract CMC cocok persis dengan listing CoinGecko di chain 'binance-smart-chain' -- sinyal terkuat, berarti token yang sama persis on-chain.",Y
37057,Nasdaq tokenized ETF (xStock),QQQX,nasdaq-xstock,Nasdaq xStock,451,False,contract,0.67,Contract address match (chain: solana),No,"Alamat contract CMC cocok persis dengan listing CoinGecko di chain 'solana' -- sinyal terkuat, berarti token yang sama persis on-chain.",Y
42011,Canopy,CNPY,canopy,Canopy,452,False,contract,1,Contract address match (chain: binance-smart-chain),No,"Alamat contract CMC cocok persis dengan listing CoinGecko di chain 'binance-smart-chain' -- sinyal terkuat, berarti token yang sama persis on-chain.",Y
3217,Ontology Gas,ONG,ong,Ontology Gas,453,True,symbol,1,Unique ticker symbol ('ONG' cuma 1 listing di CoinGecko),No,Simbol 'ONG' unik di CoinGecko (tidak ada listing lain yang bentrok).,Y
38093,NVIDIA Tokenized Stock (Ondo),NVDAon,nvidia-ondo-tokenized-stock,NVIDIA (Ondo Tokenized Stock),454,False,contract,0.83,Contract address match (chain: ethereum),No,"Alamat contract CMC cocok persis dengan listing CoinGecko di chain 'ethereum' -- sinyal terkuat, berarti token yang sama persis on-chain.",Y
38407,Liquity BOLD,BOLD,liquity-bold-2,BOLD,455,False,contract,0.53,Contract address match (chain: ethereum),No,"Alamat contract CMC cocok persis dengan listing CoinGecko di chain 'ethereum' -- sinyal terkuat, berarti token yang sama persis on-chain.",Y
35701,GOHOME,GOHOME,gohome,GOHOME,456,False,contract,1,Contract address match (chain: solana),No,"Alamat contract CMC cocok persis dengan listing CoinGecko di chain 'solana' -- sinyal terkuat, berarti token yang sama persis on-chain.",Y
4092,Dusk,DUSK,dusk-network,DUSK,457,True,contract,1,Contract address match (chain: ethereum),No,"Alamat contract CMC cocok persis dengan listing CoinGecko di chain 'ethereum' -- sinyal terkuat, berarti token yang sama persis on-chain.",Y
7817,Bifrost,BFC,bifrost,Bifrost,458,False,contract,1,Contract address match (chain: ethereum),No,"Alamat contract CMC cocok persis dengan listing CoinGecko di chain 'ethereum' -- sinyal terkuat, berarti token yang sama persis on-chain.",Y
1759,Status,SNT,status,Status,459,False,contract,1,Contract address match (chain: ethereum),No,"Alamat contract CMC cocok persis dengan listing CoinGecko di chain 'ethereum' -- sinyal terkuat, berarti token yang sama persis on-chain.",Y
2577,Ravencoin,RVN,ravencoin,Ravencoin,460,True,symbol,1,Unique ticker symbol ('RVN' cuma 1 listing di CoinGecko),No,Simbol 'RVN' unik di CoinGecko (tidak ada listing lain yang bentrok).,Y
30126,cat in a dogs world,MEW,cat-in-a-dogs-world,cat in a dogs world,461,False,contract,1,Contract address match (chain: solana),No,"Alamat contract CMC cocok persis dengan listing CoinGecko di chain 'solana' -- sinyal terkuat, berarti token yang sama persis on-chain.",Y
11171,Mango,MNGO,mango-markets,Mango,462,False,contract,1,Contract address match (chain: solana),No,"Alamat contract CMC cocok persis dengan listing CoinGecko di chain 'solana' -- sinyal terkuat, berarti token yang sama persis on-chain.",Y
37013,Alphabet tokenized stock (xStock),GOOGLX,alphabet-xstock,Alphabet xStock,463,False,contract,0.67,Contract address match (chain: solana),No,"Alamat contract CMC cocok persis dengan listing CoinGecko di chain 'solana' -- sinyal terkuat, berarti token yang sama persis on-chain.",Y
1274,Waves,WAVES,waves,Waves,464,False,symbol,1,Unique ticker symbol ('WAVES' cuma 1 listing di CoinGecko),No,Simbol 'WAVES' unik di CoinGecko (tidak ada listing lain yang bentrok).,Y
38299,Veranta,AVNT,avantis,Veranta,465,True,contract,1,Contract address match (chain: base),No,"Alamat contract CMC cocok persis dengan listing CoinGecko di chain 'base' -- sinyal terkuat, berarti token yang sama persis on-chain.",Y
38978,Irys,IRYS,irys,Irys,466,False,contract,1,Contract address match (chain: ethereum),No,"Alamat contract CMC cocok persis dengan listing CoinGecko di chain 'ethereum' -- sinyal terkuat, berarti token yang sama persis on-chain.",Y
3855,Locus Chain,LOCUS,locus-chain,Locus Chain,467,False,contract,1,Contract address match (chain: ethereum),No,"Alamat contract CMC cocok persis dengan listing CoinGecko di chain 'ethereum' -- sinyal terkuat, berarti token yang sama persis on-chain.",Y
36238,XPIN Network,XPIN,xpin-network,XPIN Network,468,False,contract,1,Contract address match (chain: binance-smart-chain),No,"Alamat contract CMC cocok persis dengan listing CoinGecko di chain 'binance-smart-chain' -- sinyal terkuat, berarti token yang sama persis on-chain.",Y
2132,Powerledger,POWR,power-ledger,Powerledger,469,True,contract,1,Contract address match (chain: ethereum),No,"Alamat contract CMC cocok persis dengan listing CoinGecko di chain 'ethereum' -- sinyal terkuat, berarti token yang sama persis on-chain.",Y
38554,KGeN,KGEN,kgen,KGeN,470,False,contract,1,Contract address match (chain: binance-smart-chain),No,"Alamat contract CMC cocok persis dengan listing CoinGecko di chain 'binance-smart-chain' -- sinyal terkuat, berarti token yang sama persis on-chain.",Y
7236,Celo Dollar,CUSD,cap-usd,Cap USD,471,False,symbol_by_market_cap,0.25,Ambiguous symbol -> market cap dominance (rasio runner-up tanpa data market cap vs runner-up),Yes,"Simbol 'CUSD' dipakai >1 listing di CoinGecko (kemungkinan wrapped/bridged/tiruan). Dipilih yang market cap-nya dominan (runner-up tanpa data market cap). Ini heuristik, bukan validasi identitas -- mohon dicek manual project-nya benar 'Celo Dollar'. Nama CMC ('Celo Dollar') vs CoinGecko ('Cap USD') sangat berbeda (similarity=0.25) walau tier-nya biasanya kuat -- janggal, tolong dicek manual (potensi bug mapping chain/simbol).",N
19843,ApeX Protocol,APEX,apex-token-2,APEX,472,False,contract,0.5,Contract address match (chain: ethereum),No,"Alamat contract CMC cocok persis dengan listing CoinGecko di chain 'ethereum' -- sinyal terkuat, berarti token yang sama persis on-chain.",Y
35931,ZORA,ZORA,zora,Zora,473,False,symbol,1,Unique ticker symbol ('ZORA' cuma 1 listing di CoinGecko),No,Simbol 'ZORA' unik di CoinGecko (tidak ada listing lain yang bentrok).,Y
21533,Lista DAO,LISTA,lista,Lista DAO,474,True,contract,1,Contract address match (chain: binance-smart-chain),No,"Alamat contract CMC cocok persis dengan listing CoinGecko di chain 'binance-smart-chain' -- sinyal terkuat, berarti token yang sama persis on-chain.",Y
4056,Ampleforth,AMPL,ampleforth,Ampleforth,475,False,contract,1,Contract address match (chain: ethereum),No,"Alamat contract CMC cocok persis dengan listing CoinGecko di chain 'ethereum' -- sinyal terkuat, berarti token yang sama persis on-chain.",Y
1974,Propy,PRO,propy,Propy,476,False,contract,1,Contract address match (chain: ethereum),No,"Alamat contract CMC cocok persis dengan listing CoinGecko di chain 'ethereum' -- sinyal terkuat, berarti token yang sama persis on-chain.",Y
38470,Giggle Fund,GIGGLE,giggle-fund,Giggle Fund,477,True,contract,1,Contract address match (chain: binance-smart-chain),No,"Alamat contract CMC cocok persis dengan listing CoinGecko di chain 'binance-smart-chain' -- sinyal terkuat, berarti token yang sama persis on-chain.",Y
4679,Band,BAND,band-protocol,Band,478,True,contract,1,Contract address match (chain: ethereum),No,"Alamat contract CMC cocok persis dengan listing CoinGecko di chain 'ethereum' -- sinyal terkuat, berarti token yang sama persis on-chain.",Y
35637,BitDCA,BDCA,bitdca,BitDCA,479,False,contract,1,Contract address match (chain: binance-smart-chain),No,"Alamat contract CMC cocok persis dengan listing CoinGecko di chain 'binance-smart-chain' -- sinyal terkuat, berarti token yang sama persis on-chain.",Y
38869,Talus,US,talus,Talus,480,False,symbol_by_market_cap,1,Ambiguous symbol -> market cap dominance (rasio 404.6x vs runner-up),Yes,"Simbol 'US' dipakai >1 listing di CoinGecko (kemungkinan wrapped/bridged/tiruan). Dipilih yang market cap-nya dominan (404.6x). Ini heuristik, bukan validasi identitas -- mohon dicek manual project-nya benar 'Talus'.",N
25264,Snek,SNEK,snek,Snek,481,False,contract,1,Contract address match (chain: cardano),No,"Alamat contract CMC cocok persis dengan listing CoinGecko di chain 'cardano' -- sinyal terkuat, berarti token yang sama persis on-chain.",Y
28301,Memecoin,MEME,memecoin-2,Memecoin,482,True,contract,1,Contract address match (chain: ethereum),No,"Alamat contract CMC cocok persis dengan listing CoinGecko di chain 'ethereum' -- sinyal terkuat, berarti token yang sama persis on-chain.",Y
39545,Billions Network,BILL,billions-network,Billions Network,483,False,contract,1,Contract address match (chain: ethereum),No,"Alamat contract CMC cocok persis dengan listing CoinGecko di chain 'ethereum' -- sinyal terkuat, berarti token yang sama persis on-chain.",Y
30843,Renzo,REZ,renzo,Renzo,485,True,contract,1,Contract address match (chain: ethereum),No,"Alamat contract CMC cocok persis dengan listing CoinGecko di chain 'ethereum' -- sinyal terkuat, berarti token yang sama persis on-chain.",Y
36410,MYX Finance,MYX,myx-finance,MYX Finance,486,False,contract,1,Contract address match (chain: binance-smart-chain),No,"Alamat contract CMC cocok persis dengan listing CoinGecko di chain 'binance-smart-chain' -- sinyal terkuat, berarti token yang sama persis on-chain.",Y
5617,UMA,UMA,uma,UMA,487,True,contract,1,Contract address match (chain: ethereum),No,"Alamat contract CMC cocok persis dengan listing CoinGecko di chain 'ethereum' -- sinyal terkuat, berarti token yang sama persis on-chain.",Y
33223,LAB,LAB,lab,LAB,488,False,contract,1,Contract address match (chain: binance-smart-chain),No,"Alamat contract CMC cocok persis dengan listing CoinGecko di chain 'binance-smart-chain' -- sinyal terkuat, berarti token yang sama persis on-chain.",Y
35429,Solayer,LAYER,solayer,Solayer,489,True,contract,1,Contract address match (chain: solana),No,"Alamat contract CMC cocok persis dengan listing CoinGecko di chain 'solana' -- sinyal terkuat, berarti token yang sama persis on-chain.",Y
4687,BUSD,BUSD,binance-peg-busd,Binance-Peg BUSD,490,False,symbol_by_market_cap,0.44,Ambiguous symbol -> market cap dominance (rasio 8.2x vs runner-up),Yes,"Simbol 'BUSD' dipakai >1 listing di CoinGecko (kemungkinan wrapped/bridged/tiruan). Dipilih yang market cap-nya dominan (8.2x). Ini heuristik, bukan validasi identitas -- mohon dicek manual project-nya benar 'BUSD'.",N
41057,Mixue Tokenized Stock (xStock),MIXUx,mixue-xstock,Mixue xStock,491,False,contract,0.61,Contract address match (chain: ethereum),No,"Alamat contract CMC cocok persis dengan listing CoinGecko di chain 'ethereum' -- sinyal terkuat, berarti token yang sama persis on-chain.",Y
3893,ChangeNOW Token,NOW,changenow,ChangeNOW,492,False,contract,0.78,Contract address match (chain: ethereum),No,"Alamat contract CMC cocok persis dengan listing CoinGecko di chain 'ethereum' -- sinyal terkuat, berarti token yang sama persis on-chain.",Y
32941,Fractal Bitcoin,FB,fractal-bitcoin,Fractal Bitcoin,493,False,symbol_by_market_cap,1,Ambiguous symbol -> market cap dominance (rasio 44.9x vs runner-up),Yes,"Simbol 'FB' dipakai >1 listing di CoinGecko (kemungkinan wrapped/bridged/tiruan). Dipilih yang market cap-nya dominan (44.9x). Ini heuristik, bukan validasi identitas -- mohon dicek manual project-nya benar 'Fractal Bitcoin'.",N
36080,MultiBank Group,MBG,mbg-by-multibank-group,MBG By Multibank Group,494,False,contract,0.85,Contract address match (chain: ethereum),No,"Alamat contract CMC cocok persis dengan listing CoinGecko di chain 'ethereum' -- sinyal terkuat, berarti token yang sama persis on-chain.",Y
33849,HashKey Platform Token,HSK,hashkey-ecopoints,HashKey Platform Token,495,False,contract,1,Contract address match (chain: ethereum),No,"Alamat contract CMC cocok persis dengan listing CoinGecko di chain 'ethereum' -- sinyal terkuat, berarti token yang sama persis on-chain.",Y
28340,SMART,SMART,smartcodedbot,SmartCodedBot,496,False,symbol_by_market_cap,0.56,Ambiguous symbol -> market cap dominance (rasio runner-up tanpa data market cap vs runner-up),Yes,"Simbol 'SMART' dipakai >1 listing di CoinGecko (kemungkinan wrapped/bridged/tiruan). Dipilih yang market cap-nya dominan (runner-up tanpa data market cap). Ini heuristik, bukan validasi identitas -- mohon dicek manual project-nya benar 'SMART'.",N
40859,The Index,INDEX,the-index,The Index,497,False,symbol_by_market_cap,1,Ambiguous symbol -> market cap dominance (rasio 19.1x vs runner-up),Yes,"Simbol 'INDEX' dipakai >1 listing di CoinGecko (kemungkinan wrapped/bridged/tiruan). Dipilih yang market cap-nya dominan (19.1x). Ini heuristik, bukan validasi identitas -- mohon dicek manual project-nya benar 'The Index'.",N
36893,τemplar,SN3,templar,τemplar,498,False,symbol_by_market_cap,1,Ambiguous symbol -> market cap dominance (rasio 1917.9x vs runner-up),Yes,"Simbol 'SN3' dipakai >1 listing di CoinGecko (kemungkinan wrapped/bridged/tiruan). Dipilih yang market cap-nya dominan (1917.9x). Ini heuristik, bukan validasi identitas -- mohon dicek manual project-nya benar 'τemplar'.",N
20314,Terra,LUNA,terra-luna-2,Terra,499,True,symbol_by_market_cap,1,Ambiguous symbol -> market cap dominance (rasio 6.7x vs runner-up),Yes,"Simbol 'LUNA' dipakai >1 listing di CoinGecko (kemungkinan wrapped/bridged/tiruan). Dipilih yang market cap-nya dominan (6.7x). Ini heuristik, bukan validasi identitas -- mohon dicek manual project-nya benar 'Terra'.",N
34987,FLock.io,FLOCK,flock-2,FLOCK,500,False,contract,0.83,Contract address match (chain: base),No,"Alamat contract CMC cocok persis dengan listing CoinGecko di chain 'base' -- sinyal terkuat, berarti token yang sama persis on-chain.",Y
30712,Merlin Chain,MERL,merlin-chain,Merlin Chain,501,False,contract,1,Contract address match (chain: ethereum),No,"Alamat contract CMC cocok persis dengan listing CoinGecko di chain 'ethereum' -- sinyal terkuat, berarti token yang sama persis on-chain.",Y
38679,哈基米,哈基米,hakimi,哈基米 (Hajimi),502,False,contract,0.5,Contract address match (chain: binance-smart-chain),No,"Alamat contract CMC cocok persis dengan listing CoinGecko di chain 'binance-smart-chain' -- sinyal terkuat, berarti token yang sama persis on-chain.",Y
36041,Mubarak,MUBARAK,mubarak,Mubarak,503,True,contract,1,Contract address match (chain: binance-smart-chain),No,"Alamat contract CMC cocok persis dengan listing CoinGecko di chain 'binance-smart-chain' -- sinyal terkuat, berarti token yang sama persis on-chain.",Y
32966,Catizen,CATI,catizen,Catizen,504,True,symbol,1,Unique ticker symbol ('CATI' cuma 1 listing di CoinGecko),No,Simbol 'CATI' unik di CoinGecko (tidak ada listing lain yang bentrok).,Y
36671,Sahara AI,SAHARA,sahara-ai,Sahara AI,505,True,symbol,1,Unique ticker symbol ('SAHARA' cuma 1 listing di CoinGecko),No,Simbol 'SAHARA' unik di CoinGecko (tidak ada listing lain yang bentrok).,Y
14280,Euler,EUL,euler,Euler,506,True,contract,1,Contract address match (chain: ethereum),No,"Alamat contract CMC cocok persis dengan listing CoinGecko di chain 'ethereum' -- sinyal terkuat, berarti token yang sama persis on-chain.",Y
5947,TokenPocket,TPT,token-pocket,TokenPocket Token,507,False,contract,0.81,Contract address match (chain: binance-smart-chain),No,"Alamat contract CMC cocok persis dengan listing CoinGecko di chain 'binance-smart-chain' -- sinyal terkuat, berarti token yang sama persis on-chain.",Y
1727,Bancor,BNT,bancor,Bancor Network,508,True,contract,0.63,Contract address match (chain: ethereum),No,"Alamat contract CMC cocok persis dengan listing CoinGecko di chain 'ethereum' -- sinyal terkuat, berarti token yang sama persis on-chain.",Y
8049,Tornado Cash,TORN,tornado-cash,Tornado Cash,509,False,contract,1,Contract address match (chain: ethereum),No,"Alamat contract CMC cocok persis dengan listing CoinGecko di chain 'ethereum' -- sinyal terkuat, berarti token yang sama persis on-chain.",Y
38094,Invesco QQQ Tokenized ETF (Ondo),QQQon,invesco-qqq-etf-ondo-tokenized-etf,Invesco QQQ ETF (Ondo Tokenized ETF),510,False,contract,0.8,Contract address match (chain: ethereum),No,"Alamat contract CMC cocok persis dengan listing CoinGecko di chain 'ethereum' -- sinyal terkuat, berarti token yang sama persis on-chain.",Y
32782,Ore,ORE,ore,ORE,511,False,contract,1,Contract address match (chain: solana),No,"Alamat contract CMC cocok persis dengan listing CoinGecko di chain 'solana' -- sinyal terkuat, berarti token yang sama persis on-chain.",Y
22620,Across Protocol,ACX,across-protocol,Across Protocol,512,False,contract,1,Contract address match (chain: ethereum),No,"Alamat contract CMC cocok persis dengan listing CoinGecko di chain 'ethereum' -- sinyal terkuat, berarti token yang sama persis on-chain.",Y
34083,Zerebro,ZEREBRO,zerebro,Zerebro,513,False,contract,1,Contract address match (chain: solana),No,"Alamat contract CMC cocok persis dengan listing CoinGecko di chain 'solana' -- sinyal terkuat, berarti token yang sama persis on-chain.",Y
12894,Subsquid,SQD,subsquid,SQD,514,False,contract,0.55,Contract address match (chain: arbitrum-one),No,"Alamat contract CMC cocok persis dengan listing CoinGecko di chain 'arbitrum-one' -- sinyal terkuat, berarti token yang sama persis on-chain.",Y
1230,Steem,STEEM,steem,Steem,515,True,symbol,1,Unique ticker symbol ('STEEM' cuma 1 listing di CoinGecko),No,Simbol 'STEEM' unik di CoinGecko (tidak ada listing lain yang bentrok).,Y
9436,Dogelon Mars,ELON,dogelon-mars,Dogelon Mars,516,False,contract,1,Contract address match (chain: ethereum),No,"Alamat contract CMC cocok persis dengan listing CoinGecko di chain 'ethereum' -- sinyal terkuat, berarti token yang sama persis on-chain.",Y
28735,UNIPOLY,UNP,unipoly,Unipoly,517,False,contract,1,Contract address match (chain: ethereum),No,"Alamat contract CMC cocok persis dengan listing CoinGecko di chain 'ethereum' -- sinyal terkuat, berarti token yang sama persis on-chain.",Y
40215,NVIDIA Tokenized bStocks,NVDAB,nvidia-bstocks,NVIDIA (bStocks Tokenized Stock),518,True,contract,0.82,Contract address match (chain: binance-smart-chain),No,"Alamat contract CMC cocok persis dengan listing CoinGecko di chain 'binance-smart-chain' -- sinyal terkuat, berarti token yang sama persis on-chain.",Y
36552,LUSD,LUSD,liquity-usd,Liquity USD,519,False,symbol_by_market_cap,0.57,Ambiguous symbol -> market cap dominance (rasio runner-up tanpa data market cap vs runner-up),Yes,"Simbol 'LUSD' dipakai >1 listing di CoinGecko (kemungkinan wrapped/bridged/tiruan). Dipilih yang market cap-nya dominan (runner-up tanpa data market cap). Ini heuristik, bukan validasi identitas -- mohon dicek manual project-nya benar 'LUSD'.",N
34434,Rekt (rekt.com),REKT,rekt-4,Rekt,520,False,contract,0.53,Contract address match (chain: ethereum),No,"Alamat contract CMC cocok persis dengan listing CoinGecko di chain 'ethereum' -- sinyal terkuat, berarti token yang sama persis on-chain.",Y
34619,Vana,VANA,vana,Vana,521,True,contract,1,Contract address match (chain: ethereum),No,"Alamat contract CMC cocok persis dengan listing CoinGecko di chain 'ethereum' -- sinyal terkuat, berarti token yang sama persis on-chain.",Y
5370,Hive,HIVE,hive,Hive,522,True,symbol_by_market_cap,1,Ambiguous symbol -> market cap dominance (rasio 121.8x vs runner-up),Yes,"Simbol 'HIVE' dipakai >1 listing di CoinGecko (kemungkinan wrapped/bridged/tiruan). Dipilih yang market cap-nya dominan (121.8x). Ini heuristik, bukan validasi identitas -- mohon dicek manual project-nya benar 'Hive'.",N
31528,deBridge,DBR,debridge,deBridge,523,False,contract,1,Contract address match (chain: solana),No,"Alamat contract CMC cocok persis dengan listing CoinGecko di chain 'solana' -- sinyal terkuat, berarti token yang sama persis on-chain.",Y
38034,Hims & Hers Health Tokenized Stock (Ondo),HIMSon,hims-hers-health-ondo-tokenized-stock,Hims & Hers Health (Ondo Tokenized Stock),524,False,contract,0.88,Contract address match (chain: ethereum),No,"Alamat contract CMC cocok persis dengan listing CoinGecko di chain 'ethereum' -- sinyal terkuat, berarti token yang sama persis on-chain.",Y
3835,Orbs,ORBS,orbs,Orbs,525,False,contract,1,Contract address match (chain: ethereum),No,"Alamat contract CMC cocok persis dengan listing CoinGecko di chain 'ethereum' -- sinyal terkuat, berarti token yang sama persis on-chain.",Y
7129,TerraClassicUSD,USTC,terrausd,TerraClassicUSD,526,True,symbol_by_market_cap,1,Ambiguous symbol -> market cap dominance (rasio 40.8x vs runner-up),Yes,"Simbol 'USTC' dipakai >1 listing di CoinGecko (kemungkinan wrapped/bridged/tiruan). Dipilih yang market cap-nya dominan (40.8x). Ini heuristik, bukan validasi identitas -- mohon dicek manual project-nya benar 'TerraClassicUSD'.",N
40939,Pipedog,PIPEDOG,pipedog,pipedog,527,False,symbol,1,Unique ticker symbol ('PIPEDOG' cuma 1 listing di CoinGecko),No,Simbol 'PIPEDOG' unik di CoinGecko (tidak ada listing lain yang bentrok).,Y
38231,Momentum,MMT,momentum-3,Momentum,528,True,contract,1,Contract address match (chain: sui),No,"Alamat contract CMC cocok persis dengan listing CoinGecko di chain 'sui' -- sinyal terkuat, berarti token yang sama persis on-chain.",Y
13631,Manta Network,MANTA,manta-network,Manta Network,529,True,symbol,1,Unique ticker symbol ('MANTA' cuma 1 listing di CoinGecko),No,Simbol 'MANTA' unik di CoinGecko (tidak ada listing lain yang bentrok).,Y
23254,Core,CORE,coredaoorg,Core,530,False,symbol_by_market_cap,1,Ambiguous symbol -> market cap dominance (rasio 54.7x vs runner-up),Yes,"Simbol 'CORE' dipakai >1 listing di CoinGecko (kemungkinan wrapped/bridged/tiruan). Dipilih yang market cap-nya dominan (54.7x). Ini heuristik, bukan validasi identitas -- mohon dicek manual project-nya benar 'Core'.",N
36896,Vanta Network,VANTA,vanta-markets,Vanta Markets,531,False,symbol,0.58,Unique ticker symbol ('VANTA' cuma 1 listing di CoinGecko),No,Simbol 'VANTA' unik di CoinGecko (tidak ada listing lain yang bentrok).,Y
38481,Anoma,XAN,anoma,Anoma,532,False,contract,1,Contract address match (chain: ethereum),No,"Alamat contract CMC cocok persis dengan listing CoinGecko di chain 'ethereum' -- sinyal terkuat, berarti token yang sama persis on-chain.",Y
32037,ANyONe Protocol,ANYONE,airtor-protocol,ANyONe Protocol,533,False,contract,1,Contract address match (chain: ethereum),No,"Alamat contract CMC cocok persis dengan listing CoinGecko di chain 'ethereum' -- sinyal terkuat, berarti token yang sama persis on-chain.",Y
30460,Burnedfi,BURN,burnedfi,BurnedFi,534,False,contract,1,Contract address match (chain: binance-smart-chain),No,"Alamat contract CMC cocok persis dengan listing CoinGecko di chain 'binance-smart-chain' -- sinyal terkuat, berarti token yang sama persis on-chain.",Y
34880,Alchemist AI,ALCH,alchemist-ai,Alchemist AI,535,False,contract,1,Contract address match (chain: solana),No,"Alamat contract CMC cocok persis dengan listing CoinGecko di chain 'solana' -- sinyal terkuat, berarti token yang sama persis on-chain.",Y
13769,World Mobile Token,WMTX,world-mobile-token,World Mobile Token,536,False,contract,1,Contract address match (chain: ethereum),No,"Alamat contract CMC cocok persis dengan listing CoinGecko di chain 'ethereum' -- sinyal terkuat, berarti token yang sama persis on-chain.",Y
9444,Kyber Network Crystal v2,KNC,kyber-network-crystal,Kyber Network Crystal,537,True,contract,0.95,Contract address match (chain: ethereum),No,"Alamat contract CMC cocok persis dengan listing CoinGecko di chain 'ethereum' -- sinyal terkuat, berarti token yang sama persis on-chain.",Y
38837,Audiera,BEAT,audiera,Audiera,538,False,contract,1,Contract address match (chain: binance-smart-chain),No,"Alamat contract CMC cocok persis dengan listing CoinGecko di chain 'binance-smart-chain' -- sinyal terkuat, berarti token yang sama persis on-chain.",Y
36281,Hyperlane,HYPER,hyperlane,Hyperlane,539,True,contract,1,Contract address match (chain: ethereum),No,"Alamat contract CMC cocok persis dengan listing CoinGecko di chain 'ethereum' -- sinyal terkuat, berarti token yang sama persis on-chain.",Y
2405,IOST,IOST,iostoken,IOST,540,True,symbol,1,Unique ticker symbol ('IOST' cuma 1 listing di CoinGecko),No,Simbol 'IOST' unik di CoinGecko (tidak ada listing lain yang bentrok).,Y
41899,Chump Coin,CHUMP,chump-coin,Chump Coin,541,False,symbol,1,Unique ticker symbol ('CHUMP' cuma 1 listing di CoinGecko),No,Simbol 'CHUMP' unik di CoinGecko (tidak ada listing lain yang bentrok).,Y
9040,Pundi X (New),PUNDIX,pundi-x-2,Pundi X,543,True,contract,0.8,Contract address match (chain: ethereum),No,"Alamat contract CMC cocok persis dengan listing CoinGecko di chain 'ethereum' -- sinyal terkuat, berarti token yang sama persis on-chain.",Y
36352,BSquared Network,B2,bsquared-network,BSquared Network,544,False,contract,1,Contract address match (chain: binance-smart-chain),No,"Alamat contract CMC cocok persis dengan listing CoinGecko di chain 'binance-smart-chain' -- sinyal terkuat, berarti token yang sama persis on-chain.",Y
2982,MVL,MVL,mass-vehicle-ledger,MVL,545,False,contract,1,Contract address match (chain: ethereum),No,"Alamat contract CMC cocok persis dengan listing CoinGecko di chain 'ethereum' -- sinyal terkuat, berarti token yang sama persis on-chain.",Y
1586,Ark,ARK,ark,ARK,546,True,symbol_by_market_cap,1,Ambiguous symbol -> market cap dominance (rasio 10099.6x vs runner-up),Yes,"Simbol 'ARK' dipakai >1 listing di CoinGecko (kemungkinan wrapped/bridged/tiruan). Dipilih yang market cap-nya dominan (10099.6x). Ini heuristik, bukan validasi identitas -- mohon dicek manual project-nya benar 'Ark'.",N
3330,Pax Dollar,USDP,paxos-standard,Pax Dollar,547,True,contract,1,Contract address match (chain: ethereum),No,"Alamat contract CMC cocok persis dengan listing CoinGecko di chain 'ethereum' -- sinyal terkuat, berarti token yang sama persis on-chain.",Y
5429,DEAPcoin,DEP,deapcoin,DEAPCOIN,548,False,contract,1,Contract address match (chain: ethereum),No,"Alamat contract CMC cocok persis dengan listing CoinGecko di chain 'ethereum' -- sinyal terkuat, berarti token yang sama persis on-chain.",Y
3945,Harmony,ONE,harmony,Harmony,549,True,symbol_by_social_match,1,Ambiguous symbol -> social-link match (website+twitter),Yes,Simbol ambigu & market cap tidak cukup dominan untuk membedakan; dicocokkan lewat website+twitter CMC vs CoinGecko. Tier paling lemah dari 5 tier -- mohon dicek manual link sosialnya masih benar & aktif.,N
39689,Playnance,GCOIN,playnance,Playnance,550,False,symbol_by_market_cap,1,Ambiguous symbol -> market cap dominance (rasio 842.2x vs runner-up),Yes,"Simbol 'GCOIN' dipakai >1 listing di CoinGecko (kemungkinan wrapped/bridged/tiruan). Dipilih yang market cap-nya dominan (842.2x). Ini heuristik, bukan validasi identitas -- mohon dicek manual project-nya benar 'Playnance'.",N
35600,Sign,SIGN,sign-global,Sign,551,True,contract,1,Contract address match (chain: ethereum),No,"Alamat contract CMC cocok persis dengan listing CoinGecko di chain 'ethereum' -- sinyal terkuat, berarti token yang sama persis on-chain.",Y
2777,IoTeX,IOTX,iotex,IoTeX,552,True,symbol_by_market_cap,1,Ambiguous symbol -> market cap dominance (rasio 28.3x vs runner-up),Yes,"Simbol 'IOTX' dipakai >1 listing di CoinGecko (kemungkinan wrapped/bridged/tiruan). Dipilih yang market cap-nya dominan (28.3x). Ini heuristik, bukan validasi identitas -- mohon dicek manual project-nya benar 'IoTeX'.",N
38136,Spacecoin,SPACE,spacecoin-2,Spacecoin,553,False,contract,1,Contract address match (chain: ethereum),No,"Alamat contract CMC cocok persis dengan listing CoinGecko di chain 'ethereum' -- sinyal terkuat, berarti token yang sama persis on-chain.",Y
22933,Electronic USD,eUSD,electronic-usd,Electronic USD,554,False,contract,1,Contract address match (chain: ethereum),No,"Alamat contract CMC cocok persis dengan listing CoinGecko di chain 'ethereum' -- sinyal terkuat, berarti token yang sama persis on-chain.",Y
36904,iota,SN9,iota-2,iota,555,False,symbol,1,Unique ticker symbol ('SN9' cuma 1 listing di CoinGecko),No,Simbol 'SN9' unik di CoinGecko (tidak ada listing lain yang bentrok).,Y
21296,EthereumPoW,ETHW,ethereum-pow-iou,EthereumPoW,556,False,symbol,1,Unique ticker symbol ('ETHW' cuma 1 listing di CoinGecko),No,Simbol 'ETHW' unik di CoinGecko (tidak ada listing lain yang bentrok).,Y
12220,Osmosis,OSMO,osmosis,Osmosis,557,True,symbol,1,Unique ticker symbol ('OSMO' cuma 1 listing di CoinGecko),No,Simbol 'OSMO' unik di CoinGecko (tidak ada listing lain yang bentrok).,Y
3801,BORA,BORA,bora,BORA,558,False,symbol,1,Unique ticker symbol ('BORA' cuma 1 listing di CoinGecko),No,Simbol 'BORA' unik di CoinGecko (tidak ada listing lain yang bentrok).,Y
38178,Swarm Network,TRUTH,swarm-network,Swarm Network,559,False,contract,1,Contract address match (chain: sui),No,"Alamat contract CMC cocok persis dengan listing CoinGecko di chain 'sui' -- sinyal terkuat, berarti token yang sama persis on-chain.",Y
2273,Uquid Coin,UQC,uquid-coin,Uquid Coin,560,False,contract,1,Contract address match (chain: ethereum),No,"Alamat contract CMC cocok persis dengan listing CoinGecko di chain 'ethereum' -- sinyal terkuat, berarti token yang sama persis on-chain.",Y
38935,Tokenised GBP,TGBP,tokenised-gbp,Tokenised GBP,561,False,contract,1,Contract address match (chain: ethereum),No,"Alamat contract CMC cocok persis dengan listing CoinGecko di chain 'ethereum' -- sinyal terkuat, berarti token yang sama persis on-chain.",Y
1788,Metal DAO,MTL,metal,Metal DAO,562,True,symbol,1,Unique ticker symbol ('MTL' cuma 1 listing di CoinGecko),No,Simbol 'MTL' unik di CoinGecko (tidak ada listing lain yang bentrok).,Y
38545,COINDEPO,COINDEPO,coindepo,COINDEPO,563,False,contract,1,Contract address match (chain: ethereum),No,"Alamat contract CMC cocok persis dengan listing CoinGecko di chain 'ethereum' -- sinyal terkuat, berarti token yang sama persis on-chain.",Y
1816,Civic,CVC,civic,Civic,564,True,contract,1,Contract address match (chain: ethereum),No,"Alamat contract CMC cocok persis dengan listing CoinGecko di chain 'ethereum' -- sinyal terkuat, berarti token yang sama persis on-chain.",Y
35690,B3 (Base),B3,b3,B3 (Base),565,False,contract,1,Contract address match (chain: base),No,"Alamat contract CMC cocok persis dengan listing CoinGecko di chain 'base' -- sinyal terkuat, berarti token yang sama persis on-chain.",Y
39042,Power Protocol,POWER,power-protocol,Power Protocol,566,False,contract,1,Contract address match (chain: ethereum),No,"Alamat contract CMC cocok persis dengan listing CoinGecko di chain 'ethereum' -- sinyal terkuat, berarti token yang sama persis on-chain.",Y
38092,MicroStrategy Tokenized Stock (Ondo),MSTRon,microstrategy-ondo-tokenized-stock,MicroStrategy (Ondo Tokenized Stock),567,False,contract,0.87,Contract address match (chain: ethereum),No,"Alamat contract CMC cocok persis dengan listing CoinGecko di chain 'ethereum' -- sinyal terkuat, berarti token yang sama persis on-chain.",Y
40793,Alphabet Tokenized bStocks,GOOGLB,alphabet-bstocks-tokenized-stock,Alphabet (bStocks Tokenized Stock),568,True,contract,0.83,Contract address match (chain: binance-smart-chain),No,"Alamat contract CMC cocok persis dengan listing CoinGecko di chain 'binance-smart-chain' -- sinyal terkuat, berarti token yang sama persis on-chain.",Y
37298,Velvet,VELVET,velvet,Velvet,569,False,contract,1,Contract address match (chain: binance-smart-chain),No,"Alamat contract CMC cocok persis dengan listing CoinGecko di chain 'binance-smart-chain' -- sinyal terkuat, berarti token yang sama persis on-chain.",Y
39769,iShares Bitcoin Trust Tokenized Stock (Ondo),IBITon,ishares-bitcoin-trust-ondo-tokenized,iShares Bitcoin Trust (Ondo Tokenized),570,False,contract,0.81,Contract address match (chain: solana),No,"Alamat contract CMC cocok persis dengan listing CoinGecko di chain 'solana' -- sinyal terkuat, berarti token yang sama persis on-chain.",Y
36511,SLT,SLT,salute,Salute,571,False,symbol_by_market_cap,0.67,Ambiguous symbol -> market cap dominance (rasio runner-up tanpa data market cap vs runner-up),Yes,"Simbol 'SLT' dipakai >1 listing di CoinGecko (kemungkinan wrapped/bridged/tiruan). Dipilih yang market cap-nya dominan (runner-up tanpa data market cap). Ini heuristik, bukan validasi identitas -- mohon dicek manual project-nya benar 'SLT'.",N
38427,ZEROBASE,ZBT,zerobase,ZEROBASE,572,True,contract,1,Contract address match (chain: ethereum),No,"Alamat contract CMC cocok persis dengan listing CoinGecko di chain 'ethereum' -- sinyal terkuat, berarti token yang sama persis on-chain.",Y
30096,Degen,DEGEN,degen-base,Degen,573,False,contract,1,Contract address match (chain: ethereum),No,"Alamat contract CMC cocok persis dengan listing CoinGecko di chain 'ethereum' -- sinyal terkuat, berarti token yang sama persis on-chain.",Y
39611,MANTRA,MANTRA,mantra,MANTRA,574,True,symbol,1,Unique ticker symbol ('MANTRA' cuma 1 listing di CoinGecko),No,Simbol 'MANTRA' unik di CoinGecko (tidak ada listing lain yang bentrok).,Y
38864,Folks Finance,FOLKS,folks,FOLKS,575,False,contract,0.59,Contract address match (chain: ethereum),No,"Alamat contract CMC cocok persis dengan listing CoinGecko di chain 'ethereum' -- sinyal terkuat, berarti token yang sama persis on-chain.",Y
39856,NotInEmploymentEducationTraining,NEET,neet,"Not in Employment, Education, or Training",576,False,contract,0.97,Contract address match (chain: solana),No,"Alamat contract CMC cocok persis dengan listing CoinGecko di chain 'solana' -- sinyal terkuat, berarti token yang sama persis on-chain.",Y
37534,PlaysOut,PLAY,playsout,PlaysOut,577,False,contract,1,Contract address match (chain: base),No,"Alamat contract CMC cocok persis dengan listing CoinGecko di chain 'base' -- sinyal terkuat, berarti token yang sama persis on-chain.",Y
40659,"OpenAI
Pre-IPO stock (Republic)",preOPAI,openai-republic-pre-ipo,OpenAI (Republic Pre-IPO),578,False,contract,0.62,Contract address match (chain: solana),No,"Alamat contract CMC cocok persis dengan listing CoinGecko di chain 'solana' -- sinyal terkuat, berarti token yang sama persis on-chain.",Y
39883,Gensyn,AI,gensyn,Gensyn,579,True,contract,1,Contract address match (chain: ethereum),No,"Alamat contract CMC cocok persis dengan listing CoinGecko di chain 'ethereum' -- sinyal terkuat, berarti token yang sama persis on-chain.",Y
9566,Liquity USD,LUSD,liquity-usd,Liquity USD,580,False,contract,1,Contract address match (chain: ethereum),No,"Alamat contract CMC cocok persis dengan listing CoinGecko di chain 'ethereum' -- sinyal terkuat, berarti token yang sama persis on-chain.",Y
16690,Abey,ABEY,abey,Abey,581,False,symbol,1,Unique ticker symbol ('ABEY' cuma 1 listing di CoinGecko),No,Simbol 'ABEY' unik di CoinGecko (tidak ada listing lain yang bentrok).,Y
6841,Phala Network,PHA,pha,PHALA,582,True,symbol,0.59,Unique ticker symbol ('PHA' cuma 1 listing di CoinGecko),No,Simbol 'PHA' unik di CoinGecko (tidak ada listing lain yang bentrok).,Y
38057,iShares Silver Trust Tokenized ETF (Ondo),SLVon,ishares-silver-trust-ondo-tokenized-stock,iShares Silver Trust (Ondo Tokenized Stock),583,False,contract,0.83,Contract address match (chain: ethereum),No,"Alamat contract CMC cocok persis dengan listing CoinGecko di chain 'ethereum' -- sinyal terkuat, berarti token yang sama persis on-chain.",Y
37340,Chainbase,C,chainbase,Chainbase,584,True,contract,1,Contract address match (chain: binance-smart-chain),No,"Alamat contract CMC cocok persis dengan listing CoinGecko di chain 'binance-smart-chain' -- sinyal terkuat, berarti token yang sama persis on-chain.",Y
36319,OKZOO,AIOT,okzoo,OKZOO,585,False,contract,1,Contract address match (chain: binance-smart-chain),No,"Alamat contract CMC cocok persis dengan listing CoinGecko di chain 'binance-smart-chain' -- sinyal terkuat, berarti token yang sama persis on-chain.",Y
41773,KiiChain,KII,kiichain,KiiChain,586,False,symbol,1,Unique ticker symbol ('KII' cuma 1 listing di CoinGecko),No,Simbol 'KII' unik di CoinGecko (tidak ada listing lain yang bentrok).,Y
8719,Illuvium,ILV,illuvium,Illuvium,587,True,contract,1,Contract address match (chain: ethereum),No,"Alamat contract CMC cocok persis dengan listing CoinGecko di chain 'ethereum' -- sinyal terkuat, berarti token yang sama persis on-chain.",Y
35386,AO,AO,ao-computer,ao Computer,588,False,symbol,0.33,Unique ticker symbol ('AO' cuma 1 listing di CoinGecko),Yes,"Simbol 'AO' unik di CoinGecko (tidak ada listing lain yang bentrok). TAPI tidak ada validasi silang lain (bukan contract/sosial), dan nama kurang mirip (similarity=0.33) -- tolong dicek manual apakah proyeknya benar sama.",N
6953,Frax (prev. FXS),FRAX,frax-share,Frax (prev. FXS),589,True,contract,1,Contract address match (chain: ethereum),No,"Alamat contract CMC cocok persis dengan listing CoinGecko di chain 'ethereum' -- sinyal terkuat, berarti token yang sama persis on-chain.",Y
34143,WhiteRock,WHITE,whiterock,WhiteRock,590,False,contract,1,Contract address match (chain: ethereum),No,"Alamat contract CMC cocok persis dengan listing CoinGecko di chain 'ethereum' -- sinyal terkuat, berarti token yang sama persis on-chain.",Y
14822,Victoria VR,VR,victoria-vr,Victoria VR,591,False,contract,1,Contract address match (chain: ethereum),No,"Alamat contract CMC cocok persis dengan listing CoinGecko di chain 'ethereum' -- sinyal terkuat, berarti token yang sama persis on-chain.",Y
39394,Everything,EV,everything,Everything,592,False,contract,1,Contract address match (chain: ethereum),No,"Alamat contract CMC cocok persis dengan listing CoinGecko di chain 'ethereum' -- sinyal terkuat, berarti token yang sama persis on-chain.",Y
9640,Metis,METIS,metis-token,Metis,593,True,contract,1,Contract address match (chain: ethereum),No,"Alamat contract CMC cocok persis dengan listing CoinGecko di chain 'ethereum' -- sinyal terkuat, berarti token yang sama persis on-chain.",Y
1637,iExec RLC,RLC,iexec-rlc,iExec RLC,594,True,contract,1,Contract address match (chain: ethereum),No,"Alamat contract CMC cocok persis dengan listing CoinGecko di chain 'ethereum' -- sinyal terkuat, berarti token yang sama persis on-chain.",Y
1320,Ardor,ARDR,ardor,Ardor,596,False,symbol,1,Unique ticker symbol ('ARDR' cuma 1 listing di CoinGecko),No,Simbol 'ARDR' unik di CoinGecko (tidak ada listing lain yang bentrok).,Y
2341,SwftCoin,SWFTC,swftcoin,SWFTCOIN,597,False,contract,1,Contract address match (chain: ethereum),No,"Alamat contract CMC cocok persis dengan listing CoinGecko di chain 'ethereum' -- sinyal terkuat, berarti token yang sama persis on-chain.",Y
36133,Defi App,HOME,home,HOME,598,True,contract,0.18,Contract address match (chain: binance-smart-chain),Yes,"Alamat contract CMC cocok persis dengan listing CoinGecko di chain 'binance-smart-chain' -- sinyal terkuat, berarti token yang sama persis on-chain. Nama CMC ('Defi App') vs CoinGecko ('HOME') sangat berbeda (similarity=0.18) walau tier-nya biasanya kuat -- janggal, tolong dicek manual (potensi bug mapping chain/simbol).",N
33372,CARV,CARV,carv,CARV,599,False,contract,1,Contract address match (chain: ethereum),No,"Alamat contract CMC cocok persis dengan listing CoinGecko di chain 'ethereum' -- sinyal terkuat, berarti token yang sama persis on-chain.",Y
5444,Cartesi,CTSI,cartesi,Cartesi,600,True,contract,1,Contract address match (chain: ethereum),No,"Alamat contract CMC cocok persis dengan listing CoinGecko di chain 'ethereum' -- sinyal terkuat, berarti token yang sama persis on-chain.",Y
20435,Velodrome Finance,VELO,velodrome-finance,Velodrome Finance,601,True,contract,1,Contract address match (chain: optimistic-ethereum),No,"Alamat contract CMC cocok persis dengan listing CoinGecko di chain 'optimistic-ethereum' -- sinyal terkuat, berarti token yang sama persis on-chain.",Y
36255,Lucidum Coin,LUCIC,lucidum,Lucidum,602,False,contract,0.78,Contract address match (chain: binance-smart-chain),No,"Alamat contract CMC cocok persis dengan listing CoinGecko di chain 'binance-smart-chain' -- sinyal terkuat, berarti token yang sama persis on-chain.",Y
32698,DOGS,DOGS,dogs-2,Dogs,603,True,symbol_by_market_cap,1,Ambiguous symbol -> market cap dominance (rasio 196.4x vs runner-up),Yes,"Simbol 'DOGS' dipakai >1 listing di CoinGecko (kemungkinan wrapped/bridged/tiruan). Dipilih yang market cap-nya dominan (196.4x). Ini heuristik, bukan validasi identitas -- mohon dicek manual project-nya benar 'DOGS'.",N
8602,Bounce Token,AUCTION,auction,Bounce,604,True,contract,0.71,Contract address match (chain: ethereum),No,"Alamat contract CMC cocok persis dengan listing CoinGecko di chain 'ethereum' -- sinyal terkuat, berarti token yang sama persis on-chain.",Y
37545,BankrCoin,BNKR,bankercoin-2,BankrCoin,605,False,contract,1,Contract address match (chain: base),No,"Alamat contract CMC cocok persis dengan listing CoinGecko di chain 'base' -- sinyal terkuat, berarti token yang sama persis on-chain.",Y
39800,OpenGradient,OPG,opengradient,OpenGradient,606,True,contract,1,Contract address match (chain: binance-smart-chain),No,"Alamat contract CMC cocok persis dengan listing CoinGecko di chain 'binance-smart-chain' -- sinyal terkuat, berarti token yang sama persis on-chain.",Y
27565,Arkham,ARKM,arkham,Arkham,607,True,contract,1,Contract address match (chain: ethereum),No,"Alamat contract CMC cocok persis dengan listing CoinGecko di chain 'ethereum' -- sinyal terkuat, berarti token yang sama persis on-chain.",Y
35269,MetYa,MY,metya,MetYa,608,False,contract,1,Contract address match (chain: binance-smart-chain),No,"Alamat contract CMC cocok persis dengan listing CoinGecko di chain 'binance-smart-chain' -- sinyal terkuat, berarti token yang sama persis on-chain.",Y
8083,Tokenlon Network Token,LON,tokenlon,Tokenlon,609,False,contract,0.57,Contract address match (chain: ethereum),No,"Alamat contract CMC cocok persis dengan listing CoinGecko di chain 'ethereum' -- sinyal terkuat, berarti token yang sama persis on-chain.",Y
40813,SK Hynix Tokenized bStocks,SKHYB,sk-hynix-bstocks-tokenized-stock,SK Hynix (bStocks Tokenized Stock),610,True,contract,0.82,Contract address match (chain: binance-smart-chain),No,"Alamat contract CMC cocok persis dengan listing CoinGecko di chain 'binance-smart-chain' -- sinyal terkuat, berarti token yang sama persis on-chain.",Y
9220,StrikeX,STRX,strikecoin,StrikeX,611,False,contract,1,Contract address match (chain: ethereum),No,"Alamat contract CMC cocok persis dengan listing CoinGecko di chain 'ethereum' -- sinyal terkuat, berarti token yang sama persis on-chain.",Y
5691,SKALE,SKL,skale,SKALE,612,True,contract,1,Contract address match (chain: ethereum),No,"Alamat contract CMC cocok persis dengan listing CoinGecko di chain 'ethereum' -- sinyal terkuat, berarti token yang sama persis on-chain.",Y
28480,Blast,BLAST,blast,Blast,613,False,symbol_by_market_cap,1,Ambiguous symbol -> market cap dominance (rasio 720.4x vs runner-up),Yes,"Simbol 'BLAST' dipakai >1 listing di CoinGecko (kemungkinan wrapped/bridged/tiruan). Dipilih yang market cap-nya dominan (720.4x). Ini heuristik, bukan validasi identitas -- mohon dicek manual project-nya benar 'Blast'.",N
4950,LCX,LCX,lcx,LCX,614,False,contract,1,Contract address match (chain: ethereum),No,"Alamat contract CMC cocok persis dengan listing CoinGecko di chain 'ethereum' -- sinyal terkuat, berarti token yang sama persis on-chain.",Y
18069,GMT,GMT,stepn,GMT,615,True,contract,1,Contract address match (chain: ethereum),No,"Alamat contract CMC cocok persis dengan listing CoinGecko di chain 'ethereum' -- sinyal terkuat, berarti token yang sama persis on-chain.",Y
2300,WAX,WAXP,wax,WAX,616,True,symbol,1,Unique ticker symbol ('WAXP' cuma 1 listing di CoinGecko),No,Simbol 'WAXP' unik di CoinGecko (tidak ada listing lain yang bentrok).,Y
36296,Lorenzo Protocol,BANK,lorenzo-protocol,Lorenzo Protocol,617,True,contract,1,Contract address match (chain: binance-smart-chain),No,"Alamat contract CMC cocok persis dengan listing CoinGecko di chain 'binance-smart-chain' -- sinyal terkuat, berarti token yang sama persis on-chain.",Y
2930,IQ,IQ,everipedia,IQ,618,True,contract,1,Contract address match (chain: ethereum),No,"Alamat contract CMC cocok persis dengan listing CoinGecko di chain 'ethereum' -- sinyal terkuat, berarti token yang sama persis on-chain.",Y
40694,SPDR S&P 500 Trust Tokenized ETF (Robinhood),SPY,spdr-s-p-500-etf-trust-robinhood-tokenized-stock,SPDR S&P 500 ETF Trust • Robinhood Token,619,False,symbol_by_market_cap,0.7,Ambiguous symbol -> market cap dominance (rasio 75.8x vs runner-up),Yes,"Simbol 'SPY' dipakai >1 listing di CoinGecko (kemungkinan wrapped/bridged/tiruan). Dipilih yang market cap-nya dominan (75.8x). Ini heuristik, bukan validasi identitas -- mohon dicek manual project-nya benar 'SPDR S&P 500 Trust Tokenized ETF (Robinhood)'.",N
38557,4,4,4-2,4,620,False,contract,1,Contract address match (chain: binance-smart-chain),No,"Alamat contract CMC cocok persis dengan listing CoinGecko di chain 'binance-smart-chain' -- sinyal terkuat, berarti token yang sama persis on-chain.",Y
33979,Usual,USUAL,usual,Usual,621,True,contract,1,Contract address match (chain: ethereum),No,"Alamat contract CMC cocok persis dengan listing CoinGecko di chain 'ethereum' -- sinyal terkuat, berarti token yang sama persis on-chain.",Y
38356,Fogo,FOGO,fogo,Fogo,622,True,symbol,1,Unique ticker symbol ('FOGO' cuma 1 listing di CoinGecko),No,Simbol 'FOGO' unik di CoinGecko (tidak ada listing lain yang bentrok).,Y
38889,Block Street,BSB,block-street,Block Street,623,False,contract,1,Contract address match (chain: binance-smart-chain),No,"Alamat contract CMC cocok persis dengan listing CoinGecko di chain 'binance-smart-chain' -- sinyal terkuat, berarti token yang sama persis on-chain.",Y
3029,Flux,FLUX,zelcash,Flux,624,True,symbol_by_market_cap,1,Ambiguous symbol -> market cap dominance (rasio 157.8x vs runner-up),Yes,"Simbol 'FLUX' dipakai >1 listing di CoinGecko (kemungkinan wrapped/bridged/tiruan). Dipilih yang market cap-nya dominan (157.8x). Ini heuristik, bukan validasi identitas -- mohon dicek manual project-nya benar 'Flux'.",N
12573,Clearpool,CPOOL,clearpool,Clearpool,625,False,contract,1,Contract address match (chain: ethereum),No,"Alamat contract CMC cocok persis dengan listing CoinGecko di chain 'ethereum' -- sinyal terkuat, berarti token yang sama persis on-chain.",Y
24781,Cyber,CYBER,cyberconnect,CYBER,626,True,contract,1,Contract address match (chain: ethereum),No,"Alamat contract CMC cocok persis dengan listing CoinGecko di chain 'ethereum' -- sinyal terkuat, berarti token yang sama persis on-chain.",Y
39071,Cysic,CYS,cysic,Cysic,627,False,contract,1,Contract address match (chain: binance-smart-chain),No,"Alamat contract CMC cocok persis dengan listing CoinGecko di chain 'binance-smart-chain' -- sinyal terkuat, berarti token yang sama persis on-chain.",Y
30168,Xertra,STRAX,stratis,Xertra,628,True,symbol,1,Unique ticker symbol ('STRAX' cuma 1 listing di CoinGecko),No,Simbol 'STRAX' unik di CoinGecko (tidak ada listing lain yang bentrok).,Y
37070,Impossible Cloud Network,ICNT,impossible-cloud-network-token,Impossible Cloud Network Token,629,False,contract,0.9,Contract address match (chain: ethereum),No,"Alamat contract CMC cocok persis dengan listing CoinGecko di chain 'ethereum' -- sinyal terkuat, berarti token yang sama persis on-chain.",Y
38750,Orochi Network,ON,orochi-network,Orochi Network,630,False,contract,1,Contract address match (chain: ethereum),No,"Alamat contract CMC cocok persis dengan listing CoinGecko di chain 'ethereum' -- sinyal terkuat, berarti token yang sama persis on-chain.",Y
13524,Solend,SLND,solend,Solend,631,False,contract,1,Contract address match (chain: solana),No,"Alamat contract CMC cocok persis dengan listing CoinGecko di chain 'solana' -- sinyal terkuat, berarti token yang sama persis on-chain.",Y
28194,SATS (Ordinals),SATS,sats-ordinals,SATS (Ordinals),632,True,symbol_by_market_cap,1,Ambiguous symbol -> market cap dominance (rasio 716510.7x vs runner-up),Yes,"Simbol 'SATS' dipakai >1 listing di CoinGecko (kemungkinan wrapped/bridged/tiruan). Dipilih yang market cap-nya dominan (716510.7x). Ini heuristik, bukan validasi identitas -- mohon dicek manual project-nya benar 'SATS (Ordinals)'.",N
38433,Ark of Panda,AOP,aave-v3-op,Aave v3 OP,633,False,symbol,0.33,Unique ticker symbol ('AOP' cuma 1 listing di CoinGecko),Yes,"Simbol 'AOP' unik di CoinGecko (tidak ada listing lain yang bentrok). TAPI tidak ada validasi silang lain (bukan contract/sosial), dan nama kurang mirip (similarity=0.33) -- tolong dicek manual apakah proyeknya benar sama.",N
39918,SNC SCANDIC COIN,SNC,scandic-coin,Scandic Coin,634,False,contract,0.88,Contract address match (chain: ethereum),No,"Alamat contract CMC cocok persis dengan listing CoinGecko di chain 'ethereum' -- sinyal terkuat, berarti token yang sama persis on-chain.",Y
5266,MiL.k,MLK,milk-alliance,MiL.k,635,False,contract,1,Contract address match (chain: arbitrum-one),No,"Alamat contract CMC cocok persis dengan listing CoinGecko di chain 'arbitrum-one' -- sinyal terkuat, berarti token yang sama persis on-chain.",Y
10688,Yield Guild Games,YGG,yield-guild-games,Yield Guild Games,636,True,contract,1,Contract address match (chain: ethereum),No,"Alamat contract CMC cocok persis dengan listing CoinGecko di chain 'ethereum' -- sinyal terkuat, berarti token yang sama persis on-chain.",Y
5824,Smooth Love Potion,SLP,smooth-love-potion,Smooth Love Potion,637,True,contract,1,Contract address match (chain: ethereum),No,"Alamat contract CMC cocok persis dengan listing CoinGecko di chain 'ethereum' -- sinyal terkuat, berarti token yang sama persis on-chain.",Y
38513,OpenEden,EDEN,openeden,OpenEden,638,True,contract,1,Contract address match (chain: ethereum),No,"Alamat contract CMC cocok persis dengan listing CoinGecko di chain 'ethereum' -- sinyal terkuat, berarti token yang sama persis on-chain.",Y
42290,CEA Industries Tokenized bStocks,BNCB,cea-industries-bstocks-tokenized-stock,CEA Industries (bStocks Tokenized Stock),639,True,contract,0.86,Contract address match (chain: binance-smart-chain),No,"Alamat contract CMC cocok persis dengan listing CoinGecko di chain 'binance-smart-chain' -- sinyal terkuat, berarti token yang sama persis on-chain.",Y
32193,Aleo,ALEO,aleo,ALEO,640,False,contract,1,Contract address match (chain: binance-smart-chain),No,"Alamat contract CMC cocok persis dengan listing CoinGecko di chain 'binance-smart-chain' -- sinyal terkuat, berarti token yang sama persis on-chain.",Y
29676,Aevo,AEVO,aevo-exchange,Aevo,641,True,contract,1,Contract address match (chain: ethereum),No,"Alamat contract CMC cocok persis dengan listing CoinGecko di chain 'ethereum' -- sinyal terkuat, berarti token yang sama persis on-chain.",Y
29318,Worldwide USD,WUSD,worldwide-usd,Worldwide USD,642,False,contract,1,Contract address match (chain: ethereum),No,"Alamat contract CMC cocok persis dengan listing CoinGecko di chain 'ethereum' -- sinyal terkuat, berarti token yang sama persis on-chain.",Y
38466,Bless,BLESS,bless-2,Bless,643,False,contract,1,Contract address match (chain: binance-smart-chain),No,"Alamat contract CMC cocok persis dengan listing CoinGecko di chain 'binance-smart-chain' -- sinyal terkuat, berarti token yang sama persis on-chain.",Y
35702,Nillion,NIL,nillion,Nillion,644,True,contract,1,Contract address match (chain: ethereum),No,"Alamat contract CMC cocok persis dengan listing CoinGecko di chain 'ethereum' -- sinyal terkuat, berarti token yang sama persis on-chain.",Y
9258,Chia,XCH,chia,Chia,645,False,symbol,1,Unique ticker symbol ('XCH' cuma 1 listing di CoinGecko),No,Simbol 'XCH' unik di CoinGecko (tidak ada listing lain yang bentrok).,Y
29933,Undeads Games,UDS,undeads-games,Undeads Games,646,False,contract,1,Contract address match (chain: ethereum),No,"Alamat contract CMC cocok persis dengan listing CoinGecko di chain 'ethereum' -- sinyal terkuat, berarti token yang sama persis on-chain.",Y
28230,Big Time,BIGTIME,big-time,Big Time,647,True,contract,1,Contract address match (chain: ethereum),No,"Alamat contract CMC cocok persis dengan listing CoinGecko di chain 'ethereum' -- sinyal terkuat, berarti token yang sama persis on-chain.",Y
40685,NVIDIA Tokenized Stock (Robinhood),NVDA,nvidia-robinhood-tokenized-stock,NVIDIA • Robinhood Token,648,False,symbol_by_market_cap,0.61,Ambiguous symbol -> market cap dominance (rasio 21.1x vs runner-up),Yes,"Simbol 'NVDA' dipakai >1 listing di CoinGecko (kemungkinan wrapped/bridged/tiruan). Dipilih yang market cap-nya dominan (21.1x). Ini heuristik, bukan validasi identitas -- mohon dicek manual project-nya benar 'NVIDIA Tokenized Stock (Robinhood)'.",N
1414,Firo,FIRO,zcoin,Firo,649,False,symbol_by_market_cap,1,Ambiguous symbol -> market cap dominance (rasio 20.3x vs runner-up),Yes,"Simbol 'FIRO' dipakai >1 listing di CoinGecko (kemungkinan wrapped/bridged/tiruan). Dipilih yang market cap-nya dominan (20.3x). Ini heuristik, bukan validasi identitas -- mohon dicek manual project-nya benar 'Firo'.",N
25114,Cetus Protocol,CETUS,cetus-protocol,Cetus Protocol,650,True,contract,1,Contract address match (chain: sui),No,"Alamat contract CMC cocok persis dengan listing CoinGecko di chain 'sui' -- sinyal terkuat, berarti token yang sama persis on-chain.",Y
36933,Codatta,XNY,codatta,Codatta,651,False,contract,1,Contract address match (chain: binance-smart-chain),No,"Alamat contract CMC cocok persis dengan listing CoinGecko di chain 'binance-smart-chain' -- sinyal terkuat, berarti token yang sama persis on-chain.",Y
1762,Ergo,ERG,ergo,Ergo,652,False,symbol,1,Unique ticker symbol ('ERG' cuma 1 listing di CoinGecko),No,Simbol 'ERG' unik di CoinGecko (tidak ada listing lain yang bentrok).,Y
38371,Boundless,ZKC,boundless,Boundless,653,True,contract,1,Contract address match (chain: ethereum),No,"Alamat contract CMC cocok persis dengan listing CoinGecko di chain 'ethereum' -- sinyal terkuat, berarti token yang sama persis on-chain.",Y
7737,API3,API3,api3,Api3,654,True,contract,1,Contract address match (chain: ethereum),No,"Alamat contract CMC cocok persis dengan listing CoinGecko di chain 'ethereum' -- sinyal terkuat, berarti token yang sama persis on-chain.",Y
17520,Orbler,ORBR,orbler,Orbler,655,False,contract,1,Contract address match (chain: ethereum),No,"Alamat contract CMC cocok persis dengan listing CoinGecko di chain 'ethereum' -- sinyal terkuat, berarti token yang sama persis on-chain.",Y
7501,WOO,WOO,woo-network,WOO,656,True,contract,1,Contract address match (chain: ethereum),No,"Alamat contract CMC cocok persis dengan listing CoinGecko di chain 'ethereum' -- sinyal terkuat, berarti token yang sama persis on-chain.",Y
17591,NYM,NYM,nym,Nym,657,False,contract,1,Contract address match (chain: ethereum),No,"Alamat contract CMC cocok persis dengan listing CoinGecko di chain 'ethereum' -- sinyal terkuat, berarti token yang sama persis on-chain.",Y
40814,Grvt,GRVT,grvt,GRVT Token,658,False,contract,0.62,Contract address match (chain: ethereum),No,"Alamat contract CMC cocok persis dengan listing CoinGecko di chain 'ethereum' -- sinyal terkuat, berarti token yang sama persis on-chain.",Y
22264,Oho,OHO,oho-blockchain,OHO Blockchain,659,False,symbol,0.38,Unique ticker symbol ('OHO' cuma 1 listing di CoinGecko),Yes,"Simbol 'OHO' unik di CoinGecko (tidak ada listing lain yang bentrok). TAPI tidak ada validasi silang lain (bukan contract/sosial), dan nama kurang mirip (similarity=0.38) -- tolong dicek manual apakah proyeknya benar sama.",N
7429,Liquity,LQTY,liquity,Liquity,660,True,contract,1,Contract address match (chain: ethereum),No,"Alamat contract CMC cocok persis dengan listing CoinGecko di chain 'ethereum' -- sinyal terkuat, berarti token yang sama persis on-chain.",Y
40008,Zest Protocol,ZEST,zest-protocol,Zest Protocol,661,False,contract,1,Contract address match (chain: ethereum),No,"Alamat contract CMC cocok persis dengan listing CoinGecko di chain 'ethereum' -- sinyal terkuat, berarti token yang sama persis on-chain.",Y
34103,aixbt,AIXBT,aixbt,aixbt,662,True,contract,1,Contract address match (chain: ethereum),No,"Alamat contract CMC cocok persis dengan listing CoinGecko di chain 'ethereum' -- sinyal terkuat, berarti token yang sama persis on-chain.",Y
38001,Alphabet Class A Tokenized Stock (Ondo),GOOGLon,alphabet-class-a-ondo-tokenized-stock,Alphabet Class A (Ondo Tokenized Stock),663,False,contract,0.88,Contract address match (chain: ethereum),No,"Alamat contract CMC cocok persis dengan listing CoinGecko di chain 'ethereum' -- sinyal terkuat, berarti token yang sama persis on-chain.",Y
16612,Nosana,NOS,nosana,Nosana,664,False,contract,1,Contract address match (chain: solana),No,"Alamat contract CMC cocok persis dengan listing CoinGecko di chain 'solana' -- sinyal terkuat, berarti token yang sama persis on-chain.",Y
20561,MESSIER,M87,messier,MESSIER,665,False,contract,1,Contract address match (chain: ethereum),No,"Alamat contract CMC cocok persis dengan listing CoinGecko di chain 'ethereum' -- sinyal terkuat, berarti token yang sama persis on-chain.",Y
39595,Fabric Protocol,ROBO,robo-token-2,Fabric Protocol,666,True,contract,1,Contract address match (chain: ethereum),No,"Alamat contract CMC cocok persis dengan listing CoinGecko di chain 'ethereum' -- sinyal terkuat, berarti token yang sama persis on-chain.",Y
18934,Stargate Finance,STG,stargate-finance,Stargate Finance,667,True,contract,1,Contract address match (chain: ethereum),No,"Alamat contract CMC cocok persis dengan listing CoinGecko di chain 'ethereum' -- sinyal terkuat, berarti token yang sama persis on-chain.",Y
41892,The Interfold,FOLD,interfold,The Interfold,668,False,contract,1,Contract address match (chain: ethereum),No,"Alamat contract CMC cocok persis dengan listing CoinGecko di chain 'ethereum' -- sinyal terkuat, berarti token yang sama persis on-chain.",Y
4807,Shentu,CTK,certik,Shentu,669,True,symbol_by_market_cap,1,Ambiguous symbol -> market cap dominance (rasio 79.7x vs runner-up),Yes,"Simbol 'CTK' dipakai >1 listing di CoinGecko (kemungkinan wrapped/bridged/tiruan). Dipilih yang market cap-nya dominan (79.7x). Ini heuristik, bukan validasi identitas -- mohon dicek manual project-nya benar 'Shentu'.",N
5858,QANplatform,QANX,qanplatform,QANplatform,670,False,contract,1,Contract address match (chain: ethereum),No,"Alamat contract CMC cocok persis dengan listing CoinGecko di chain 'ethereum' -- sinyal terkuat, berarti token yang sama persis on-chain.",Y
37430,Trusta.AI,TA,trusta-ai,Trusta AI,671,False,contract,1,Contract address match (chain: binance-smart-chain),No,"Alamat contract CMC cocok persis dengan listing CoinGecko di chain 'binance-smart-chain' -- sinyal terkuat, berarti token yang sama persis on-chain.",Y
12165,Solv Protocol,SOLV,solv-protocol,Solv Protocol,672,True,contract,1,Contract address match (chain: binance-smart-chain),No,"Alamat contract CMC cocok persis dengan listing CoinGecko di chain 'binance-smart-chain' -- sinyal terkuat, berarti token yang sama persis on-chain.",Y
9543,Biconomy,BICO,biconomy,Biconomy,673,True,contract,1,Contract address match (chain: ethereum),No,"Alamat contract CMC cocok persis dengan listing CoinGecko di chain 'ethereum' -- sinyal terkuat, berarti token yang sama persis on-chain.",Y
35114,NaoX Protocol,NAORIS,naoris,NaoX Protocol,674,False,contract,1,Contract address match (chain: ethereum),No,"Alamat contract CMC cocok persis dengan listing CoinGecko di chain 'ethereum' -- sinyal terkuat, berarti token yang sama persis on-chain.",Y
32232,Public Masterpiece Token,PMT,public-meme-token,Public Masterpiece Token,675,False,contract,1,Contract address match (chain: binance-smart-chain),No,"Alamat contract CMC cocok persis dengan listing CoinGecko di chain 'binance-smart-chain' -- sinyal terkuat, berarti token yang sama persis on-chain.",Y
20245,Comtech Gold,CGO,comtech-gold,Comtech Gold,676,False,symbol_by_market_cap,1,Ambiguous symbol -> market cap dominance (rasio 277.1x vs runner-up),Yes,"Simbol 'CGO' dipakai >1 listing di CoinGecko (kemungkinan wrapped/bridged/tiruan). Dipilih yang market cap-nya dominan (277.1x). Ini heuristik, bukan validasi identitas -- mohon dicek manual project-nya benar 'Comtech Gold'.",N
8677,Symbol,XYM,symbol,Symbol,677,False,symbol,1,Unique ticker symbol ('XYM' cuma 1 listing di CoinGecko),No,Simbol 'XYM' unik di CoinGecko (tidak ada listing lain yang bentrok).,Y
7978,Bonfida,FIDA,bonfida,Bonfida,678,True,contract,1,Contract address match (chain: solana),No,"Alamat contract CMC cocok persis dengan listing CoinGecko di chain 'solana' -- sinyal terkuat, berarti token yang sama persis on-chain.",Y
2545,ArcBlock,ABT,arcblock,Arcblock,679,False,contract,1,Contract address match (chain: ethereum),No,"Alamat contract CMC cocok persis dengan listing CoinGecko di chain 'ethereum' -- sinyal terkuat, berarti token yang sama persis on-chain.",Y
32968,AI Companions,AIC,ai-companions,AI Companions,680,False,contract,1,Contract address match (chain: binance-smart-chain),No,"Alamat contract CMC cocok persis dengan listing CoinGecko di chain 'binance-smart-chain' -- sinyal terkuat, berarti token yang sama persis on-chain.",Y
38668,Enso,ENSO,enso,Enso,681,True,contract,1,Contract address match (chain: ethereum),No,"Alamat contract CMC cocok persis dengan listing CoinGecko di chain 'ethereum' -- sinyal terkuat, berarti token yang sama persis on-chain.",Y
2776,AVA (Travala),AVA,concierge-io,AVA (Travala),682,True,contract,1,Contract address match (chain: ethereum),No,"Alamat contract CMC cocok persis dengan listing CoinGecko di chain 'ethereum' -- sinyal terkuat, berarti token yang sama persis on-chain.",Y
30651,Quantix Finance,QFI,quantixai,Quantix Finance,683,False,contract,1,Contract address match (chain: tron),No,"Alamat contract CMC cocok persis dengan listing CoinGecko di chain 'tron' -- sinyal terkuat, berarti token yang sama persis on-chain.",Y
40214,Tesla Tokenized bStocks,TSLAB,tesla-bstocks-tokenized-stock,Tesla (bStocks Tokenized Stock),684,True,contract,0.81,Contract address match (chain: binance-smart-chain),No,"Alamat contract CMC cocok persis dengan listing CoinGecko di chain 'binance-smart-chain' -- sinyal terkuat, berarti token yang sama persis on-chain.",Y
34330,Freysa,FAI,freysa-ai,Freysa AI,685,False,contract,0.86,Contract address match (chain: base),No,"Alamat contract CMC cocok persis dengan listing CoinGecko di chain 'base' -- sinyal terkuat, berarti token yang sama persis on-chain.",Y
38175,OVERTAKE,TAKE,overtake,OVERTAKE,686,False,contract,1,Contract address match (chain: binance-smart-chain),No,"Alamat contract CMC cocok persis dengan listing CoinGecko di chain 'binance-smart-chain' -- sinyal terkuat, berarti token yang sama persis on-chain.",Y
23054,Cheelee,CHEEL,cheelee,Cheelee,687,False,contract,1,Contract address match (chain: binance-smart-chain),No,"Alamat contract CMC cocok persis dengan listing CoinGecko di chain 'binance-smart-chain' -- sinyal terkuat, berarti token yang sama persis on-chain.",Y
39159,Brevis,BREV,brevis,Brevis,688,True,contract,1,Contract address match (chain: ethereum),No,"Alamat contract CMC cocok persis dengan listing CoinGecko di chain 'ethereum' -- sinyal terkuat, berarti token yang sama persis on-chain.",Y
39797,Perle,PRL,pearl-2,Pearl,689,False,symbol_by_market_cap,0.8,Ambiguous symbol -> market cap dominance (rasio 11.0x vs runner-up),Yes,"Simbol 'PRL' dipakai >1 listing di CoinGecko (kemungkinan wrapped/bridged/tiruan). Dipilih yang market cap-nya dominan (11.0x). Ini heuristik, bukan validasi identitas -- mohon dicek manual project-nya benar 'Perle'.",N
30063,Gigachad,GIGA,gigachad-2,Gigachad,690,False,contract,1,Contract address match (chain: solana),No,"Alamat contract CMC cocok persis dengan listing CoinGecko di chain 'solana' -- sinyal terkuat, berarti token yang sama persis on-chain.",Y
38031,iShares 20+ Year Treasury Bond Tokenized ETF (Ondo),TLTon,ishares-20-year-treasury-bond-etf-ondo-tokenized-etf,iShares 20+ Year Treasury Bond ETF (Ondo Tokenized ETF),691,False,contract,0.87,Contract address match (chain: ethereum),No,"Alamat contract CMC cocok persis dengan listing CoinGecko di chain 'ethereum' -- sinyal terkuat, berarti token yang sama persis on-chain.",Y
40794,Semicon Bull 3X ETF Tokenized bStocks,SOXLB,semicon-bull-3x-etf-bstocks-tokenized-stock,Semicon Bull 3X ETF (bStocks Tokenized Stock),692,True,contract,0.87,Contract address match (chain: binance-smart-chain),No,"Alamat contract CMC cocok persis dengan listing CoinGecko di chain 'binance-smart-chain' -- sinyal terkuat, berarti token yang sama persis on-chain.",Y
39151,Capybobo,PYBOBO,capybobo,Capybobo,693,False,contract,1,Contract address match (chain: solana),No,"Alamat contract CMC cocok persis dengan listing CoinGecko di chain 'solana' -- sinyal terkuat, berarti token yang sama persis on-chain.",Y
38035,Intel Tokenized Stock (Ondo),INTCon,intel-ondo-tokenized-stock,Intel (Ondo Tokenized Stock),694,False,contract,0.83,Contract address match (chain: ethereum),No,"Alamat contract CMC cocok persis dengan listing CoinGecko di chain 'ethereum' -- sinyal terkuat, berarti token yang sama persis on-chain.",Y
11823,Pocket Network,POKT,pocket-network,Pocket Network,695,False,contract,1,Contract address match (chain: ethereum),No,"Alamat contract CMC cocok persis dengan listing CoinGecko di chain 'ethereum' -- sinyal terkuat, berarti token yang sama persis on-chain.",Y
5468,Isiklar Coin,ISIKC,isiklar-coin,Isiklar Coin,696,False,symbol,1,Unique ticker symbol ('ISIKC' cuma 1 listing di CoinGecko),No,Simbol 'ISIKC' unik di CoinGecko (tidak ada listing lain yang bentrok).,Y
2303,MediBloc,MED,medibloc,Medibloc,697,False,symbol,1,Unique ticker symbol ('MED' cuma 1 listing di CoinGecko),No,Simbol 'MED' unik di CoinGecko (tidak ada listing lain yang bentrok).,Y
2630,PolySwarm,NCT,polyswarm,PolySwarm,698,False,contract,1,Contract address match (chain: ethereum),No,"Alamat contract CMC cocok persis dengan listing CoinGecko di chain 'ethereum' -- sinyal terkuat, berarti token yang sama persis on-chain.",Y
7455,Audius,AUDIO,audius,Audius,699,True,contract,1,Contract address match (chain: ethereum),No,"Alamat contract CMC cocok persis dengan listing CoinGecko di chain 'ethereum' -- sinyal terkuat, berarti token yang sama persis on-chain.",Y
8107,Cobak Token,CBK,cobak-token,Cobak,700,False,contract,0.67,Contract address match (chain: ethereum),No,"Alamat contract CMC cocok persis dengan listing CoinGecko di chain 'ethereum' -- sinyal terkuat, berarti token yang sama persis on-chain.",Y
35766,siren,SIREN,siren-2,Siren,701,False,contract,1,Contract address match (chain: binance-smart-chain),No,"Alamat contract CMC cocok persis dengan listing CoinGecko di chain 'binance-smart-chain' -- sinyal terkuat, berarti token yang sama persis on-chain.",Y
38909,Janction,JCT,janction,Janction,702,False,contract,1,Contract address match (chain: ethereum),No,"Alamat contract CMC cocok persis dengan listing CoinGecko di chain 'ethereum' -- sinyal terkuat, berarti token yang sama persis on-chain.",Y
23756,ChainGPT,CGPT,chaingpt,ChainGPT,703,True,contract,1,Contract address match (chain: ethereum),No,"Alamat contract CMC cocok persis dengan listing CoinGecko di chain 'ethereum' -- sinyal terkuat, berarti token yang sama persis on-chain.",Y
38117,Sapien,SAPIEN,sapien-2,Sapien,704,True,contract,1,Contract address match (chain: base),No,"Alamat contract CMC cocok persis dengan listing CoinGecko di chain 'base' -- sinyal terkuat, berarti token yang sama persis on-chain.",Y
30449,Tensor,TNSR,tensor,Tensor,705,True,contract,1,Contract address match (chain: solana),No,"Alamat contract CMC cocok persis dengan listing CoinGecko di chain 'solana' -- sinyal terkuat, berarti token yang sama persis on-chain.",Y
38307,Felysyum,FELY,felysyum,Felysyum,706,False,symbol,1,Unique ticker symbol ('FELY' cuma 1 listing di CoinGecko),No,Simbol 'FELY' unik di CoinGecko (tidak ada listing lain yang bentrok).,Y
7224,DODO,DODO,dodo,DODO,707,True,contract,1,Contract address match (chain: ethereum),No,"Alamat contract CMC cocok persis dengan listing CoinGecko di chain 'ethereum' -- sinyal terkuat, berarti token yang sama persis on-chain.",Y
40798,Roundhill Memory ETF Tokenized bStocks,DRAMB,roundhill-memory-etf-bstocks-tokenized-stock,Roundhill Memory ETF (bStocks Tokenized Stock),708,True,contract,0.88,Contract address match (chain: binance-smart-chain),No,"Alamat contract CMC cocok persis dengan listing CoinGecko di chain 'binance-smart-chain' -- sinyal terkuat, berarti token yang sama persis on-chain.",Y
2137,Electroneum,ETN,electroneum,Electroneum,709,False,symbol,1,Unique ticker symbol ('ETN' cuma 1 listing di CoinGecko),No,Simbol 'ETN' unik di CoinGecko (tidak ada listing lain yang bentrok).,Y
38359,STBL,STBL,stbl,STBL,710,False,contract,1,Contract address match (chain: binance-smart-chain),No,"Alamat contract CMC cocok persis dengan listing CoinGecko di chain 'binance-smart-chain' -- sinyal terkuat, berarti token yang sama persis on-chain.",Y
28654,UPCX,UPC,upcx,UPCX,711,False,contract,1,Contract address match (chain: ethereum),No,"Alamat contract CMC cocok persis dengan listing CoinGecko di chain 'ethereum' -- sinyal terkuat, berarti token yang sama persis on-chain.",Y
34269,Mey Network,MEY,mey-network,Mey Network,712,False,contract,1,Contract address match (chain: base),No,"Alamat contract CMC cocok persis dengan listing CoinGecko di chain 'base' -- sinyal terkuat, berarti token yang sama persis on-chain.",Y
37082,Tether Gold Tokens,XAUT0,tether-gold-tokens,Tether Gold Tokens,713,False,symbol,1,Unique ticker symbol ('XAUT0' cuma 1 listing di CoinGecko),No,Simbol 'XAUT0' unik di CoinGecko (tidak ada listing lain yang bentrok).,Y
1883,Adshares,ADS,adshares,Adshares,714,False,symbol,1,Unique ticker symbol ('ADS' cuma 1 listing di CoinGecko),No,Simbol 'ADS' unik di CoinGecko (tidak ada listing lain yang bentrok).,Y
40175,Micron Technology tokenized stock (xStock),MUx,micron-technology-xstock,Micron Technology xStock,715,False,contract,0.76,Contract address match (chain: solana),No,"Alamat contract CMC cocok persis dengan listing CoinGecko di chain 'solana' -- sinyal terkuat, berarti token yang sama persis on-chain.",Y
35053,pippin,PIPPIN,pippin,pippin,716,False,contract,1,Contract address match (chain: solana),No,"Alamat contract CMC cocok persis dengan listing CoinGecko di chain 'solana' -- sinyal terkuat, berarti token yang sama persis on-chain.",Y
31246,GameBuild,GAME,gamebuild,GameBuild,717,False,contract,1,Contract address match (chain: ethereum),No,"Alamat contract CMC cocok persis dengan listing CoinGecko di chain 'ethereum' -- sinyal terkuat, berarti token yang sama persis on-chain.",Y
3441,Divi,DIVI,divi,Divi,718,False,symbol_by_market_cap,1,Ambiguous symbol -> market cap dominance (rasio 2961.6x vs runner-up),Yes,"Simbol 'DIVI' dipakai >1 listing di CoinGecko (kemungkinan wrapped/bridged/tiruan). Dipilih yang market cap-nya dominan (2961.6x). Ini heuristik, bukan validasi identitas -- mohon dicek manual project-nya benar 'Divi'.",N
2840,QuarkChain,QKC,quark-chain,QuarkChain,719,True,contract,1,Contract address match (chain: ethereum),No,"Alamat contract CMC cocok persis dengan listing CoinGecko di chain 'ethereum' -- sinyal terkuat, berarti token yang sama persis on-chain.",Y
35749,CZ's Dog,BROCCOLI,czs-dog,CZ's Dog,720,True,contract,1,Contract address match (chain: binance-smart-chain),No,"Alamat contract CMC cocok persis dengan listing CoinGecko di chain 'binance-smart-chain' -- sinyal terkuat, berarti token yang sama persis on-chain.",Y
41902,Basecat,BASECAT,basecat,Basecat,721,False,contract,1,Contract address match (chain: base),No,"Alamat contract CMC cocok persis dengan listing CoinGecko di chain 'base' -- sinyal terkuat, berarti token yang sama persis on-chain.",Y
2933,BitMart Token,BMX,bitmart-token,BitMart,722,False,contract,0.74,Contract address match (chain: ethereum),No,"Alamat contract CMC cocok persis dengan listing CoinGecko di chain 'ethereum' -- sinyal terkuat, berarti token yang sama persis on-chain.",Y
5067,MAX Exchange Token,MAX,max-token,MAX,723,False,contract,0.32,Contract address match (chain: ethereum),Yes,"Alamat contract CMC cocok persis dengan listing CoinGecko di chain 'ethereum' -- sinyal terkuat, berarti token yang sama persis on-chain. Nama CMC ('MAX Exchange Token') vs CoinGecko ('MAX') sangat berbeda (similarity=0.32) walau tier-nya biasanya kuat -- janggal, tolong dicek manual (potensi bug mapping chain/simbol).",N
3814,Celer Network,CELR,celer-network,Celer Network,724,True,contract,1,Contract address match (chain: ethereum),No,"Alamat contract CMC cocok persis dengan listing CoinGecko di chain 'ethereum' -- sinyal terkuat, berarti token yang sama persis on-chain.",Y
35892,Tutorial,TUT,tutorial,Tutorial,725,True,contract,1,Contract address match (chain: binance-smart-chain),No,"Alamat contract CMC cocok persis dengan listing CoinGecko di chain 'binance-smart-chain' -- sinyal terkuat, berarti token yang sama persis on-chain.",Y
5908,dKargo,DKA,dkargo,dKargo,726,False,contract,1,Contract address match (chain: ethereum),No,"Alamat contract CMC cocok persis dengan listing CoinGecko di chain 'ethereum' -- sinyal terkuat, berarti token yang sama persis on-chain.",Y
38089,Marvell Technology Tokenized Stock (Ondo),MRVLon,marvell-technology-ondo-tokenized-stock,Marvell Technology (Ondo Tokenized Stock),727,False,contract,0.89,Contract address match (chain: ethereum),No,"Alamat contract CMC cocok persis dengan listing CoinGecko di chain 'ethereum' -- sinyal terkuat, berarti token yang sama persis on-chain.",Y
39916,Citrea,CTR,citrea,Citrea,728,False,contract,1,Contract address match (chain: base),No,"Alamat contract CMC cocok persis dengan listing CoinGecko di chain 'base' -- sinyal terkuat, berarti token yang sama persis on-chain.",Y
29335,Pixels,PIXEL,pixels,Pixels,729,True,contract,1,Contract address match (chain: ethereum),No,"Alamat contract CMC cocok persis dengan listing CoinGecko di chain 'ethereum' -- sinyal terkuat, berarti token yang sama persis on-chain.",Y
41874,Cluster Protocol,CP,cluster-protocol,Cluster Protocol,730,False,contract,1,Contract address match (chain: base),No,"Alamat contract CMC cocok persis dengan listing CoinGecko di chain 'base' -- sinyal terkuat, berarti token yang sama persis on-chain.",Y
36288,Definitive,EDGE,definitive,Definitive,731,False,contract,1,Contract address match (chain: base),No,"Alamat contract CMC cocok persis dengan listing CoinGecko di chain 'base' -- sinyal terkuat, berarti token yang sama persis on-chain.",Y
42309,BLUE CHIP (basebluechip.com),BLUECHIP,blue-chip-4,BLUE CHIP,732,False,contract,0.52,Contract address match (chain: base),No,"Alamat contract CMC cocok persis dengan listing CoinGecko di chain 'base' -- sinyal terkuat, berarti token yang sama persis on-chain.",Y
19765,Moonbirds,BIRB,moonbirds,Moonbirds,733,False,contract,1,Contract address match (chain: solana),No,"Alamat contract CMC cocok persis dengan listing CoinGecko di chain 'solana' -- sinyal terkuat, berarti token yang sama persis on-chain.",Y
38021,iShares Core MSCI EAFE Tokenized ETF (Ondo),IEFAon,ishares-core-msci-eafe-etf-ondo-tokenized-etf,iShares Core MSCI EAFE ETF (Ondo Tokenized ETF),734,False,contract,0.85,Contract address match (chain: ethereum),No,"Alamat contract CMC cocok persis dengan listing CoinGecko di chain 'ethereum' -- sinyal terkuat, berarti token yang sama persis on-chain.",Y
35051,Sonic SVM,SONIC,sonic-svm,Sonic SVM,735,False,contract,1,Contract address match (chain: solana),No,"Alamat contract CMC cocok persis dengan listing CoinGecko di chain 'solana' -- sinyal terkuat, berarti token yang sama persis on-chain.",Y
28674,Fusionist,ACE,endurance,Fusionist,736,True,contract,1,Contract address match (chain: binance-smart-chain),No,"Alamat contract CMC cocok persis dengan listing CoinGecko di chain 'binance-smart-chain' -- sinyal terkuat, berarti token yang sama persis on-chain.",Y
2868,Constellation,DAG,constellation-labs,Constellation,737,False,symbol,1,Unique ticker symbol ('DAG' cuma 1 listing di CoinGecko),No,Simbol 'DAG' unik di CoinGecko (tidak ada listing lain yang bentrok).,Y
33152,WalletConnect Token,WCT,connect-token-wct,WalletConnect Token,738,True,contract,1,Contract address match (chain: ethereum),No,"Alamat contract CMC cocok persis dengan listing CoinGecko di chain 'ethereum' -- sinyal terkuat, berarti token yang sama persis on-chain.",Y
36277,Bitlayer,BTR,bitlayer-bitvm,Bitlayer,739,False,symbol_by_social_match,1,Ambiguous symbol -> social-link match (website+twitter),Yes,Simbol ambigu & market cap tidak cukup dominan untuk membedakan; dicocokkan lewat website+twitter CMC vs CoinGecko. Tier paling lemah dari 5 tier -- mohon dicek manual link sosialnya masih benar & aktif.,N
40789,Coinbase Tokenized bStocks,COINB,coinbase-bstocks-tokenized-stock,Coinbase (bStocks Tokenized Stock),740,True,contract,0.83,Contract address match (chain: binance-smart-chain),No,"Alamat contract CMC cocok persis dengan listing CoinGecko di chain 'binance-smart-chain' -- sinyal terkuat, berarti token yang sama persis on-chain.",Y
11568,Adventure Gold,AGLD,adventure-gold,Adventure Gold,741,True,contract,1,Contract address match (chain: ethereum),No,"Alamat contract CMC cocok persis dengan listing CoinGecko di chain 'ethereum' -- sinyal terkuat, berarti token yang sama persis on-chain.",Y
36215,Apertum,APTM,apertum,Apertum,742,False,symbol,1,Unique ticker symbol ('APTM' cuma 1 listing di CoinGecko),No,Simbol 'APTM' unik di CoinGecko (tidak ada listing lain yang bentrok).,Y
11223,MetaMUI,MMUI,metamui,MetaMUI,743,False,symbol,1,Unique ticker symbol ('MMUI' cuma 1 listing di CoinGecko),No,Simbol 'MMUI' unik di CoinGecko (tidak ada listing lain yang bentrok).,Y
11289,Spell Token,SPELL,spell-token,Spell,744,True,contract,0.67,Contract address match (chain: ethereum),No,"Alamat contract CMC cocok persis dengan listing CoinGecko di chain 'ethereum' -- sinyal terkuat, berarti token yang sama persis on-chain.",Y
38029,Tesla Tokenized Stock (Ondo),TSLAon,tesla-ondo-tokenized-stock,Tesla (Ondo Tokenized Stock),745,False,contract,0.83,Contract address match (chain: ethereum),No,"Alamat contract CMC cocok persis dengan listing CoinGecko di chain 'ethereum' -- sinyal terkuat, berarti token yang sama persis on-chain.",Y
36892,Gradients,SN56,gradients,Gradients,747,False,symbol,1,Unique ticker symbol ('SN56' cuma 1 listing di CoinGecko),No,Simbol 'SN56' unik di CoinGecko (tidak ada listing lain yang bentrok).,Y
41909,DebtReliefBot,DRB,debtreliefbot,DebtReliefBot,748,False,contract,1,Contract address match (chain: base),No,"Alamat contract CMC cocok persis dengan listing CoinGecko di chain 'base' -- sinyal terkuat, berarti token yang sama persis on-chain.",Y
35319,Animecoin,ANIME,anime,Animecoin,749,True,contract,1,Contract address match (chain: ethereum),No,"Alamat contract CMC cocok persis dengan listing CoinGecko di chain 'ethereum' -- sinyal terkuat, berarti token yang sama persis on-chain.",Y
25241,Graphite Protocol,GP,graphite-protocol,Graphite Protocol,750,False,contract,1,Contract address match (chain: solana),No,"Alamat contract CMC cocok persis dengan listing CoinGecko di chain 'solana' -- sinyal terkuat, berarti token yang sama persis on-chain.",Y
41925,Umia,UMIA,umia,Umia,751,False,contract,1,Contract address match (chain: base),No,"Alamat contract CMC cocok persis dengan listing CoinGecko di chain 'base' -- sinyal terkuat, berarti token yang sama persis on-chain.",Y
31525,Taiko,TAIKO,taiko,Taiko,752,False,symbol,1,Unique ticker symbol ('TAIKO' cuma 1 listing di CoinGecko),No,Simbol 'TAIKO' unik di CoinGecko (tidak ada listing lain yang bentrok).,Y
3978,Chromia,CHR,chromaway,Chromia,753,True,contract,1,Contract address match (chain: ethereum),No,"Alamat contract CMC cocok persis dengan listing CoinGecko di chain 'ethereum' -- sinyal terkuat, berarti token yang sama persis on-chain.",Y
40037,Sandisk Corporation tokenized stock(xstock),SNDKX,sandisk-corporation-xstock,Sandisk Corporation xStock,754,False,contract,0.77,Contract address match (chain: ethereum),No,"Alamat contract CMC cocok persis dengan listing CoinGecko di chain 'ethereum' -- sinyal terkuat, berarti token yang sama persis on-chain.",Y
34297,SynFutures,F,synfutures,SynFutures,755,True,contract,1,Contract address match (chain: ethereum),No,"Alamat contract CMC cocok persis dengan listing CoinGecko di chain 'ethereum' -- sinyal terkuat, berarti token yang sama persis on-chain.",Y
32724,Simon's Cat,CAT,simon-s-cat,Simon's Cat,756,True,contract,1,Contract address match (chain: binance-smart-chain),No,"Alamat contract CMC cocok persis dengan listing CoinGecko di chain 'binance-smart-chain' -- sinyal terkuat, berarti token yang sama persis on-chain.",Y
38159,Hemi,HEMI,hemi,Hemi,757,True,symbol,1,Unique ticker symbol ('HEMI' cuma 1 listing di CoinGecko),No,Simbol 'HEMI' unik di CoinGecko (tidak ada listing lain yang bentrok).,Y
40790,State Street SPDR S&P 500 ETF Tokenized bStocks,SPYB,spy-bstocks-tokenized-stock,SPY (bStocks Tokenized Stock),758,True,contract,0.54,Contract address match (chain: binance-smart-chain),No,"Alamat contract CMC cocok persis dengan listing CoinGecko di chain 'binance-smart-chain' -- sinyal terkuat, berarti token yang sama persis on-chain.",Y
38219,Araracoin,ARARA,araracoin,Araracoin,759,False,contract,1,Contract address match (chain: binance-smart-chain),No,"Alamat contract CMC cocok persis dengan listing CoinGecko di chain 'binance-smart-chain' -- sinyal terkuat, berarti token yang sama persis on-chain.",Y
24190,Fulcrom Finance,FUL,fulcrom,Fulcrom,760,False,contract,0.67,Contract address match (chain: cronos),No,"Alamat contract CMC cocok persis dengan listing CoinGecko di chain 'cronos' -- sinyal terkuat, berarti token yang sama persis on-chain.",Y
21870,Metaplex,MPLX,metaplex,Metaplex,761,False,contract,1,Contract address match (chain: binance-smart-chain),No,"Alamat contract CMC cocok persis dengan listing CoinGecko di chain 'binance-smart-chain' -- sinyal terkuat, berarti token yang sama persis on-chain.",Y
33440,Goatseus Maximus,GOAT,goatseus-maximus,Goatseus Maximus,762,False,contract,1,Contract address match (chain: solana),No,"Alamat contract CMC cocok persis dengan listing CoinGecko di chain 'solana' -- sinyal terkuat, berarti token yang sama persis on-chain.",Y
39910,Rujira,RUJI,rujira,Rujira,763,False,symbol,1,Unique ticker symbol ('RUJI' cuma 1 listing di CoinGecko),No,Simbol 'RUJI' unik di CoinGecko (tidak ada listing lain yang bentrok).,Y
38167,MetaMask USD,mUSD,metamask-usd,MetaMask USD,764,False,contract,1,Contract address match (chain: ethereum),No,"Alamat contract CMC cocok persis dengan listing CoinGecko di chain 'ethereum' -- sinyal terkuat, berarti token yang sama persis on-chain.",Y
29555,Portal,PORTAL,portal-2,Portal,765,True,contract,1,Contract address match (chain: ethereum),No,"Alamat contract CMC cocok persis dengan listing CoinGecko di chain 'ethereum' -- sinyal terkuat, berarti token yang sama persis on-chain.",Y
37393,Young,YNG,young,Young,766,False,contract,1,Contract address match (chain: ethereum),No,"Alamat contract CMC cocok persis dengan listing CoinGecko di chain 'ethereum' -- sinyal terkuat, berarti token yang sama persis on-chain.",Y
38966,Edel,EDEL,edel,Edel,767,False,contract,1,Contract address match (chain: base),No,"Alamat contract CMC cocok persis dengan listing CoinGecko di chain 'base' -- sinyal terkuat, berarti token yang sama persis on-chain.",Y
28066,Banana Gun,BANANA,banana-gun,Banana Gun,768,True,contract,1,Contract address match (chain: ethereum),No,"Alamat contract CMC cocok persis dengan listing CoinGecko di chain 'ethereum' -- sinyal terkuat, berarti token yang sama persis on-chain.",Y
33120,Initia,INIT,initia,Initia,769,True,symbol_by_market_cap,1,Ambiguous symbol -> market cap dominance (rasio runner-up tanpa data market cap vs runner-up),Yes,"Simbol 'INIT' dipakai >1 listing di CoinGecko (kemungkinan wrapped/bridged/tiruan). Dipilih yang market cap-nya dominan (runner-up tanpa data market cap). Ini heuristik, bukan validasi identitas -- mohon dicek manual project-nya benar 'Initia'.",N
38495,Mira,MIRA,mira-3,Mira,770,True,contract,1,Contract address match (chain: binance-smart-chain),No,"Alamat contract CMC cocok persis dengan listing CoinGecko di chain 'binance-smart-chain' -- sinyal terkuat, berarti token yang sama persis on-chain.",Y
33964,OpenServ,SERV,openserv,OpenServ,771,False,contract,1,Contract address match (chain: ethereum),No,"Alamat contract CMC cocok persis dengan listing CoinGecko di chain 'ethereum' -- sinyal terkuat, berarti token yang sama persis on-chain.",Y
7424,Hermez Network,HEZ,hermez-network-token,Hermez Network,772,False,contract,1,Contract address match (chain: ethereum),No,"Alamat contract CMC cocok persis dengan listing CoinGecko di chain 'ethereum' -- sinyal terkuat, berarti token yang sama persis on-chain.",Y
28933,Xai,XAI,xai-blockchain,Xai,773,True,contract,1,Contract address match (chain: arbitrum-one),No,"Alamat contract CMC cocok persis dengan listing CoinGecko di chain 'arbitrum-one' -- sinyal terkuat, berarti token yang sama persis on-chain.",Y
31843,Aura,AURA,aura-on-sol,aura,774,False,contract,1,Contract address match (chain: solana),No,"Alamat contract CMC cocok persis dengan listing CoinGecko di chain 'solana' -- sinyal terkuat, berarti token yang sama persis on-chain.",Y
40947,TENDIES (TendiesRH),TENDIES,tendies-2,TENDIES,775,False,symbol,0.61,Unique ticker symbol ('TENDIES' cuma 1 listing di CoinGecko),No,Simbol 'TENDIES' unik di CoinGecko (tidak ada listing lain yang bentrok).,Y
21988,QIE Blockchain,QIE,qie,QIE Blockchain,776,False,symbol,1,Unique ticker symbol ('QIE' cuma 1 listing di CoinGecko),No,Simbol 'QIE' unik di CoinGecko (tidak ada listing lain yang bentrok).,Y
39812,Based,BASED,based-one,Based,777,False,contract,1,Contract address match (chain: ethereum),No,"Alamat contract CMC cocok persis dengan listing CoinGecko di chain 'ethereum' -- sinyal terkuat, berarti token yang sama persis on-chain.",Y
40635,Circle Tokenized Stock (Reality),rCRCL,circle-rstock-2,Circle rStock,778,False,contract,0.56,Contract address match (chain: arbitrum-one),No,"Alamat contract CMC cocok persis dengan listing CoinGecko di chain 'arbitrum-one' -- sinyal terkuat, berarti token yang sama persis on-chain.",Y
38651,YieldBasis,YB,yield-basis,Yield Basis,779,True,contract,1,Contract address match (chain: ethereum),No,"Alamat contract CMC cocok persis dengan listing CoinGecko di chain 'ethereum' -- sinyal terkuat, berarti token yang sama persis on-chain.",Y
14783,Treasure,MAGIC,magic,Treasure,780,True,contract,1,Contract address match (chain: ethereum),No,"Alamat contract CMC cocok persis dengan listing CoinGecko di chain 'ethereum' -- sinyal terkuat, berarti token yang sama persis on-chain.",Y
6138,DIA,DIA,dia-data,DIA,781,True,contract,1,Contract address match (chain: ethereum),No,"Alamat contract CMC cocok persis dengan listing CoinGecko di chain 'ethereum' -- sinyal terkuat, berarti token yang sama persis on-chain.",Y
38187,Uchain,UCN,uchain-2,UCHAIN,782,False,symbol,1,Unique ticker symbol ('UCN' cuma 1 listing di CoinGecko),No,Simbol 'UCN' unik di CoinGecko (tidak ada listing lain yang bentrok).,Y
40047,Solstice,SLX,solstice,Solstice,783,False,contract,1,Contract address match (chain: binance-smart-chain),No,"Alamat contract CMC cocok persis dengan listing CoinGecko di chain 'binance-smart-chain' -- sinyal terkuat, berarti token yang sama persis on-chain.",Y
35647,Test,TST,test-3,Test,784,True,contract,1,Contract address match (chain: binance-smart-chain),No,"Alamat contract CMC cocok persis dengan listing CoinGecko di chain 'binance-smart-chain' -- sinyal terkuat, berarti token yang sama persis on-chain.",Y
4039,ARPA,ARPA,arpa,ARPA,785,True,contract,1,Contract address match (chain: ethereum),No,"Alamat contract CMC cocok persis dengan listing CoinGecko di chain 'ethereum' -- sinyal terkuat, berarti token yang sama persis on-chain.",Y
38769,Katana,KAT,katana-network-token,Katana,786,True,symbol_by_market_cap,1,Ambiguous symbol -> market cap dominance (rasio 43.8x vs runner-up),Yes,"Simbol 'KAT' dipakai >1 listing di CoinGecko (kemungkinan wrapped/bridged/tiruan). Dipilih yang market cap-nya dominan (43.8x). Ini heuristik, bukan validasi identitas -- mohon dicek manual project-nya benar 'Katana'.",N
39923,Strategy Stretch Preferred Tokenized Stock (Ondo),STRCon,strategy-stretch-preferred-ondo-tokenized,Strategy Stretch Preferred (Ondo Tokenized),787,False,contract,0.84,Contract address match (chain: ethereum),No,"Alamat contract CMC cocok persis dengan listing CoinGecko di chain 'ethereum' -- sinyal terkuat, berarti token yang sama persis on-chain.",Y
4038,MovieBloc,MBL,moviebloc,MovieBloc,788,True,symbol,1,Unique ticker symbol ('MBL' cuma 1 listing di CoinGecko),No,Simbol 'MBL' unik di CoinGecko (tidak ada listing lain yang bentrok).,Y
20490,ROGin AI,ROG,rogin-ai,ROGin AI,789,False,contract,1,Contract address match (chain: ethereum),No,"Alamat contract CMC cocok persis dengan listing CoinGecko di chain 'ethereum' -- sinyal terkuat, berarti token yang sama persis on-chain.",Y
36861,Newton Protocol,NEWT,newton-protocol,Newton Protocol,790,True,contract,1,Contract address match (chain: ethereum),No,"Alamat contract CMC cocok persis dengan listing CoinGecko di chain 'ethereum' -- sinyal terkuat, berarti token yang sama persis on-chain.",Y
39355,RollX,ROLL,roll-2,ROLL,791,False,contract,0.89,Contract address match (chain: base),No,"Alamat contract CMC cocok persis dengan listing CoinGecko di chain 'base' -- sinyal terkuat, berarti token yang sama persis on-chain.",Y
10903,Coin98,C98,coin98,Coin98,792,True,contract,1,Contract address match (chain: ethereum),No,"Alamat contract CMC cocok persis dengan listing CoinGecko di chain 'ethereum' -- sinyal terkuat, berarti token yang sama persis on-chain.",Y
3,Namecoin,NMC,namecoin,Namecoin,794,False,symbol,1,Unique ticker symbol ('NMC' cuma 1 listing di CoinGecko),No,Simbol 'NMC' unik di CoinGecko (tidak ada listing lain yang bentrok).,Y
35426,Fartboy,FARTBOY,fartboy-official,Fartboy OFFICIAL,795,False,symbol,0.64,Unique ticker symbol ('FARTBOY' cuma 1 listing di CoinGecko),No,Simbol 'FARTBOY' unik di CoinGecko (tidak ada listing lain yang bentrok).,Y
24835,PepeCoin,PEPECOIN,pepecoin-2,PepeCoin,796,False,contract,1,Contract address match (chain: ethereum),No,"Alamat contract CMC cocok persis dengan listing CoinGecko di chain 'ethereum' -- sinyal terkuat, berarti token yang sama persis on-chain.",Y
38072,iShares Core US Aggregate Bond Tokenized ETF (Ondo),AGGon,ishares-core-us-aggregate-bond-etf-ondo-tokenized-etf,iShares Core US Aggregate Bond ETF (Ondo Tokenized ETF),797,False,contract,0.87,Contract address match (chain: ethereum),No,"Alamat contract CMC cocok persis dengan listing CoinGecko di chain 'ethereum' -- sinyal terkuat, berarti token yang sama persis on-chain.",Y
25220,HarryPotterObamaSonic10Inu (ERC-20),BITCOIN,harrypotterobamasonic10in,HarryPotterObamaSonic10Inu (ETH),798,False,contract,0.9,Contract address match (chain: ethereum),No,"Alamat contract CMC cocok persis dengan listing CoinGecko di chain 'ethereum' -- sinyal terkuat, berarti token yang sama persis on-chain.",Y
33854,Bertram The Pomeranian,BERT,bertram-the-pomeranian,Bertram The Pomeranian,799,False,contract,1,Contract address match (chain: solana),No,"Alamat contract CMC cocok persis dengan listing CoinGecko di chain 'solana' -- sinyal terkuat, berarti token yang sama persis on-chain.",Y
3418,Metadium,META,meta-2-2,MetaDAO,800,False,symbol_by_market_cap,0.67,Ambiguous symbol -> market cap dominance (rasio 8.0x vs runner-up),Yes,"Simbol 'META' dipakai >1 listing di CoinGecko (kemungkinan wrapped/bridged/tiruan). Dipilih yang market cap-nya dominan (8.0x). Ini heuristik, bukan validasi identitas -- mohon dicek manual project-nya benar 'Metadium'.",N
41889,DogBull,DOGO,dogbull,DogBull,801,False,symbol,1,Unique ticker symbol ('DOGO' cuma 1 listing di CoinGecko),No,Simbol 'DOGO' unik di CoinGecko (tidak ada listing lain yang bentrok).,Y
11396,JOE,JOE,joe,JOE,802,True,contract,1,Contract address match (chain: avalanche),No,"Alamat contract CMC cocok persis dengan listing CoinGecko di chain 'avalanche' -- sinyal terkuat, berarti token yang sama persis on-chain.",Y
24007,Delysium,AGI,delysium,Delysium,803,False,contract,1,Contract address match (chain: ethereum),No,"Alamat contract CMC cocok persis dengan listing CoinGecko di chain 'ethereum' -- sinyal terkuat, berarti token yang sama persis on-chain.",Y
14803,Aurora,AURORA,aurora-near,Aurora,804,False,contract,1,Contract address match (chain: ethereum),No,"Alamat contract CMC cocok persis dengan listing CoinGecko di chain 'ethereum' -- sinyal terkuat, berarti token yang sama persis on-chain.",Y
39459,wojak (wojakcto.com),WOJAK,wojak-5,wojak,805,False,contract,0.48,Contract address match (chain: ethereum),No,"Alamat contract CMC cocok persis dengan listing CoinGecko di chain 'ethereum' -- sinyal terkuat, berarti token yang sama persis on-chain.",Y
30963,Zentry,ZENT,zentry,Zentry,806,False,contract,1,Contract address match (chain: ethereum),No,"Alamat contract CMC cocok persis dengan listing CoinGecko di chain 'ethereum' -- sinyal terkuat, berarti token yang sama persis on-chain.",Y
32809,Orderly,ORDER,orderly-network,Orderly,807,False,contract,1,Contract address match (chain: ethereum),No,"Alamat contract CMC cocok persis dengan listing CoinGecko di chain 'ethereum' -- sinyal terkuat, berarti token yang sama persis on-chain.",Y
6843,Radworks,RAD,radicle,Radworks,808,True,symbol,1,Unique ticker symbol ('RAD' cuma 1 listing di CoinGecko),No,Simbol 'RAD' unik di CoinGecko (tidak ada listing lain yang bentrok).,Y
36102,Particle Network,PARTI,particle-network,Particle Network,809,True,contract,1,Contract address match (chain: binance-smart-chain),No,"Alamat contract CMC cocok persis dengan listing CoinGecko di chain 'binance-smart-chain' -- sinyal terkuat, berarti token yang sama persis on-chain.",Y
36994,Apple tokenized stock (xStock),AAPLX,apple-xstock,Apple xStock,810,False,contract,0.61,Contract address match (chain: solana),No,"Alamat contract CMC cocok persis dengan listing CoinGecko di chain 'solana' -- sinyal terkuat, berarti token yang sama persis on-chain.",Y
33439,Lumia,LUMIA,lumia,Lumia,811,True,contract,1,Contract address match (chain: binance-smart-chain),No,"Alamat contract CMC cocok persis dengan listing CoinGecko di chain 'binance-smart-chain' -- sinyal terkuat, berarti token yang sama persis on-chain.",Y
35214,Bubblemaps,BMT,bubblemaps,Bubblemaps,812,True,contract,1,Contract address match (chain: binance-smart-chain),No,"Alamat contract CMC cocok persis dengan listing CoinGecko di chain 'binance-smart-chain' -- sinyal terkuat, berarti token yang sama persis on-chain.",Y
39322,我踏马来了,我踏马来了,wo-ta-ma-laile,我踏马来了,813,False,contract,1,Contract address match (chain: binance-smart-chain),No,"Alamat contract CMC cocok persis dengan listing CoinGecko di chain 'binance-smart-chain' -- sinyal terkuat, berarti token yang sama persis on-chain.",Y
2099,ICON,ICX,icon,ICON,814,False,symbol,1,Unique ticker symbol ('ICX' cuma 1 listing di CoinGecko),No,Simbol 'ICX' unik di CoinGecko (tidak ada listing lain yang bentrok).,Y
7878,MobileCoin,MOB,marvin-on-base,Marvin On Base,815,False,symbol_by_market_cap,0.27,Ambiguous symbol -> market cap dominance (rasio runner-up tanpa data market cap vs runner-up),Yes,"Simbol 'MOB' dipakai >1 listing di CoinGecko (kemungkinan wrapped/bridged/tiruan). Dipilih yang market cap-nya dominan (runner-up tanpa data market cap). Ini heuristik, bukan validasi identitas -- mohon dicek manual project-nya benar 'MobileCoin'. Nama CMC ('MobileCoin') vs CoinGecko ('Marvin On Base') sangat berbeda (similarity=0.27) walau tier-nya biasanya kuat -- janggal, tolong dicek manual (potensi bug mapping chain/simbol).",N
1772,Storj,STORJ,storj,Storj,816,False,contract,1,Contract address match (chain: ethereum),No,"Alamat contract CMC cocok persis dengan listing CoinGecko di chain 'ethereum' -- sinyal terkuat, berarti token yang sama persis on-chain.",Y
36164,Corn,CORN,corn-3,Corn,817,False,symbol_by_market_cap,1,Ambiguous symbol -> market cap dominance (rasio 482.6x vs runner-up),Yes,"Simbol 'CORN' dipakai >1 listing di CoinGecko (kemungkinan wrapped/bridged/tiruan). Dipilih yang market cap-nya dominan (482.6x). Ini heuristik, bukan validasi identitas -- mohon dicek manual project-nya benar 'Corn'.",N
38717,Bluwhale,BLUAI,bluwhale,Bluwhale,818,False,contract,1,Contract address match (chain: binance-smart-chain),No,"Alamat contract CMC cocok persis dengan listing CoinGecko di chain 'binance-smart-chain' -- sinyal terkuat, berarti token yang sama persis on-chain.",Y
8766,MyNeighborAlice,ALICE,my-neighbor-alice,My Neighbor Alice,819,True,contract,1,Contract address match (chain: ethereum),No,"Alamat contract CMC cocok persis dengan listing CoinGecko di chain 'ethereum' -- sinyal terkuat, berarti token yang sama persis on-chain.",Y
39387,HeyElsa,ELSA,elsa,Elsa,820,False,symbol,0.73,Unique ticker symbol ('ELSA' cuma 1 listing di CoinGecko),No,Simbol 'ELSA' unik di CoinGecko (tidak ada listing lain yang bentrok).,Y
36510,Lagrange,LA,lagrange,Lagrange,821,True,contract,1,Contract address match (chain: ethereum),No,"Alamat contract CMC cocok persis dengan listing CoinGecko di chain 'ethereum' -- sinyal terkuat, berarti token yang sama persis on-chain.",Y
11584,Braintrust,BTRST,braintrust,Braintrust,822,False,contract,1,Contract address match (chain: ethereum),No,"Alamat contract CMC cocok persis dengan listing CoinGecko di chain 'ethereum' -- sinyal terkuat, berarti token yang sama persis on-chain.",Y
40978,StonkBroker,STONKBROKER,stonkbroker,StonkBroker,823,False,symbol,1,Unique ticker symbol ('STONKBROKER' cuma 1 listing di CoinGecko),No,Simbol 'STONKBROKER' unik di CoinGecko (tidak ada listing lain yang bentrok).,Y
40540,Intel Tokenized bStocks,INTCB,intel-tokenized-bstocks,Intel (bStocks Tokenized Stock),824,True,contract,0.81,Contract address match (chain: binance-smart-chain),No,"Alamat contract CMC cocok persis dengan listing CoinGecko di chain 'binance-smart-chain' -- sinyal terkuat, berarti token yang sama persis on-chain.",Y
32325,Puffer,PUFFER,puffer-finance,Puffer,825,False,contract,1,Contract address match (chain: ethereum),No,"Alamat contract CMC cocok persis dengan listing CoinGecko di chain 'ethereum' -- sinyal terkuat, berarti token yang sama persis on-chain.",Y
8771,GYEN,GYEN,gyen,GYEN,826,False,contract,1,Contract address match (chain: ethereum),No,"Alamat contract CMC cocok persis dengan listing CoinGecko di chain 'ethereum' -- sinyal terkuat, berarti token yang sama persis on-chain.",Y
8670,Vow,VOW,vow,Vow,827,False,contract,1,Contract address match (chain: ethereum),No,"Alamat contract CMC cocok persis dengan listing CoinGecko di chain 'ethereum' -- sinyal terkuat, berarti token yang sama persis on-chain.",Y
40872,AEON,AEON,aeon-3,AEON,828,False,contract,1,Contract address match (chain: binance-smart-chain),No,"Alamat contract CMC cocok persis dengan listing CoinGecko di chain 'binance-smart-chain' -- sinyal terkuat, berarti token yang sama persis on-chain.",Y
39035,zkPass,ZKP,zkpass,zkPass,829,True,contract,1,Contract address match (chain: ethereum),No,"Alamat contract CMC cocok persis dengan listing CoinGecko di chain 'ethereum' -- sinyal terkuat, berarti token yang sama persis on-chain.",Y
5309,OG Fan Token,OG,og-fan-token,OG Fan Token,830,True,contract,1,Contract address match (chain: solana),No,"Alamat contract CMC cocok persis dengan listing CoinGecko di chain 'solana' -- sinyal terkuat, berarti token yang sama persis on-chain.",Y
34792,GRIFFAIN,GRIFFAIN,griffain,GRIFFAIN,831,False,contract,1,Contract address match (chain: solana),No,"Alamat contract CMC cocok persis dengan listing CoinGecko di chain 'solana' -- sinyal terkuat, berarti token yang sama persis on-chain.",Y
37028,Intel tokenized stock (xStock),INTCX,intel-xstock,Intel xStock,832,False,contract,0.61,Contract address match (chain: solana),No,"Alamat contract CMC cocok persis dengan listing CoinGecko di chain 'solana' -- sinyal terkuat, berarti token yang sama persis on-chain.",Y
8489,XSGD,XSGD,xsgd,XSGD,833,False,contract,1,Contract address match (chain: ethereum),No,"Alamat contract CMC cocok persis dengan listing CoinGecko di chain 'ethereum' -- sinyal terkuat, berarti token yang sama persis on-chain.",Y
38430,DeAgentAI,AIA,aia,DeAgentAI,834,False,contract,1,Contract address match (chain: binance-smart-chain),No,"Alamat contract CMC cocok persis dengan listing CoinGecko di chain 'binance-smart-chain' -- sinyal terkuat, berarti token yang sama persis on-chain.",Y
39552,Superform,UP,superform,Superform,835,False,contract,1,Contract address match (chain: ethereum),No,"Alamat contract CMC cocok persis dengan listing CoinGecko di chain 'ethereum' -- sinyal terkuat, berarti token yang sama persis on-chain.",Y
35728,DIAM,DIAM,diam,DIAM,836,False,contract,1,Contract address match (chain: binance-smart-chain),No,"Alamat contract CMC cocok persis dengan listing CoinGecko di chain 'binance-smart-chain' -- sinyal terkuat, berarti token yang sama persis on-chain.",Y
38003,iShares Core S&P Total US Stock Market Tokenized ETF (Ondo),ITOTon,ishares-core-s-p-total-us-stock-market-etf-ondo-tokenized-etf,iShares Core S&P Total US Stock Market ETF (Ondo Tokenized ETF),837,False,contract,0.89,Contract address match (chain: ethereum),No,"Alamat contract CMC cocok persis dengan listing CoinGecko di chain 'ethereum' -- sinyal terkuat, berarti token yang sama persis on-chain.",Y
18037,Maverick Protocol,MAV,maverick-protocol,Maverick Protocol,838,True,contract,1,Contract address match (chain: ethereum),No,"Alamat contract CMC cocok persis dengan listing CoinGecko di chain 'ethereum' -- sinyal terkuat, berarti token yang sama persis on-chain.",Y
35747,Doodles,DOOD,doodles,Doodles,839,False,contract,1,Contract address match (chain: solana),No,"Alamat contract CMC cocok persis dengan listing CoinGecko di chain 'solana' -- sinyal terkuat, berarti token yang sama persis on-chain.",Y
29042,StablR Euro,EURR,stablr-euro,StablR Euro,840,False,contract,1,Contract address match (chain: ethereum),No,"Alamat contract CMC cocok persis dengan listing CoinGecko di chain 'ethereum' -- sinyal terkuat, berarti token yang sama persis on-chain.",Y
39666,Fluent,BLEND,fluent-network,Fluent,841,False,symbol,1,Unique ticker symbol ('BLEND' cuma 1 listing di CoinGecko),No,Simbol 'BLEND' unik di CoinGecko (tidak ada listing lain yang bentrok).,Y
37180,USD CoinVertible,USDCV,usd-coinvertible,USD CoinVertible,842,False,contract,1,Contract address match (chain: ethereum),No,"Alamat contract CMC cocok persis dengan listing CoinGecko di chain 'ethereum' -- sinyal terkuat, berarti token yang sama persis on-chain.",Y
32068,Global Commercial Business,GCB,global-commercial-business,Global Commercial Business,843,False,contract,1,Contract address match (chain: binance-smart-chain),No,"Alamat contract CMC cocok persis dengan listing CoinGecko di chain 'binance-smart-chain' -- sinyal terkuat, berarti token yang sama persis on-chain.",Y
33116,DeBox,BOX,debox,DeBox,844,False,contract,1,Contract address match (chain: ethereum),No,"Alamat contract CMC cocok persis dengan listing CoinGecko di chain 'ethereum' -- sinyal terkuat, berarti token yang sama persis on-chain.",Y
34125,Just a chill guy,CHILLGUY,chill-guy,Just a chill guy,845,False,contract,1,Contract address match (chain: solana),No,"Alamat contract CMC cocok persis dengan listing CoinGecko di chain 'solana' -- sinyal terkuat, berarti token yang sama persis on-chain.",Y
37041,Robinhood tokenized stock (xStock),HOODX,robinhood-xstock,Robinhood xStock,846,False,contract,0.68,Contract address match (chain: solana),No,"Alamat contract CMC cocok persis dengan listing CoinGecko di chain 'solana' -- sinyal terkuat, berarti token yang sama persis on-chain.",Y
1934,Loopring,LRC,loopring,Loopring,847,False,contract,1,Contract address match (chain: ethereum),No,"Alamat contract CMC cocok persis dengan listing CoinGecko di chain 'ethereum' -- sinyal terkuat, berarti token yang sama persis on-chain.",Y
5117,Origin Protocol,OGN,origin-protocol,Origin Token,848,True,contract,0.64,Contract address match (chain: ethereum),No,"Alamat contract CMC cocok persis dengan listing CoinGecko di chain 'ethereum' -- sinyal terkuat, berarti token yang sama persis on-chain.",Y
18386,Faith Tribe,FTRB,faith-tribe,Faith Tribe,849,False,contract,1,Contract address match (chain: ethereum),No,"Alamat contract CMC cocok persis dengan listing CoinGecko di chain 'ethereum' -- sinyal terkuat, berarti token yang sama persis on-chain.",Y
36989,Coinbase tokenized stock (xStock),COINX,coinbase-xstock,Coinbase xStock,850,False,contract,0.67,Contract address match (chain: solana),No,"Alamat contract CMC cocok persis dengan listing CoinGecko di chain 'solana' -- sinyal terkuat, berarti token yang sama persis on-chain.",Y
36556,Hippo Protocol,HP,hippo-protocol,Hippo Protocol,851,False,symbol,1,Unique ticker symbol ('HP' cuma 1 listing di CoinGecko),No,Simbol 'HP' unik di CoinGecko (tidak ada listing lain yang bentrok).,Y
1447,ZClassic,ZCL,zclassic,Zclassic,853,False,symbol,1,Unique ticker symbol ('ZCL' cuma 1 listing di CoinGecko),No,Simbol 'ZCL' unik di CoinGecko (tidak ada listing lain yang bentrok).,Y
27533,Osaka Protocol,OSAK,osaka-protocol,Osaka Protocol,854,False,contract,1,Contract address match (chain: ethereum),No,"Alamat contract CMC cocok persis dengan listing CoinGecko di chain 'ethereum' -- sinyal terkuat, berarti token yang sama persis on-chain.",Y
21914,SaucerSwap,SAUCE,saucerswap,SaucerSwap,855,False,symbol,1,Unique ticker symbol ('SAUCE' cuma 1 listing di CoinGecko),No,Simbol 'SAUCE' unik di CoinGecko (tidak ada listing lain yang bentrok).,Y
37320,Freedom Dollar,FUSD,freedom-dollar,Freedom Dollar,856,False,symbol_by_market_cap,1,Ambiguous symbol -> market cap dominance (rasio 7.9x vs runner-up),Yes,"Simbol 'FUSD' dipakai >1 listing di CoinGecko (kemungkinan wrapped/bridged/tiruan). Dipilih yang market cap-nya dominan (7.9x). Ini heuristik, bukan validasi identitas -- mohon dicek manual project-nya benar 'Freedom Dollar'.",N
8615,Epic Chain,EPIC,epic-chain,Epic Chain,857,True,contract,1,Contract address match (chain: ethereum),No,"Alamat contract CMC cocok persis dengan listing CoinGecko di chain 'ethereum' -- sinyal terkuat, berarti token yang sama persis on-chain.",Y
29150,Ponke,PONKE,ponke,PONKE,858,False,contract,1,Contract address match (chain: solana),No,"Alamat contract CMC cocok persis dengan listing CoinGecko di chain 'solana' -- sinyal terkuat, berarti token yang sama persis on-chain.",Y
8938,Ellipsis,EPS,ellipsis,Ellipsis [OLD],859,False,contract,0.84,Contract address match (chain: binance-smart-chain),No,"Alamat contract CMC cocok persis dengan listing CoinGecko di chain 'binance-smart-chain' -- sinyal terkuat, berarti token yang sama persis on-chain.",Y
6929,Hegic,HEGIC,hegic,Hegic,860,False,contract,1,Contract address match (chain: ethereum),No,"Alamat contract CMC cocok persis dengan listing CoinGecko di chain 'ethereum' -- sinyal terkuat, berarti token yang sama persis on-chain.",Y
41976,up,UP,unitas,Unitas,861,False,symbol_by_market_cap,0.25,Ambiguous symbol -> market cap dominance (rasio 5.2x vs runner-up),Yes,"Simbol 'UP' dipakai >1 listing di CoinGecko (kemungkinan wrapped/bridged/tiruan). Dipilih yang market cap-nya dominan (5.2x). Ini heuristik, bukan validasi identitas -- mohon dicek manual project-nya benar 'up'. Nama CMC ('up') vs CoinGecko ('Unitas') sangat berbeda (similarity=0.25) walau tier-nya biasanya kuat -- janggal, tolong dicek manual (potensi bug mapping chain/simbol).",N
35793,Autonomi,ANT,autonomi,Autonomi,862,False,contract,1,Contract address match (chain: arbitrum-one),No,"Alamat contract CMC cocok persis dengan listing CoinGecko di chain 'arbitrum-one' -- sinyal terkuat, berarti token yang sama persis on-chain.",Y
40029,Manifesting (manifesting.meme),MANIFEST,manifesting,Manifesting,863,False,contract,0.59,Contract address match (chain: solana),No,"Alamat contract CMC cocok persis dengan listing CoinGecko di chain 'solana' -- sinyal terkuat, berarti token yang sama persis on-chain.",Y
5380,Hunt Town,HUNT,hunt-token,Hunt,864,False,contract,0.67,Contract address match (chain: ethereum),No,"Alamat contract CMC cocok persis dengan listing CoinGecko di chain 'ethereum' -- sinyal terkuat, berarti token yang sama persis on-chain.",Y
36903,Ridges AI,SN62,ridges-ai,Ridges AI,865,False,symbol,1,Unique ticker symbol ('SN62' cuma 1 listing di CoinGecko),No,Simbol 'SN62' unik di CoinGecko (tidak ada listing lain yang bentrok).,Y
36180,KernelDAO,KERNEL,kernel-2,KernelDAO,866,True,contract,1,Contract address match (chain: ethereum),No,"Alamat contract CMC cocok persis dengan listing CoinGecko di chain 'ethereum' -- sinyal terkuat, berarti token yang sama persis on-chain.",Y
39283,SoFi Technologies Tokenized Stock (Ondo),SOFIon,sofi-technologies-ondo-tokenized-stock,SoFi Technologies (Ondo Tokenized Stock),867,False,contract,0.88,Contract address match (chain: ethereum),No,"Alamat contract CMC cocok persis dengan listing CoinGecko di chain 'ethereum' -- sinyal terkuat, berarti token yang sama persis on-chain.",Y
37529,RHEA Finance,RHEA,rhea-2,RHEA,868,False,contract,0.53,Contract address match (chain: binance-smart-chain),No,"Alamat contract CMC cocok persis dengan listing CoinGecko di chain 'binance-smart-chain' -- sinyal terkuat, berarti token yang sama persis on-chain.",Y
36405,Space and Time,SXT,space-and-time,Space and Time,869,True,contract,1,Contract address match (chain: ethereum),No,"Alamat contract CMC cocok persis dengan listing CoinGecko di chain 'ethereum' -- sinyal terkuat, berarti token yang sama persis on-chain.",Y
2606,Wanchain,WAN,wanchain,Wanchain,870,False,symbol_by_market_cap,1,Ambiguous symbol -> market cap dominance (rasio 2138.0x vs runner-up),Yes,"Simbol 'WAN' dipakai >1 listing di CoinGecko (kemungkinan wrapped/bridged/tiruan). Dipilih yang market cap-nya dominan (2138.0x). Ini heuristik, bukan validasi identitas -- mohon dicek manual project-nya benar 'Wanchain'.",N
8534,Chintai,CHEX,chex-token,Chintai,871,False,contract,1,Contract address match (chain: ethereum),No,"Alamat contract CMC cocok persis dengan listing CoinGecko di chain 'ethereum' -- sinyal terkuat, berarti token yang sama persis on-chain.",Y
36761,EGL1,EGL1,egl1,EGL1,872,False,contract,1,Contract address match (chain: binance-smart-chain),No,"Alamat contract CMC cocok persis dengan listing CoinGecko di chain 'binance-smart-chain' -- sinyal terkuat, berarti token yang sama persis on-chain.",Y
7617,saffron.finance,SFI,saffron-finance,saffron.finance,873,False,contract,1,Contract address match (chain: ethereum),No,"Alamat contract CMC cocok persis dengan listing CoinGecko di chain 'ethereum' -- sinyal terkuat, berarti token yang sama persis on-chain.",Y
39461,Infinex,INX,infinex-2,Infinex,874,False,contract,1,Contract address match (chain: ethereum),No,"Alamat contract CMC cocok persis dengan listing CoinGecko di chain 'ethereum' -- sinyal terkuat, berarti token yang sama persis on-chain.",Y
40632,MicroStrategy Tokenized Stock (Reality),rMSTR,microstrategy-rstock,MicroStrategy rStock,875,False,contract,0.68,Contract address match (chain: arbitrum-one),No,"Alamat contract CMC cocok persis dengan listing CoinGecko di chain 'arbitrum-one' -- sinyal terkuat, berarti token yang sama persis on-chain.",Y
29599,USDB,USDB,usdb,USDB,876,False,symbol_by_market_cap,1,Ambiguous symbol -> market cap dominance (rasio runner-up tanpa data market cap vs runner-up),Yes,"Simbol 'USDB' dipakai >1 listing di CoinGecko (kemungkinan wrapped/bridged/tiruan). Dipilih yang market cap-nya dominan (runner-up tanpa data market cap). Ini heuristik, bukan validasi identitas -- mohon dicek manual project-nya benar 'USDB'.",N
38007,iShares MSCI EAFE Tokenized ETF (Ondo),EFAon,ishares-msci-eafe-etf-ondo-tokenized-etf,iShares MSCI EAFE ETF (Ondo Tokenized ETF),877,False,contract,0.83,Contract address match (chain: ethereum),No,"Alamat contract CMC cocok persis dengan listing CoinGecko di chain 'ethereum' -- sinyal terkuat, berarti token yang sama persis on-chain.",Y
36775,MEET48,IDOL,meet48,MEET48,878,False,contract,1,Contract address match (chain: binance-smart-chain),No,"Alamat contract CMC cocok persis dengan listing CoinGecko di chain 'binance-smart-chain' -- sinyal terkuat, berarti token yang sama persis on-chain.",Y
39448,Buttcoin,BUTTCOIN,buttcoin-7,Buttcoin,879,False,contract,1,Contract address match (chain: solana),No,"Alamat contract CMC cocok persis dengan listing CoinGecko di chain 'solana' -- sinyal terkuat, berarti token yang sama persis on-chain.",Y
35929,Dolomite,DOLO,dolomite,Dolomite,880,True,contract,1,Contract address match (chain: ethereum),No,"Alamat contract CMC cocok persis dengan listing CoinGecko di chain 'ethereum' -- sinyal terkuat, berarti token yang sama persis on-chain.",Y
16807,Ninja Squad Token,NST,ninja-squad,Ninja Squad Token,881,False,contract,1,Contract address match (chain: ethereum),No,"Alamat contract CMC cocok persis dengan listing CoinGecko di chain 'ethereum' -- sinyal terkuat, berarti token yang sama persis on-chain.",Y
36153,Mind Network,FHE,mind-network,Mind Network,882,False,contract,1,Contract address match (chain: ethereum),No,"Alamat contract CMC cocok persis dengan listing CoinGecko di chain 'ethereum' -- sinyal terkuat, berarti token yang sama persis on-chain.",Y
36874,OpenKaito,SN5,openkaito,OpenKaito,883,False,symbol,1,Unique ticker symbol ('SN5' cuma 1 listing di CoinGecko),No,Simbol 'SN5' unik di CoinGecko (tidak ada listing lain yang bentrok).,Y
36621,MAGIC•INTERNET•MONEY (Bitcoin),MIM,magic-internet-money-runes,MAGIC•INTERNET•MONEY (Bitcoin),884,False,contract,1,Contract address match (chain: solana),No,"Alamat contract CMC cocok persis dengan listing CoinGecko di chain 'solana' -- sinyal terkuat, berarti token yang sama persis on-chain.",Y
28846,Sleepless AI,AI,sleepless-ai,Sleepless AI,885,True,contract,1,Contract address match (chain: binance-smart-chain),No,"Alamat contract CMC cocok persis dengan listing CoinGecko di chain 'binance-smart-chain' -- sinyal terkuat, berarti token yang sama persis on-chain.",Y
34285,tokenbot,CLANKER,tokenbot-2,tokenbot,886,False,contract,1,Contract address match (chain: base),No,"Alamat contract CMC cocok persis dengan listing CoinGecko di chain 'base' -- sinyal terkuat, berarti token yang sama persis on-chain.",Y
38669,Recall,RECALL,recall,Recall,887,False,contract,1,Contract address match (chain: base),No,"Alamat contract CMC cocok persis dengan listing CoinGecko di chain 'base' -- sinyal terkuat, berarti token yang sama persis on-chain.",Y
38068,iShares TIPS Bond Tokenized ETF (Ondo),TIPon,ishares-tips-bond-etf-ondo-tokenized-etf,iShares TIPS Bond ETF (Ondo Tokenized ETF),888,False,contract,0.83,Contract address match (chain: ethereum),No,"Alamat contract CMC cocok persis dengan listing CoinGecko di chain 'ethereum' -- sinyal terkuat, berarti token yang sama persis on-chain.",Y
32744,TEXITcoin,TXC,texitcoin,TEXITcoin,889,False,symbol,1,Unique ticker symbol ('TXC' cuma 1 listing di CoinGecko),No,Simbol 'TXC' unik di CoinGecko (tidak ada listing lain yang bentrok).,Y
28919,TG Casino,TGC,tg-casino,TG.Casino,890,False,contract,1,Contract address match (chain: ethereum),No,"Alamat contract CMC cocok persis dengan listing CoinGecko di chain 'ethereum' -- sinyal terkuat, berarti token yang sama persis on-chain.",Y
4166,Realio Network,RIO,realio-network,Realio Network Token,891,False,contract,0.84,Contract address match (chain: ethereum),No,"Alamat contract CMC cocok persis dengan listing CoinGecko di chain 'ethereum' -- sinyal terkuat, berarti token yang sama persis on-chain.",Y
40613,Google Tokenized Stock (Reality),rGOOGL,alphabet-rstock,Alphabet rStock,892,False,contract,0.39,Contract address match (chain: arbitrum-one),No,"Alamat contract CMC cocok persis dengan listing CoinGecko di chain 'arbitrum-one' -- sinyal terkuat, berarti token yang sama persis on-chain.",Y
37024,Gold tokenized ETF (xStock),GLDX,gold-xstock,Gold xStock,893,False,contract,0.62,Contract address match (chain: solana),No,"Alamat contract CMC cocok persis dengan listing CoinGecko di chain 'solana' -- sinyal terkuat, berarti token yang sama persis on-chain.",Y
23780,Decentrawood,DEOD,decentrawood,Decentrawood,894,False,contract,1,Contract address match (chain: binance-smart-chain),No,"Alamat contract CMC cocok persis dengan listing CoinGecko di chain 'binance-smart-chain' -- sinyal terkuat, berarti token yang sama persis on-chain.",Y
37609,INFINIT,IN,infinit,INFINIT,895,False,contract,1,Contract address match (chain: ethereum),No,"Alamat contract CMC cocok persis dengan listing CoinGecko di chain 'ethereum' -- sinyal terkuat, berarti token yang sama persis on-chain.",Y
5026,Orchid,OXT,orchid-protocol,Orchid Protocol,896,False,contract,0.6,Contract address match (chain: ethereum),No,"Alamat contract CMC cocok persis dengan listing CoinGecko di chain 'ethereum' -- sinyal terkuat, berarti token yang sama persis on-chain.",Y
39855,Bullbit PERP DEX,BUBI,bullbit,Bullbit,897,False,contract,0.67,Contract address match (chain: base),No,"Alamat contract CMC cocok persis dengan listing CoinGecko di chain 'base' -- sinyal terkuat, berarti token yang sama persis on-chain.",Y
38102,AriaAI,ARIA,aria-ai,Aria.AI,898,False,contract,1,Contract address match (chain: binance-smart-chain),No,"Alamat contract CMC cocok persis dengan listing CoinGecko di chain 'binance-smart-chain' -- sinyal terkuat, berarti token yang sama persis on-chain.",Y
16876,Artificial Liquid Intelligence,ALI,alethea-artificial-liquid-intelligence-token,Artificial Liquid Intelligence,899,False,contract,1,Contract address match (chain: ethereum),No,"Alamat contract CMC cocok persis dengan listing CoinGecko di chain 'ethereum' -- sinyal terkuat, berarti token yang sama persis on-chain.",Y
40845,Broadcom Tokenized bStocks,AVGOB,broadcom-bstocks-tokenized-stock,Broadcom (bStocks Tokenized Stock),900,True,contract,0.83,Contract address match (chain: binance-smart-chain),No,"Alamat contract CMC cocok persis dengan listing CoinGecko di chain 'binance-smart-chain' -- sinyal terkuat, berarti token yang sama persis on-chain.",Y
5450,Wibx,WBX,wibx,Wibx,901,False,contract,1,Contract address match (chain: ethereum),No,"Alamat contract CMC cocok persis dengan listing CoinGecko di chain 'ethereum' -- sinyal terkuat, berarti token yang sama persis on-chain.",Y
32195,Hamster Kombat,HMSTR,hamster-kombat,Hamster Kombat,902,True,symbol,1,Unique ticker symbol ('HMSTR' cuma 1 listing di CoinGecko),No,Simbol 'HMSTR' unik di CoinGecko (tidak ada listing lain yang bentrok).,Y
35724,Heima,HEI,heima,Heima,903,True,contract,1,Contract address match (chain: ethereum),No,"Alamat contract CMC cocok persis dengan listing CoinGecko di chain 'ethereum' -- sinyal terkuat, berarti token yang sama persis on-chain.",Y
17960,ORIGYN,OGY,origyn-foundation,ORIGYN,904,False,symbol,1,Unique ticker symbol ('OGY' cuma 1 listing di CoinGecko),No,Simbol 'OGY' unik di CoinGecko (tidak ada listing lain yang bentrok).,Y
39105,Solomon,SOLO,solomon,Solomon,905,False,contract,1,Contract address match (chain: solana),No,"Alamat contract CMC cocok persis dengan listing CoinGecko di chain 'solana' -- sinyal terkuat, berarti token yang sama persis on-chain.",Y
30746,BounceBit,BB,bouncebit,BounceBit,906,True,symbol_by_social_match,1,Ambiguous symbol -> social-link match (website+twitter),Yes,Simbol ambigu & market cap tidak cukup dominan untuk membedakan; dicocokkan lewat website+twitter CMC vs CoinGecko. Tier paling lemah dari 5 tier -- mohon dicek manual link sosialnya masih benar & aktif.,N
29454,Eesee,ESE,eesee,Eesee,907,False,contract,1,Contract address match (chain: ethereum),No,"Alamat contract CMC cocok persis dengan listing CoinGecko di chain 'ethereum' -- sinyal terkuat, berarti token yang sama persis on-chain.",Y
38041,iShares Gold Trust Tokenized ETF (Ondo),IAUon,ishares-gold-trust-ondo-tokenized-stock,iShares Gold Trust (Ondo Tokenized Stock),908,False,contract,0.82,Contract address match (chain: ethereum),No,"Alamat contract CMC cocok persis dengan listing CoinGecko di chain 'ethereum' -- sinyal terkuat, berarti token yang sama persis on-chain.",Y
38065,Meta Platforms Tokenized Stock (Ondo),METAon,meta-platforms-ondo-tokenized-stock,Meta Platforms (Ondo Tokenized Stock),909,False,contract,0.87,Contract address match (chain: ethereum),No,"Alamat contract CMC cocok persis dengan listing CoinGecko di chain 'ethereum' -- sinyal terkuat, berarti token yang sama persis on-chain.",Y
7463,RAMP,RAMP,ramp,RAMP [OLD],910,False,contract,0.73,Contract address match (chain: ethereum),No,"Alamat contract CMC cocok persis dengan listing CoinGecko di chain 'ethereum' -- sinyal terkuat, berarti token yang sama persis on-chain.",Y
4160,Ycash (y.cash),YEC,ycash,Ycash,911,False,symbol,0.67,Unique ticker symbol ('YEC' cuma 1 listing di CoinGecko),No,Simbol 'YEC' unik di CoinGecko (tidak ada listing lain yang bentrok).,Y
40232,SpaceX Tokenized Stock (Ondo),SPCXon,spacex-ondo-tokenized-stock,SpaceX (Ondo Tokenized Stock),912,False,contract,0.83,Contract address match (chain: ethereum),No,"Alamat contract CMC cocok persis dengan listing CoinGecko di chain 'ethereum' -- sinyal terkuat, berarti token yang sama persis on-chain.",Y
5,Peercoin,PPC,peercoin,Peercoin,913,False,symbol,1,Unique ticker symbol ('PPC' cuma 1 listing di CoinGecko),No,Simbol 'PPC' unik di CoinGecko (tidak ada listing lain yang bentrok).,Y
11865,Bone ShibaSwap,BONE,bone-shibaswap,Bone ShibaSwap,914,False,contract,1,Contract address match (chain: ethereum),No,"Alamat contract CMC cocok persis dengan listing CoinGecko di chain 'ethereum' -- sinyal terkuat, berarti token yang sama persis on-chain.",Y
28932,Dymension,DYM,dymension,Dymension,915,True,symbol,1,Unique ticker symbol ('DYM' cuma 1 listing di CoinGecko),No,Simbol 'DYM' unik di CoinGecko (tidak ada listing lain yang bentrok).,Y
36223,Wayfinder,PROMPT,wayfinder,Wayfinder,916,False,contract,1,Contract address match (chain: ethereum),No,"Alamat contract CMC cocok persis dengan listing CoinGecko di chain 'ethereum' -- sinyal terkuat, berarti token yang sama persis on-chain.",Y
11294,SuperRare,RARE,superrare,SuperRare,917,True,contract,1,Contract address match (chain: ethereum),No,"Alamat contract CMC cocok persis dengan listing CoinGecko di chain 'ethereum' -- sinyal terkuat, berarti token yang sama persis on-chain.",Y
29920,SLERF (OLD),SLERF,slerf,Slerf [OLD],918,False,contract,1,Contract address match (chain: solana),No,"Alamat contract CMC cocok persis dengan listing CoinGecko di chain 'solana' -- sinyal terkuat, berarti token yang sama persis on-chain.",Y
37055,Meta tokenized stock (xStock),METAX,meta-xstock,Meta xStock,919,False,contract,0.59,Contract address match (chain: solana),No,"Alamat contract CMC cocok persis dengan listing CoinGecko di chain 'solana' -- sinyal terkuat, berarti token yang sama persis on-chain.",Y
39974,IBS,IBS,ibs-3,IBS,920,False,contract,1,Contract address match (chain: binance-smart-chain),No,"Alamat contract CMC cocok persis dengan listing CoinGecko di chain 'binance-smart-chain' -- sinyal terkuat, berarti token yang sama persis on-chain.",Y
40668,SpaceX Tokenized Stock (Reality),rSPCX,spacex-reality-protocol,SpaceX (Reality Protocol),922,False,contract,0.54,Contract address match (chain: arbitrum-one),No,"Alamat contract CMC cocok persis dengan listing CoinGecko di chain 'arbitrum-one' -- sinyal terkuat, berarti token yang sama persis on-chain.",Y
38970,BOB (Build on Bitcoin),BOB,bob-build-on-bitcoin,BOB (Build on Bitcoin),923,False,symbol_by_social_match,1,Ambiguous symbol -> social-link match (website+twitter),Yes,Simbol ambigu & market cap tidak cukup dominan untuk membedakan; dicocokkan lewat website+twitter CMC vs CoinGecko. Tier paling lemah dari 5 tier -- mohon dicek manual link sosialnya masih benar & aktif.,N
38169,Nexa (nexaagent.xyz),NXA,nexa-2,Nexa,924,False,contract,0.4,Contract address match (chain: base),No,"Alamat contract CMC cocok persis dengan listing CoinGecko di chain 'base' -- sinyal terkuat, berarti token yang sama persis on-chain.",Y
11078,IAGON,IAG,iagon,Iagon,925,False,contract,1,Contract address match (chain: cardano),No,"Alamat contract CMC cocok persis dengan listing CoinGecko di chain 'cardano' -- sinyal terkuat, berarti token yang sama persis on-chain.",Y
39049,Humidifi,WET,humidifi,HumidiFi,926,False,contract,1,Contract address match (chain: solana),No,"Alamat contract CMC cocok persis dengan listing CoinGecko di chain 'solana' -- sinyal terkuat, berarti token yang sama persis on-chain.",Y
38099,iShares Core MSCI Emerging Markets Tokenized ETF (Ondo),IEMGon,ishares-core-msci-emerging-markets-etf-ondo-tokenized-etf,iShares Core MSCI Emerging Markets ETF (Ondo Tokenized ETF),927,False,contract,0.88,Contract address match (chain: ethereum),No,"Alamat contract CMC cocok persis dengan listing CoinGecko di chain 'ethereum' -- sinyal terkuat, berarti token yang sama persis on-chain.",Y
39247,PDD Holdings Tokenized Stock (Ondo),PDDon,pdd-holdings-ondo-tokenized,PDD Holdings (Ondo Tokenized),928,False,contract,0.75,Contract address match (chain: ethereum),No,"Alamat contract CMC cocok persis dengan listing CoinGecko di chain 'ethereum' -- sinyal terkuat, berarti token yang sama persis on-chain.",Y
9285,Moonriver,MOVR,moonriver,Moonriver,929,True,symbol,1,Unique ticker symbol ('MOVR' cuma 1 listing di CoinGecko),No,Simbol 'MOVR' unik di CoinGecko (tidak ada listing lain yang bentrok).,Y
4953,FirmaChain,FCT,firmachain,Firmachain,930,False,contract,1,Contract address match (chain: ethereum),No,"Alamat contract CMC cocok persis dengan listing CoinGecko di chain 'ethereum' -- sinyal terkuat, berarti token yang sama persis on-chain.",Y
9119,Alien Worlds,TLM,alien-worlds,Alien Worlds,931,True,contract,1,Contract address match (chain: ethereum),No,"Alamat contract CMC cocok persis dengan listing CoinGecko di chain 'ethereum' -- sinyal terkuat, berarti token yang sama persis on-chain.",Y
13663,Gains Network,GNS,gains-network,Gains Network,932,True,symbol,1,Unique ticker symbol ('GNS' cuma 1 listing di CoinGecko),No,Simbol 'GNS' unik di CoinGecko (tidak ada listing lain yang bentrok).,Y
36369,Haedal Protocol,HAEDAL,haedal,Haedal Protocol,934,True,contract,1,Contract address match (chain: binance-smart-chain),No,"Alamat contract CMC cocok persis dengan listing CoinGecko di chain 'binance-smart-chain' -- sinyal terkuat, berarti token yang sama persis on-chain.",Y
2001,ColossusXT,COLX,colossuscoinxt,ColossusXT,935,False,symbol,1,Unique ticker symbol ('COLX' cuma 1 listing di CoinGecko),No,Simbol 'COLX' unik di CoinGecko (tidak ada listing lain yang bentrok).,Y
5227,Atletico De Madrid Fan Token,ATM,atletico-madrid,Atletico Madrid Fan Token,936,True,contract,0.96,Contract address match (chain: solana),No,"Alamat contract CMC cocok persis dengan listing CoinGecko di chain 'solana' -- sinyal terkuat, berarti token yang sama persis on-chain.",Y
34828,Save,SAVE,save,Save,937,False,contract,1,Contract address match (chain: solana),No,"Alamat contract CMC cocok persis dengan listing CoinGecko di chain 'solana' -- sinyal terkuat, berarti token yang sama persis on-chain.",Y
38863,Intuition,TRUST,intuition,Intuition,938,False,contract,1,Contract address match (chain: base),No,"Alamat contract CMC cocok persis dengan listing CoinGecko di chain 'base' -- sinyal terkuat, berarti token yang sama persis on-chain.",Y
6928,Bella Protocol,BEL,bella-protocol,Bella Protocol,939,True,contract,1,Contract address match (chain: ethereum),No,"Alamat contract CMC cocok persis dengan listing CoinGecko di chain 'ethereum' -- sinyal terkuat, berarti token yang sama persis on-chain.",Y
29879,ANDY (ETH),ANDY,andy-the-wisguy,ANDY ETH,940,False,contract,1,Contract address match (chain: ethereum),No,"Alamat contract CMC cocok persis dengan listing CoinGecko di chain 'ethereum' -- sinyal terkuat, berarti token yang sama persis on-chain.",Y
32089,Verona,VERONA,verona,Verona,941,False,symbol,1,Unique ticker symbol ('VERONA' cuma 1 listing di CoinGecko),No,Simbol 'VERONA' unik di CoinGecko (tidak ada listing lain yang bentrok).,Y
38468,Hana Network,HANA,hana-network,Hana Network,942,False,contract,1,Contract address match (chain: binance-smart-chain),No,"Alamat contract CMC cocok persis dengan listing CoinGecko di chain 'binance-smart-chain' -- sinyal terkuat, berarti token yang sama persis on-chain.",Y
37338,TAC Protocol,TAC,tac,TAC,943,False,symbol,0.43,Unique ticker symbol ('TAC' cuma 1 listing di CoinGecko),Yes,"Simbol 'TAC' unik di CoinGecko (tidak ada listing lain yang bentrok). TAPI tidak ada validasi silang lain (bukan contract/sosial), dan nama kurang mirip (similarity=0.43) -- tolong dicek manual apakah proyeknya benar sama.",N
16334,APX,APX,apollox-2,APX,944,False,contract,1,Contract address match (chain: binance-smart-chain),No,"Alamat contract CMC cocok persis dengan listing CoinGecko di chain 'binance-smart-chain' -- sinyal terkuat, berarti token yang sama persis on-chain.",Y
34116,AVA,AVA,ava-ai,Ava AI,945,False,contract,0.75,Contract address match (chain: solana),No,"Alamat contract CMC cocok persis dengan listing CoinGecko di chain 'solana' -- sinyal terkuat, berarti token yang sama persis on-chain.",Y
33566,Act I : The AI Prophecy,ACT,act-i-the-ai-prophecy,Act I The AI Prophecy,946,True,contract,1,Contract address match (chain: solana),No,"Alamat contract CMC cocok persis dengan listing CoinGecko di chain 'solana' -- sinyal terkuat, berarti token yang sama persis on-chain.",Y
20622,Forta,FORT,forta,Forta,947,False,symbol,1,Unique ticker symbol ('FORT' cuma 1 listing di CoinGecko),No,Simbol 'FORT' unik di CoinGecko (tidak ada listing lain yang bentrok).,Y
31806,Pepecoin,PEP,pepecoin-network,Pepecoin,948,False,symbol_by_market_cap,1,Ambiguous symbol -> market cap dominance (rasio 80.5x vs runner-up),Yes,"Simbol 'PEP' dipakai >1 listing di CoinGecko (kemungkinan wrapped/bridged/tiruan). Dipilih yang market cap-nya dominan (80.5x). Ini heuristik, bukan validasi identitas -- mohon dicek manual project-nya benar 'Pepecoin'.",N
35710,MyShell,SHELL,myshell,MyShell,949,True,contract,1,Contract address match (chain: ethereum),No,"Alamat contract CMC cocok persis dengan listing CoinGecko di chain 'ethereum' -- sinyal terkuat, berarti token yang sama persis on-chain.",Y
23335,THENA,THE,thena,Thena,950,True,contract,1,Contract address match (chain: binance-smart-chain),No,"Alamat contract CMC cocok persis dengan listing CoinGecko di chain 'binance-smart-chain' -- sinyal terkuat, berarti token yang sama persis on-chain.",Y
132,Counterparty,XCP,counterparty,Counterparty,951,False,symbol,1,Unique ticker symbol ('XCP' cuma 1 listing di CoinGecko),No,Simbol 'XCP' unik di CoinGecko (tidak ada listing lain yang bentrok).,Y
9288,BENQI,QI,benqi,BENQI,952,True,contract,1,Contract address match (chain: avalanche),No,"Alamat contract CMC cocok persis dengan listing CoinGecko di chain 'avalanche' -- sinyal terkuat, berarti token yang sama persis on-chain.",Y
38022,iShares Russell 1000 Growth Tokenized ETF (Ondo),IWFon,ishares-russell-1000-growth-etf-ondo-tokenized-etf,iShares Russell 1000 Growth ETF (Ondo Tokenized ETF),953,False,contract,0.87,Contract address match (chain: ethereum),No,"Alamat contract CMC cocok persis dengan listing CoinGecko di chain 'ethereum' -- sinyal terkuat, berarti token yang sama persis on-chain.",Y
10631,Gods Unchained,GODS,gods-unchained,Gods Unchained,954,False,contract,1,Contract address match (chain: ethereum),No,"Alamat contract CMC cocok persis dengan listing CoinGecko di chain 'ethereum' -- sinyal terkuat, berarti token yang sama persis on-chain.",Y
42248,Giggle Mascot,MAX,giggle-mascot,Giggle Mascot,955,False,contract,1,Contract address match (chain: binance-smart-chain),No,"Alamat contract CMC cocok persis dengan listing CoinGecko di chain 'binance-smart-chain' -- sinyal terkuat, berarti token yang sama persis on-chain.",Y
38585,GeorgePlaysClashRoyale,CLASH,georgeplaysclashroyale,GeorgePlaysClashRoyale,956,False,contract,1,Contract address match (chain: solana),No,"Alamat contract CMC cocok persis dengan listing CoinGecko di chain 'solana' -- sinyal terkuat, berarti token yang sama persis on-chain.",Y
26833,Wecan Group,WECAN,wecan,Wecan,957,False,contract,0.67,Contract address match (chain: ethereum),No,"Alamat contract CMC cocok persis dengan listing CoinGecko di chain 'ethereum' -- sinyal terkuat, berarti token yang sama persis on-chain.",Y
9386,Kishu Inu,KISHU,kishu-inu,Kishu Inu,958,False,contract,1,Contract address match (chain: ethereum),No,"Alamat contract CMC cocok persis dengan listing CoinGecko di chain 'ethereum' -- sinyal terkuat, berarti token yang sama persis on-chain.",Y
14556,Boba Network,BOBA,boba-network,Boba Network,959,False,symbol_by_market_cap,1,Ambiguous symbol -> market cap dominance (rasio 17.7x vs runner-up),Yes,"Simbol 'BOBA' dipakai >1 listing di CoinGecko (kemungkinan wrapped/bridged/tiruan). Dipilih yang market cap-nya dominan (17.7x). Ini heuristik, bukan validasi identitas -- mohon dicek manual project-nya benar 'Boba Network'.",N
39306,iShares 0-3 Month Treasury Bond Tokenized ETF (Ondo),SGOVon,ishares-0-3-month-treasury-bond-etf-ondo-tokenized-etf,iShares 0-3 Month Treasury Bond ETF (Ondo Tokenized ETF),960,False,contract,0.87,Contract address match (chain: ethereum),No,"Alamat contract CMC cocok persis dengan listing CoinGecko di chain 'ethereum' -- sinyal terkuat, berarti token yang sama persis on-chain.",Y
36156,GUNZ,GUN,gunz,Gunz,961,True,symbol,1,Unique ticker symbol ('GUN' cuma 1 listing di CoinGecko),No,Simbol 'GUN' unik di CoinGecko (tidak ada listing lain yang bentrok).,Y
36935,Mango Network,MGO,mango-network,Mango Network,962,False,contract,1,Contract address match (chain: binance-smart-chain),No,"Alamat contract CMC cocok persis dengan listing CoinGecko di chain 'binance-smart-chain' -- sinyal terkuat, berarti token yang sama persis on-chain.",Y
31278,Drift,DRIFT,drift-protocol,Drift Protocol,963,False,contract,0.56,Contract address match (chain: solana),No,"Alamat contract CMC cocok persis dengan listing CoinGecko di chain 'solana' -- sinyal terkuat, berarti token yang sama persis on-chain.",Y
9020,Toko Token,TKO,tokocrypto,Tokocrypto,964,True,contract,0.63,Contract address match (chain: binance-smart-chain),No,"Alamat contract CMC cocok persis dengan listing CoinGecko di chain 'binance-smart-chain' -- sinyal terkuat, berarti token yang sama persis on-chain.",Y
39903,KAIO,KAIO,kaio,KAIO,965,False,contract,1,Contract address match (chain: ethereum),No,"Alamat contract CMC cocok persis dengan listing CoinGecko di chain 'ethereum' -- sinyal terkuat, berarti token yang sama persis on-chain.",Y
40539,iShares MSCI South Korea ETF Tokenized bStocks,EWYB,ishares-msci-south-korea-etf-bstocks-tokenized-stock,iShares MSCI South Korea ETF (bStocks Tokenized Stock),966,True,contract,0.89,Contract address match (chain: binance-smart-chain),No,"Alamat contract CMC cocok persis dengan listing CoinGecko di chain 'binance-smart-chain' -- sinyal terkuat, berarti token yang sama persis on-chain.",Y
10442,Decentralized Social,DESO,deso,Decentralized Social,967,False,symbol,1,Unique ticker symbol ('DESO' cuma 1 listing di CoinGecko),No,Simbol 'DESO' unik di CoinGecko (tidak ada listing lain yang bentrok).,Y
38634,Yei Finance,CLO,yei-finance,Yei Finance,968,False,contract,1,Contract address match (chain: binance-smart-chain),No,"Alamat contract CMC cocok persis dengan listing CoinGecko di chain 'binance-smart-chain' -- sinyal terkuat, berarti token yang sama persis on-chain.",Y
5956,MUX Protocol,MCB,mcdex,MUX Protocol,969,False,contract,1,Contract address match (chain: ethereum),No,"Alamat contract CMC cocok persis dengan listing CoinGecko di chain 'ethereum' -- sinyal terkuat, berarti token yang sama persis on-chain.",Y
38037,Apple Tokenized Stock (Ondo),AAPLon,apple-ondo-tokenized-stock,Apple (Ondo Tokenized Stock),970,False,contract,0.83,Contract address match (chain: ethereum),No,"Alamat contract CMC cocok persis dengan listing CoinGecko di chain 'ethereum' -- sinyal terkuat, berarti token yang sama persis on-chain.",Y
36737,Tradoor,TRADOOR,tradoor,Tradoor,972,False,contract,1,Contract address match (chain: binance-smart-chain),No,"Alamat contract CMC cocok persis dengan listing CoinGecko di chain 'binance-smart-chain' -- sinyal terkuat, berarti token yang sama persis on-chain.",Y
35597,xU3O8,XU3O8,uranium,Uranium,973,False,symbol,0.17,Unique ticker symbol ('XU3O8' cuma 1 listing di CoinGecko),Yes,"Simbol 'XU3O8' unik di CoinGecko (tidak ada listing lain yang bentrok). TAPI tidak ada validasi silang lain (bukan contract/sosial), dan nama kurang mirip (similarity=0.17) -- tolong dicek manual apakah proyeknya benar sama.",N
32194,StakeStone,STO,stakestone,StakeStone,974,True,contract,1,Contract address match (chain: ethereum),No,"Alamat contract CMC cocok persis dengan listing CoinGecko di chain 'ethereum' -- sinyal terkuat, berarti token yang sama persis on-chain.",Y
17722,Ambire Wallet,WALLET,ambire-wallet,Ambire Wallet,975,False,symbol,1,Unique ticker symbol ('WALLET' cuma 1 listing di CoinGecko),No,Simbol 'WALLET' unik di CoinGecko (tidak ada listing lain yang bentrok).,Y
4090,Wirex Token,WXT,wirex,WXT Token,976,False,symbol_by_market_cap,0.78,Ambiguous symbol -> market cap dominance (rasio runner-up tanpa data market cap vs runner-up),Yes,"Simbol 'WXT' dipakai >1 listing di CoinGecko (kemungkinan wrapped/bridged/tiruan). Dipilih yang market cap-nya dominan (runner-up tanpa data market cap). Ini heuristik, bukan validasi identitas -- mohon dicek manual project-nya benar 'Wirex Token'.",N
38046,Coinbase Tokenized Stock (Ondo),COINon,coinbase-ondo-tokenized-stock,Coinbase (Ondo Tokenized Stock),977,False,contract,0.85,Contract address match (chain: ethereum),No,"Alamat contract CMC cocok persis dengan listing CoinGecko di chain 'ethereum' -- sinyal terkuat, berarti token yang sama persis on-chain.",Y
40958,Squid,QUID,squid-3,Squid,978,False,contract,1,Contract address match (chain: base),No,"Alamat contract CMC cocok persis dengan listing CoinGecko di chain 'base' -- sinyal terkuat, berarti token yang sama persis on-chain.",Y
38027,AMD Tokenized Stock (Ondo),AMDon,amd-ondo-tokenized-stock,AMD (Ondo Tokenized Stock),979,False,contract,0.81,Contract address match (chain: ethereum),No,"Alamat contract CMC cocok persis dengan listing CoinGecko di chain 'ethereum' -- sinyal terkuat, berarti token yang sama persis on-chain.",Y
36227,NUMINE,NUMI,numine-token,NUMINE Token,980,False,contract,0.71,Contract address match (chain: ethereum),No,"Alamat contract CMC cocok persis dengan listing CoinGecko di chain 'ethereum' -- sinyal terkuat, berarti token yang sama persis on-chain.",Y
37374,Caldera,ERA,caldera,Caldera,981,True,contract,1,Contract address match (chain: ethereum),No,"Alamat contract CMC cocok persis dengan listing CoinGecko di chain 'ethereum' -- sinyal terkuat, berarti token yang sama persis on-chain.",Y
39170,Collect on Fanable,COLLECT,collect-on-fanable,Collect on Fanable,982,False,contract,1,Contract address match (chain: binance-smart-chain),No,"Alamat contract CMC cocok persis dengan listing CoinGecko di chain 'binance-smart-chain' -- sinyal terkuat, berarti token yang sama persis on-chain.",Y
15736,LUCA,LUCA,luca,LUCA,983,False,contract,1,Contract address match (chain: binance-smart-chain),No,"Alamat contract CMC cocok persis dengan listing CoinGecko di chain 'binance-smart-chain' -- sinyal terkuat, berarti token yang sama persis on-chain.",Y
40616,Micron Tokenized Stock (Reality),rMU,micron-technology-rstock,Micron Technology rStock,984,False,contract,0.53,Contract address match (chain: arbitrum-one),No,"Alamat contract CMC cocok persis dengan listing CoinGecko di chain 'arbitrum-one' -- sinyal terkuat, berarti token yang sama persis on-chain.",Y
5161,WazirX,WRX,wazirx,WazirX,985,False,symbol,1,Unique ticker symbol ('WRX' cuma 1 listing di CoinGecko),No,Simbol 'WRX' unik di CoinGecko (tidak ada listing lain yang bentrok).,Y
38788,MWX Token,MWXT,mwx-token,MWX Token,986,False,contract,1,Contract address match (chain: base),No,"Alamat contract CMC cocok persis dengan listing CoinGecko di chain 'base' -- sinyal terkuat, berarti token yang sama persis on-chain.",Y
38561,Everlyn AI,LYN,everlyn,Everlyn,987,False,contract,0.88,Contract address match (chain: binance-smart-chain),No,"Alamat contract CMC cocok persis dengan listing CoinGecko di chain 'binance-smart-chain' -- sinyal terkuat, berarti token yang sama persis on-chain.",Y
5268,Energy Web Token,EWT,energy-web-token,Energy Web Token,988,False,symbol_by_market_cap,1,Ambiguous symbol -> market cap dominance (rasio 1328.2x vs runner-up),Yes,"Simbol 'EWT' dipakai >1 listing di CoinGecko (kemungkinan wrapped/bridged/tiruan). Dipilih yang market cap-nya dominan (1328.2x). Ini heuristik, bukan validasi identitas -- mohon dicek manual project-nya benar 'Energy Web Token'.",N
40961,The Juggernaut,JUGGERNAUT,the-juggernaut,The Juggernaut,989,False,symbol,1,Unique ticker symbol ('JUGGERNAUT' cuma 1 listing di CoinGecko),No,Simbol 'JUGGERNAUT' unik di CoinGecko (tidak ada listing lain yang bentrok).,Y
1768,heyAura,ADX,adex,heyAura,990,True,contract,1,Contract address match (chain: ethereum),No,"Alamat contract CMC cocok persis dengan listing CoinGecko di chain 'ethereum' -- sinyal terkuat, berarti token yang sama persis on-chain.",Y
29724,KONET,KONET,konet,KONET,991,False,symbol,1,Unique ticker symbol ('KONET' cuma 1 listing di CoinGecko),No,Simbol 'KONET' unik di CoinGecko (tidak ada listing lain yang bentrok).,Y
42249,4Stock,4Stock,4stock,4Stock,992,False,contract,1,Contract address match (chain: binance-smart-chain),No,"Alamat contract CMC cocok persis dengan listing CoinGecko di chain 'binance-smart-chain' -- sinyal terkuat, berarti token yang sama persis on-chain.",Y
39192,USDM,USDM,usdm-2,USDM,993,False,contract,1,Contract address match (chain: cardano),No,"Alamat contract CMC cocok persis dengan listing CoinGecko di chain 'cardano' -- sinyal terkuat, berarti token yang sama persis on-chain.",Y
33108,X Empire,X,x-empire,X Empire,994,False,symbol_by_social_match,1,Ambiguous symbol -> social-link match (website+twitter),Yes,Simbol ambigu & market cap tidak cukup dominan untuk membedakan; dicocokkan lewat website+twitter CMC vs CoinGecko. Tier paling lemah dari 5 tier -- mohon dicek manual link sosialnya masih benar & aktif.,N
2083,Bitcoin Gold,BTG,bitcoin-gold,Bitcoin Gold,995,False,symbol_by_social_match,1,Ambiguous symbol -> social-link match (website+twitter),Yes,Simbol ambigu & market cap tidak cukup dominan untuk membedakan; dicocokkan lewat website+twitter CMC vs CoinGecko. Tier paling lemah dari 5 tier -- mohon dicek manual link sosialnya masih benar & aktif.,N
11620,IXS,IXS,ix-swap,IXS,996,False,contract,1,Contract address match (chain: ethereum),No,"Alamat contract CMC cocok persis dengan listing CoinGecko di chain 'ethereum' -- sinyal terkuat, berarti token yang sama persis on-chain.",Y
2915,Moss Coin,MOC,mossland,Mossland,997,False,contract,0.62,Contract address match (chain: ethereum),No,"Alamat contract CMC cocok persis dengan listing CoinGecko di chain 'ethereum' -- sinyal terkuat, berarti token yang sama persis on-chain.",Y
26220,ISLM,ISLM,islamic-coin,Islamic Coin,998,False,symbol,0.53,Unique ticker symbol ('ISLM' cuma 1 listing di CoinGecko),Yes,"Simbol 'ISLM' unik di CoinGecko (tidak ada listing lain yang bentrok). TAPI tidak ada validasi silang lain (bukan contract/sosial), dan nama kurang mirip (similarity=0.53) -- tolong dicek manual apakah proyeknya benar sama.",N
37414,Yooldo,ESPORTS,yooldo-games,Yooldo Games,999,False,contract,0.71,Contract address match (chain: binance-smart-chain),No,"Alamat contract CMC cocok persis dengan listing CoinGecko di chain 'binance-smart-chain' -- sinyal terkuat, berarti token yang sama persis on-chain.",Y
5382,ELYSIA,EL,elysia,ELYSIA,1000,False,contract,1,Contract address match (chain: ethereum),No,"Alamat contract CMC cocok persis dengan listing CoinGecko di chain 'ethereum' -- sinyal terkuat, berarti token yang sama persis on-chain.",Y
12814,Dexsport,DESU,dexsport,Dexsport,1001,False,contract,1,Contract address match (chain: binance-smart-chain),No,"Alamat contract CMC cocok persis dengan listing CoinGecko di chain 'binance-smart-chain' -- sinyal terkuat, berarti token yang sama persis on-chain.",Y
28458,Autonolas,OLAS,autonolas,Autonolas,1002,False,contract,1,Contract address match (chain: ethereum),No,"Alamat contract CMC cocok persis dengan listing CoinGecko di chain 'ethereum' -- sinyal terkuat, berarti token yang sama persis on-chain.",Y
32376,Avail,AVAIL,avail,Avail,1003,False,contract,1,Contract address match (chain: ethereum),No,"Alamat contract CMC cocok persis dengan listing CoinGecko di chain 'ethereum' -- sinyal terkuat, berarti token yang sama persis on-chain.",Y
39955,ShareX,SHARE,sharex-2,ShareX,1004,False,contract,1,Contract address match (chain: binance-smart-chain),No,"Alamat contract CMC cocok persis dengan listing CoinGecko di chain 'binance-smart-chain' -- sinyal terkuat, berarti token yang sama persis on-chain.",Y
30372,Saga,SAGA,saga-2,Saga,1006,True,symbol,1,Unique ticker symbol ('SAGA' cuma 1 listing di CoinGecko),No,Simbol 'SAGA' unik di CoinGecko (tidak ada listing lain yang bentrok).,Y
23195,Access Protocol,ACS,access-protocol,Access Protocol,1007,False,contract,1,Contract address match (chain: solana),No,"Alamat contract CMC cocok persis dengan listing CoinGecko di chain 'solana' -- sinyal terkuat, berarti token yang sama persis on-chain.",Y
11948,Radix,XRD,radix,Radix,1008,False,symbol,1,Unique ticker symbol ('XRD' cuma 1 listing di CoinGecko),No,Simbol 'XRD' unik di CoinGecko (tidak ada listing lain yang bentrok).,Y
38376,EVAA Protocol,EVAA,evaa-protocol,EVAA Protocol,1009,False,contract,1,Contract address match (chain: binance-smart-chain),No,"Alamat contract CMC cocok persis dengan listing CoinGecko di chain 'binance-smart-chain' -- sinyal terkuat, berarti token yang sama persis on-chain.",Y
31838,Cookie DAO,COOKIE,cookie,Cookie DAO,1011,True,contract,1,Contract address match (chain: binance-smart-chain),No,"Alamat contract CMC cocok persis dengan listing CoinGecko di chain 'binance-smart-chain' -- sinyal terkuat, berarti token yang sama persis on-chain.",Y
37562,OLAXBT,AIO,olaxbt,OlaXBT,1012,False,contract,1,Contract address match (chain: binance-smart-chain),No,"Alamat contract CMC cocok persis dengan listing CoinGecko di chain 'binance-smart-chain' -- sinyal terkuat, berarti token yang sama persis on-chain.",Y
2927,sUSD,SUSD,staked-usd-coin,Staked USD Coin,1013,False,symbol_by_market_cap,0.47,Ambiguous symbol -> market cap dominance (rasio 7.2x vs runner-up),Yes,"Simbol 'SUSD' dipakai >1 listing di CoinGecko (kemungkinan wrapped/bridged/tiruan). Dipilih yang market cap-nya dominan (7.2x). Ini heuristik, bukan validasi identitas -- mohon dicek manual project-nya benar 'sUSD'.",N
2320,Utrust,UTK,utrust,Utrust,1014,False,contract,1,Contract address match (chain: ethereum),No,"Alamat contract CMC cocok persis dengan listing CoinGecko di chain 'ethereum' -- sinyal terkuat, berarti token yang sama persis on-chain.",Y
39564,Opinion,OPN,opinion,Opinion,1015,True,contract,1,Contract address match (chain: ethereum),No,"Alamat contract CMC cocok persis dengan listing CoinGecko di chain 'ethereum' -- sinyal terkuat, berarti token yang sama persis on-chain.",Y
39162,KGST,KGST,kyrgyz-som-stablecoin,Kyrgyz Som Stablecoin,1016,True,contract,0.35,Contract address match (chain: binance-smart-chain),Yes,"Alamat contract CMC cocok persis dengan listing CoinGecko di chain 'binance-smart-chain' -- sinyal terkuat, berarti token yang sama persis on-chain. Nama CMC ('KGST') vs CoinGecko ('Kyrgyz Som Stablecoin') sangat berbeda (similarity=0.35) walau tier-nya biasanya kuat -- janggal, tolong dicek manual (potensi bug mapping chain/simbol).",N
21706,SuperWalk,GRND,superwalk,SuperWalk GRND,1017,False,symbol_by_market_cap,0.82,Ambiguous symbol -> market cap dominance (rasio 35.5x vs runner-up),Yes,"Simbol 'GRND' dipakai >1 listing di CoinGecko (kemungkinan wrapped/bridged/tiruan). Dipilih yang market cap-nya dominan (35.5x). Ini heuristik, bukan validasi identitas -- mohon dicek manual project-nya benar 'SuperWalk'.",N
23711,Echelon Prime,PRIME,echelon-prime,Echelon Prime,1018,False,contract,1,Contract address match (chain: ethereum),No,"Alamat contract CMC cocok persis dengan listing CoinGecko di chain 'ethereum' -- sinyal terkuat, berarti token yang sama persis on-chain.",Y
41989,FLORK,FLORK,flork-3,FLORK,1019,False,contract,1,Contract address match (chain: binance-smart-chain),No,"Alamat contract CMC cocok persis dengan listing CoinGecko di chain 'binance-smart-chain' -- sinyal terkuat, berarti token yang sama persis on-chain.",Y
40945,What IF,IF,what-if-3,What IF,1020,False,symbol_by_market_cap,1,Ambiguous symbol -> market cap dominance (rasio 302.0x vs runner-up),Yes,"Simbol 'IF' dipakai >1 listing di CoinGecko (kemungkinan wrapped/bridged/tiruan). Dipilih yang market cap-nya dominan (302.0x). Ini heuristik, bukan validasi identitas -- mohon dicek manual project-nya benar 'What IF'.",N
18895,MARBLEX,MBX,marblex,MARBLEX,1021,False,symbol_by_market_cap,1,Ambiguous symbol -> market cap dominance (rasio 623.1x vs runner-up),Yes,"Simbol 'MBX' dipakai >1 listing di CoinGecko (kemungkinan wrapped/bridged/tiruan). Dipilih yang market cap-nya dominan (623.1x). Ini heuristik, bukan validasi identitas -- mohon dicek manual project-nya benar 'MARBLEX'.",N
12623,Stader,SD,stader,Stader,1022,False,contract,1,Contract address match (chain: ethereum),No,"Alamat contract CMC cocok persis dengan listing CoinGecko di chain 'ethereum' -- sinyal terkuat, berarti token yang sama persis on-chain.",Y
39382,Tria,TRIA,tria,TRIA,1023,False,contract,1,Contract address match (chain: ethereum),No,"Alamat contract CMC cocok persis dengan listing CoinGecko di chain 'ethereum' -- sinyal terkuat, berarti token yang sama persis on-chain.",Y
39415,Verified Emeralds,VEREM,verified-emeralds,Verified Emeralds,1024,False,contract,1,Contract address match (chain: binance-smart-chain),No,"Alamat contract CMC cocok persis dengan listing CoinGecko di chain 'binance-smart-chain' -- sinyal terkuat, berarti token yang sama persis on-chain.",Y
22059,Venom,VENOM,venom,Venom,1025,False,symbol_by_market_cap,1,Ambiguous symbol -> market cap dominance (rasio runner-up tanpa data market cap vs runner-up),Yes,"Simbol 'VENOM' dipakai >1 listing di CoinGecko (kemungkinan wrapped/bridged/tiruan). Dipilih yang market cap-nya dominan (runner-up tanpa data market cap). Ini heuristik, bukan validasi identitas -- mohon dicek manual project-nya benar 'Venom'.",N
12041,Dimitra,DMTR,dimitra,Dimitra,1026,False,contract,1,Contract address match (chain: ethereum),No,"Alamat contract CMC cocok persis dengan listing CoinGecko di chain 'ethereum' -- sinyal terkuat, berarti token yang sama persis on-chain.",Y
38086,Microsoft Tokenized Stock (Ondo),MSFTon,microsoft-ondo-tokenized-stock,Microsoft (Ondo Tokenized Stock),1027,False,contract,0.85,Contract address match (chain: ethereum),No,"Alamat contract CMC cocok persis dengan listing CoinGecko di chain 'ethereum' -- sinyal terkuat, berarti token yang sama persis on-chain.",Y
34177,Quantoz USDQ,USDQ,quantoz-usdq,Quantoz USDQ,1028,False,contract,1,Contract address match (chain: ethereum),No,"Alamat contract CMC cocok persis dengan listing CoinGecko di chain 'ethereum' -- sinyal terkuat, berarti token yang sama persis on-chain.",Y
37014,Amazon tokenized stock (xStock),AMZNX,amazon-xstock,Amazon xStock,1029,False,contract,0.63,Contract address match (chain: solana),No,"Alamat contract CMC cocok persis dengan listing CoinGecko di chain 'solana' -- sinyal terkuat, berarti token yang sama persis on-chain.",Y
32087,Sophon,SOPH,sophon,Sophon,1030,True,contract,1,Contract address match (chain: ethereum),No,"Alamat contract CMC cocok persis dengan listing CoinGecko di chain 'ethereum' -- sinyal terkuat, berarti token yang sama persis on-chain.",Y
15248,Santos FC Fan Token,SANTOS,santos-fc-fan-token,Santos FC Fan Token,1031,True,contract,1,Contract address match (chain: binance-smart-chain),No,"Alamat contract CMC cocok persis dengan listing CoinGecko di chain 'binance-smart-chain' -- sinyal terkuat, berarti token yang sama persis on-chain.",Y
23351,Creta World,CRETA,creta-world,Creta World,1032,False,symbol,1,Unique ticker symbol ('CRETA' cuma 1 listing di CoinGecko),No,Simbol 'CRETA' unik di CoinGecko (tidak ada listing lain yang bentrok).,Y
28299,TokenFi,TOKEN,tokenfi,TokenFi,1033,False,contract,1,Contract address match (chain: binance-smart-chain),No,"Alamat contract CMC cocok persis dengan listing CoinGecko di chain 'binance-smart-chain' -- sinyal terkuat, berarti token yang sama persis on-chain.",Y
5226,Paris Saint-Germain Fan Token,PSG,paris-saint-germain-fan-token,Paris Saint-Germain Fan Token,1034,True,contract,1,Contract address match (chain: solana),No,"Alamat contract CMC cocok persis dengan listing CoinGecko di chain 'solana' -- sinyal terkuat, berarti token yang sama persis on-chain.",Y
36713,Resolv,RESOLV,resolv,Resolv,1035,True,contract,1,Contract address match (chain: ethereum),No,"Alamat contract CMC cocok persis dengan listing CoinGecko di chain 'ethereum' -- sinyal terkuat, berarti token yang sama persis on-chain.",Y
19055,AITECH Cloud Network,ACN,solidus-aitech,AITECH Cloud Network,1036,False,contract,1,Contract address match (chain: ethereum),No,"Alamat contract CMC cocok persis dengan listing CoinGecko di chain 'ethereum' -- sinyal terkuat, berarti token yang sama persis on-chain.",Y
38331,USDH,USDH,usdh-2,USDH,1037,False,symbol_by_market_cap,1,Ambiguous symbol -> market cap dominance (rasio 10.5x vs runner-up),Yes,"Simbol 'USDH' dipakai >1 listing di CoinGecko (kemungkinan wrapped/bridged/tiruan). Dipilih yang market cap-nya dominan (10.5x). Ini heuristik, bukan validasi identitas -- mohon dicek manual project-nya benar 'USDH'.",N
6641,AhaToken,AHT,ahatoken,AhaToken,1038,False,symbol,1,Unique ticker symbol ('AHT' cuma 1 listing di CoinGecko),No,Simbol 'AHT' unik di CoinGecko (tidak ada listing lain yang bentrok).,Y
5728,Balancer,BAL,balancer,Balancer,1039,False,contract,1,Contract address match (chain: ethereum),No,"Alamat contract CMC cocok persis dengan listing CoinGecko di chain 'ethereum' -- sinyal terkuat, berarti token yang sama persis on-chain.",Y
40786,SK hynix tokenized stock (xStock),SKHYx,sk-hynix-xstock,SK Hynix xStock,1040,False,contract,0.65,Contract address match (chain: solana),No,"Alamat contract CMC cocok persis dengan listing CoinGecko di chain 'solana' -- sinyal terkuat, berarti token yang sama persis on-chain.",Y
34422,Build On BNB,BOB,build-on-bnb,Build On BNB,1041,False,contract,1,Contract address match (chain: binance-smart-chain),No,"Alamat contract CMC cocok persis dengan listing CoinGecko di chain 'binance-smart-chain' -- sinyal terkuat, berarti token yang sama persis on-chain.",Y
4956,MAP Protocol,MAPO,marcopolo,MAP Protocol,1042,False,symbol,1,Unique ticker symbol ('MAPO' cuma 1 listing di CoinGecko),No,Simbol 'MAPO' unik di CoinGecko (tidak ada listing lain yang bentrok).,Y
29296,NAVI Protocol,NAVX,navi,NAVI Protocol,1043,False,contract,1,Contract address match (chain: sui),No,"Alamat contract CMC cocok persis dengan listing CoinGecko di chain 'sui' -- sinyal terkuat, berarti token yang sama persis on-chain.",Y
26532,Pikaboss,PIKA,pikaboss,Pikaboss,1044,False,contract,1,Contract address match (chain: ethereum),No,"Alamat contract CMC cocok persis dengan listing CoinGecko di chain 'ethereum' -- sinyal terkuat, berarti token yang sama persis on-chain.",Y
20456,WeBuy,WE,webuy,WeBuy,1045,False,symbol,1,Unique ticker symbol ('WE' cuma 1 listing di CoinGecko),No,Simbol 'WE' unik di CoinGecko (tidak ada listing lain yang bentrok).,Y
3581,Kleros,PNK,kleros,Kleros,1046,False,contract,1,Contract address match (chain: ethereum),No,"Alamat contract CMC cocok persis dengan listing CoinGecko di chain 'ethereum' -- sinyal terkuat, berarti token yang sama persis on-chain.",Y
33405,Koma Inu,KOMA,koma-inu,Koma Inu,1047,False,contract,1,Contract address match (chain: binance-smart-chain),No,"Alamat contract CMC cocok persis dengan listing CoinGecko di chain 'binance-smart-chain' -- sinyal terkuat, berarti token yang sama persis on-chain.",Y
5228,Galatasaray Fan Token,GAL,galatasaray-fan-token,Galatasaray Fan Token,1048,False,contract,1,Contract address match (chain: solana),No,"Alamat contract CMC cocok persis dengan listing CoinGecko di chain 'solana' -- sinyal terkuat, berarti token yang sama persis on-chain.",Y
6069,Assemble AI,ASM,assemble-protocol,Assemble AI,1049,False,contract,1,Contract address match (chain: ethereum),No,"Alamat contract CMC cocok persis dengan listing CoinGecko di chain 'ethereum' -- sinyal terkuat, berarti token yang sama persis on-chain.",Y
37050,Marvell tokenized stock (xStock),MRVLX,marvell-xstock,Marvell xStock,1050,False,contract,0.65,Contract address match (chain: solana),No,"Alamat contract CMC cocok persis dengan listing CoinGecko di chain 'solana' -- sinyal terkuat, berarti token yang sama persis on-chain.",Y
5113,inSure DeFi,SURE,insure,inSure DeFi,1051,False,contract,1,Contract address match (chain: ethereum),No,"Alamat contract CMC cocok persis dengan listing CoinGecko di chain 'ethereum' -- sinyal terkuat, berarti token yang sama persis on-chain.",Y
25232,Abelian,ABEL,abelian,Abelian,1052,False,symbol_by_market_cap,1,Ambiguous symbol -> market cap dominance (rasio runner-up tanpa data market cap vs runner-up),Yes,"Simbol 'ABEL' dipakai >1 listing di CoinGecko (kemungkinan wrapped/bridged/tiruan). Dipilih yang market cap-nya dominan (runner-up tanpa data market cap). Ini heuristik, bukan validasi identitas -- mohon dicek manual project-nya benar 'Abelian'.",N
38033,iShares MSCI Emerging Markets Tokenized ETF (Ondo),EEMon,ishares-msci-emerging-markets-etf-ondo-tokenized-etf,iShares MSCI Emerging Markets ETF (Ondo Tokenized ETF),1053,False,contract,0.87,Contract address match (chain: ethereum),No,"Alamat contract CMC cocok persis dengan listing CoinGecko di chain 'ethereum' -- sinyal terkuat, berarti token yang sama persis on-chain.",Y
38004,Robinhood Markets Tokenized Stock (Ondo),HOODon,robinhood-markets-ondo-tokenized-stock,Robinhood Markets (Ondo Tokenized Stock),1054,False,contract,0.88,Contract address match (chain: ethereum),No,"Alamat contract CMC cocok persis dengan listing CoinGecko di chain 'ethereum' -- sinyal terkuat, berarti token yang sama persis on-chain.",Y
14878,Alephium,ALPH,alephium,Alephium,1055,False,symbol,1,Unique ticker symbol ('ALPH' cuma 1 listing di CoinGecko),No,Simbol 'ALPH' unik di CoinGecko (tidak ada listing lain yang bentrok).,Y
5229,AS Roma Fan Token,ASR,as-roma-fan-token,AS Roma Fan Token,1056,True,contract,1,Contract address match (chain: solana),No,"Alamat contract CMC cocok persis dengan listing CoinGecko di chain 'solana' -- sinyal terkuat, berarti token yang sama persis on-chain.",Y
5225,FC Barcelona Fan Token,BAR,fc-barcelona-fan-token,FC Barcelona Fan Token,1057,True,contract,1,Contract address match (chain: solana),No,"Alamat contract CMC cocok persis dengan listing CoinGecko di chain 'solana' -- sinyal terkuat, berarti token yang sama persis on-chain.",Y
35421,Vine Coin,VINE,vine,Vine,1058,False,contract,0.67,Contract address match (chain: solana),No,"Alamat contract CMC cocok persis dengan listing CoinGecko di chain 'solana' -- sinyal terkuat, berarti token yang sama persis on-chain.",Y
38946,GAIB,GAIB,gaib,GAIB,1059,False,contract,1,Contract address match (chain: ethereum),No,"Alamat contract CMC cocok persis dengan listing CoinGecko di chain 'ethereum' -- sinyal terkuat, berarti token yang sama persis on-chain.",Y
32889,Auki,AUKI,auki-labs,Auki,1060,False,contract,1,Contract address match (chain: base),No,"Alamat contract CMC cocok persis dengan listing CoinGecko di chain 'base' -- sinyal terkuat, berarti token yang sama persis on-chain.",Y
37571,Towns,TOWNS,towns,Towns,1061,True,contract,1,Contract address match (chain: ethereum),No,"Alamat contract CMC cocok persis dengan listing CoinGecko di chain 'ethereum' -- sinyal terkuat, berarti token yang sama persis on-chain.",Y
40848,Marvell Technology Tokenized bStocks,MRVLB,marvell-technology-bstocks-tokenized-stock,Marvell Technology (bStocks Tokenized Stock),1062,True,contract,0.87,Contract address match (chain: binance-smart-chain),No,"Alamat contract CMC cocok persis dengan listing CoinGecko di chain 'binance-smart-chain' -- sinyal terkuat, berarti token yang sama persis on-chain.",Y
7975,Venus LINK,vLINK,venus-link,Venus LINK,1063,False,contract,1,Contract address match (chain: binance-smart-chain),No,"Alamat contract CMC cocok persis dengan listing CoinGecko di chain 'binance-smart-chain' -- sinyal terkuat, berarti token yang sama persis on-chain.",Y
37693,Anthropic tokenized stock (PreStocks),ANTHROPIC,anthropic-prestocks-2,Anthropic PreStocks,1064,False,contract,0.72,Contract address match (chain: solana),No,"Alamat contract CMC cocok persis dengan listing CoinGecko di chain 'solana' -- sinyal terkuat, berarti token yang sama persis on-chain.",Y
37056,Microsoft tokenized stock (xStock),MSFTX,microsoft-xstock,Microsoft xStock,1065,False,contract,0.68,Contract address match (chain: solana),No,"Alamat contract CMC cocok persis dengan listing CoinGecko di chain 'solana' -- sinyal terkuat, berarti token yang sama persis on-chain.",Y
28220,Soil,SOIL,soil,Soil,1066,False,symbol_by_market_cap,1,Ambiguous symbol -> market cap dominance (rasio runner-up tanpa data market cap vs runner-up),Yes,"Simbol 'SOIL' dipakai >1 listing di CoinGecko (kemungkinan wrapped/bridged/tiruan). Dipilih yang market cap-nya dominan (runner-up tanpa data market cap). Ini heuristik, bukan validasi identitas -- mohon dicek manual project-nya benar 'Soil'.",N
28829,Heroes of Mavia,MAVIA,heroes-of-mavia,Heroes of Mavia,1067,False,contract,1,Contract address match (chain: ethereum),No,"Alamat contract CMC cocok persis dengan listing CoinGecko di chain 'ethereum' -- sinyal terkuat, berarti token yang sama persis on-chain.",Y
40964,BitMine Immersion Technologies Tokenized bStocks,BMNRB,bitmine-immersion-technologies-bstocks-tokenized-stock,BitMine Immersion Technologies (bStocks Tokenized Stock),1068,True,contract,0.9,Contract address match (chain: binance-smart-chain),No,"Alamat contract CMC cocok persis dengan listing CoinGecko di chain 'binance-smart-chain' -- sinyal terkuat, berarti token yang sama persis on-chain.",Y
34993,Swarms,SWARMS,swarms,Swarms,1069,False,contract,1,Contract address match (chain: solana),No,"Alamat contract CMC cocok persis dengan listing CoinGecko di chain 'solana' -- sinyal terkuat, berarti token yang sama persis on-chain.",Y
42279,frong,FRONG,frong,frong,1070,False,symbol,1,Unique ticker symbol ('FRONG' cuma 1 listing di CoinGecko),No,Simbol 'FRONG' unik di CoinGecko (tidak ada listing lain yang bentrok).,Y
23380,Nexa,NEXA,nexacoin,Nexa,1071,False,symbol_by_market_cap,1,Ambiguous symbol -> market cap dominance (rasio 259.0x vs runner-up),Yes,"Simbol 'NEXA' dipakai >1 listing di CoinGecko (kemungkinan wrapped/bridged/tiruan). Dipilih yang market cap-nya dominan (259.0x). Ini heuristik, bukan validasi identitas -- mohon dicek manual project-nya benar 'Nexa'.",N
27054,ResearchCoin,RSC,researchcoin,ResearchCoin,1072,False,contract,1,Contract address match (chain: ethereum),No,"Alamat contract CMC cocok persis dengan listing CoinGecko di chain 'ethereum' -- sinyal terkuat, berarti token yang sama persis on-chain.",Y
6836,Moonbeam,GLMR,moonbeam,Moonbeam,1073,True,symbol,1,Unique ticker symbol ('GLMR' cuma 1 listing di CoinGecko),No,Simbol 'GLMR' unik di CoinGecko (tidak ada listing lain yang bentrok).,Y
38506,Bitlight,LIGHT,bitlight,Bitlight,1074,False,contract,1,Contract address match (chain: binance-smart-chain),No,"Alamat contract CMC cocok persis dengan listing CoinGecko di chain 'binance-smart-chain' -- sinyal terkuat, berarti token yang sama persis on-chain.",Y
42256,Cea Industries Tokenized 4Stock,BNC4,cea-industries,Cea Industries,1075,False,symbol,0.63,Unique ticker symbol ('BNC4' cuma 1 listing di CoinGecko),No,Simbol 'BNC4' unik di CoinGecko (tidak ada listing lain yang bentrok).,Y
40618,Intel Tokenized Stock (Reality),rINTC,intel-rstock,Intel rStock,1076,False,contract,0.54,Contract address match (chain: arbitrum-one),No,"Alamat contract CMC cocok persis dengan listing CoinGecko di chain 'arbitrum-one' -- sinyal terkuat, berarti token yang sama persis on-chain.",Y
24087,Fuel Network,FUEL,fuel-network,Fuel Network,1077,False,contract,1,Contract address match (chain: ethereum),No,"Alamat contract CMC cocok persis dengan listing CoinGecko di chain 'ethereum' -- sinyal terkuat, berarti token yang sama persis on-chain.",Y
8214,Venus DAI,vDAI,venus-dai,Venus DAI,1078,False,contract,1,Contract address match (chain: binance-smart-chain),No,"Alamat contract CMC cocok persis dengan listing CoinGecko di chain 'binance-smart-chain' -- sinyal terkuat, berarti token yang sama persis on-chain.",Y
12749,Nakamoto Games,NAKA,nakamoto-games,Nakamoto Games,1080,False,symbol_by_market_cap,1,Ambiguous symbol -> market cap dominance (rasio 67.7x vs runner-up),Yes,"Simbol 'NAKA' dipakai >1 listing di CoinGecko (kemungkinan wrapped/bridged/tiruan). Dipilih yang market cap-nya dominan (67.7x). Ini heuristik, bukan validasi identitas -- mohon dicek manual project-nya benar 'Nakamoto Games'.",N
11809,Ref Finance,REF,ref-finance,Ref Finance,1081,False,symbol,1,Unique ticker symbol ('REF' cuma 1 listing di CoinGecko),No,Simbol 'REF' unik di CoinGecko (tidak ada listing lain yang bentrok).,Y
22354,Quai Network,QUAI,quai-network,Quai Network,1082,False,symbol,1,Unique ticker symbol ('QUAI' cuma 1 listing di CoinGecko),No,Simbol 'QUAI' unik di CoinGecko (tidak ada listing lain yang bentrok).,Y
4660,Telos,TLOS,telos,Telos,1083,False,symbol,1,Unique ticker symbol ('TLOS' cuma 1 listing di CoinGecko),No,Simbol 'TLOS' unik di CoinGecko (tidak ada listing lain yang bentrok).,Y
39224,BitMine Immersion Technologies Tokenized Stock (Ondo),BMNRon,bitmine-immersion-technologies-ondo-tokenized-stocks,BitMine Immersion Technologies (Ondo Tokenized Stock),1084,False,contract,0.91,Contract address match (chain: ethereum),No,"Alamat contract CMC cocok persis dengan listing CoinGecko di chain 'ethereum' -- sinyal terkuat, berarti token yang sama persis on-chain.",Y
40147,Direxion Semiconductor Bull 3X tokenized ETF (xStock),SOXLx,direxion-semiconductor-bull-3x-xstock,Direxion Semiconductor Bull 3X xStock,1085,False,contract,0.85,Contract address match (chain: solana),No,"Alamat contract CMC cocok persis dengan listing CoinGecko di chain 'solana' -- sinyal terkuat, berarti token yang sama persis on-chain.",Y
34853,Unicorn Fart Dust,UFD,unicorn-fart-dust,Unicorn Fart Dust,1086,False,contract,1,Contract address match (chain: solana),No,"Alamat contract CMC cocok persis dengan listing CoinGecko di chain 'solana' -- sinyal terkuat, berarti token yang sama persis on-chain.",Y
18112,Alpine F1 Team Fan Token,ALPINE,alpine-f1-team-fan-token,Alpine F1 Team Fan Token,1087,True,contract,1,Contract address match (chain: binance-smart-chain),No,"Alamat contract CMC cocok persis dengan listing CoinGecko di chain 'binance-smart-chain' -- sinyal terkuat, berarti token yang sama persis on-chain.",Y
34240,SUPRA,SUPRA,supra,Supra,1088,False,symbol,1,Unique ticker symbol ('SUPRA' cuma 1 listing di CoinGecko),No,Simbol 'SUPRA' unik di CoinGecko (tidak ada listing lain yang bentrok).,Y
1104,Augur,REP,augur,Augur [OLD],1089,False,symbol,0.77,Unique ticker symbol ('REP' cuma 1 listing di CoinGecko),No,Simbol 'REP' unik di CoinGecko (tidak ada listing lain yang bentrok).,Y
19590,Defigram,DFG,defigram,Defigram,1090,False,contract,1,Contract address match (chain: binance-smart-chain),No,"Alamat contract CMC cocok persis dengan listing CoinGecko di chain 'binance-smart-chain' -- sinyal terkuat, berarti token yang sama persis on-chain.",Y
35670,Bera USD,BUSD,binance-peg-busd,Binance-Peg BUSD,1091,False,symbol_by_market_cap,0.48,Ambiguous symbol -> market cap dominance (rasio 8.2x vs runner-up),Yes,"Simbol 'BUSD' dipakai >1 listing di CoinGecko (kemungkinan wrapped/bridged/tiruan). Dipilih yang market cap-nya dominan (8.2x). Ini heuristik, bukan validasi identitas -- mohon dicek manual project-nya benar 'Bera USD'.",N
34849,Redbelly Network,RBNT,redbelly-network-token,Redbelly Network,1092,False,symbol_by_market_cap,1,Ambiguous symbol -> market cap dominance (rasio runner-up tanpa data market cap vs runner-up),Yes,"Simbol 'RBNT' dipakai >1 listing di CoinGecko (kemungkinan wrapped/bridged/tiruan). Dipilih yang market cap-nya dominan (runner-up tanpa data market cap). Ini heuristik, bukan validasi identitas -- mohon dicek manual project-nya benar 'Redbelly Network'.",N
40880,Tradr 2X Long SNDK ETF Tokenized bStocks,SNXXB,tradr-2x-long-sndk-etf-bstocks-tokenized-stock,Tradr 2X Long SNDK ETF (bStocks Tokenized Stock),1093,True,contract,0.88,Contract address match (chain: binance-smart-chain),No,"Alamat contract CMC cocok persis dengan listing CoinGecko di chain 'binance-smart-chain' -- sinyal terkuat, berarti token yang sama persis on-chain.",Y
7859,Badger DAO,BADGER,badger-dao,Badger,1094,False,contract,0.8,Contract address match (chain: ethereum),No,"Alamat contract CMC cocok persis dengan listing CoinGecko di chain 'ethereum' -- sinyal terkuat, berarti token yang sama persis on-chain.",Y
1886,Dent,DENT,dent,Dent,1095,False,contract,1,Contract address match (chain: ethereum),No,"Alamat contract CMC cocok persis dengan listing CoinGecko di chain 'ethereum' -- sinyal terkuat, berarti token yang sama persis on-chain.",Y
14721,RealLink,REAL,reallink,RealLink,1096,False,contract,1,Contract address match (chain: binance-smart-chain),No,"Alamat contract CMC cocok persis dengan listing CoinGecko di chain 'binance-smart-chain' -- sinyal terkuat, berarti token yang sama persis on-chain.",Y
268,WhiteCoin,XWC,whitecoin,Whitecoin,1097,False,symbol,1,Unique ticker symbol ('XWC' cuma 1 listing di CoinGecko),No,Simbol 'XWC' unik di CoinGecko (tidak ada listing lain yang bentrok).,Y
32374,Bitcoin Limited Edition,BTCLE,bitcoin-limited-edition,Bitcoin Limited Edition,1098,False,contract,1,Contract address match (chain: binance-smart-chain),No,"Alamat contract CMC cocok persis dengan listing CoinGecko di chain 'binance-smart-chain' -- sinyal terkuat, berarti token yang sama persis on-chain.",Y
10052,Gitcoin,GTC,gitcoin,Gitcoin,1099,True,contract,1,Contract address match (chain: ethereum),No,"Alamat contract CMC cocok persis dengan listing CoinGecko di chain 'ethereum' -- sinyal terkuat, berarti token yang sama persis on-chain.",Y
36649,CREPE,CREPE,crepe-2,CREPE,1100,False,contract,1,Contract address match (chain: binance-smart-chain),No,"Alamat contract CMC cocok persis dengan listing CoinGecko di chain 'binance-smart-chain' -- sinyal terkuat, berarti token yang sama persis on-chain.",Y
8206,QuickSwap [Old],QUICK,quick,Quickswap [OLD],1101,False,contract,1,Contract address match (chain: ethereum),No,"Alamat contract CMC cocok persis dengan listing CoinGecko di chain 'ethereum' -- sinyal terkuat, berarti token yang sama persis on-chain.",Y
7497,Marlin,POND,marlin,Marlin,1102,False,contract,1,Contract address match (chain: ethereum),No,"Alamat contract CMC cocok persis dengan listing CoinGecko di chain 'ethereum' -- sinyal terkuat, berarti token yang sama persis on-chain.",Y
21822,Brickken,BKN,brickken,Brickken,1103,False,contract,1,Contract address match (chain: ethereum),No,"Alamat contract CMC cocok persis dengan listing CoinGecko di chain 'ethereum' -- sinyal terkuat, berarti token yang sama persis on-chain.",Y
35092,Hey Anon,ANON,heyanon,Hey Anon,1104,False,contract,1,Contract address match (chain: ethereum),No,"Alamat contract CMC cocok persis dengan listing CoinGecko di chain 'ethereum' -- sinyal terkuat, berarti token yang sama persis on-chain.",Y
40817,Micron Technology Inc tokenized stock (Backpack),MU,micron-technology-backpack-securities,Micron Technology (Backpack Securities),1105,False,contract,0.64,Contract address match (chain: solana),No,"Alamat contract CMC cocok persis dengan listing CoinGecko di chain 'solana' -- sinyal terkuat, berarti token yang sama persis on-chain.",Y
28446,SPECTRE AI,SPECTRE,spectre-ai,Spectre AI,1106,False,contract,1,Contract address match (chain: ethereum),No,"Alamat contract CMC cocok persis dengan listing CoinGecko di chain 'ethereum' -- sinyal terkuat, berarti token yang sama persis on-chain.",Y
36804,Lumera Health,LUR,lumera-health,Lumera Health,1107,False,contract,1,Contract address match (chain: binance-smart-chain),No,"Alamat contract CMC cocok persis dengan listing CoinGecko di chain 'binance-smart-chain' -- sinyal terkuat, berarti token yang sama persis on-chain.",Y
9177,Pitbull Token,PIT,pitbull,Pitbull,1108,False,contract,0.74,Contract address match (chain: binance-smart-chain),No,"Alamat contract CMC cocok persis dengan listing CoinGecko di chain 'binance-smart-chain' -- sinyal terkuat, berarti token yang sama persis on-chain.",Y
2492,Elastos,ELA,elastos,Elastos,1109,False,symbol,1,Unique ticker symbol ('ELA' cuma 1 listing di CoinGecko),No,Simbol 'ELA' unik di CoinGecko (tidak ada listing lain yang bentrok).,Y
34717,Lingo,LINGO,lingo,Lingo,1110,False,contract,1,Contract address match (chain: solana),No,"Alamat contract CMC cocok persis dengan listing CoinGecko di chain 'solana' -- sinyal terkuat, berarti token yang sama persis on-chain.",Y
40238,SpaceX tokenized stock (Backpack),SPCX,spacex-backpack-securities,SpaceX (Backpack Securities),1111,False,contract,0.54,Contract address match (chain: solana),No,"Alamat contract CMC cocok persis dengan listing CoinGecko di chain 'solana' -- sinyal terkuat, berarti token yang sama persis on-chain.",Y
2866,Chainbounty,BOUNTY,sentinel-protocol,ChainBounty,1112,False,contract,1,Contract address match (chain: arbitrum-one),No,"Alamat contract CMC cocok persis dengan listing CoinGecko di chain 'arbitrum-one' -- sinyal terkuat, berarti token yang sama persis on-chain.",Y
39880,Asteroid Shiba,ASTEROID,asteroid-shiba,Asteroid Shiba,1113,False,contract,1,Contract address match (chain: ethereum),No,"Alamat contract CMC cocok persis dengan listing CoinGecko di chain 'ethereum' -- sinyal terkuat, berarti token yang sama persis on-chain.",Y
19689,Hydranet,HDN,hydranet,Hydranet,1114,False,contract,1,Contract address match (chain: arbitrum-one),No,"Alamat contract CMC cocok persis dengan listing CoinGecko di chain 'arbitrum-one' -- sinyal terkuat, berarti token yang sama persis on-chain.",Y
19063,MEVerse,MEV,meverse,MEVerse,1115,False,symbol,1,Unique ticker symbol ('MEV' cuma 1 listing di CoinGecko),No,Simbol 'MEV' unik di CoinGecko (tidak ada listing lain yang bentrok).,Y
36078,Mansory,MNSRY,mansory-token,Mansory Token,1116,False,contract,0.74,Contract address match (chain: solana),No,"Alamat contract CMC cocok persis dengan listing CoinGecko di chain 'solana' -- sinyal terkuat, berarti token yang sama persis on-chain.",Y
42025,BREW (brew.family),BREW,brew,BREW,1117,False,contract,0.44,Contract address match (chain: binance-smart-chain),No,"Alamat contract CMC cocok persis dengan listing CoinGecko di chain 'binance-smart-chain' -- sinyal terkuat, berarti token yang sama persis on-chain.",Y
20305,Konnect,KCT,konnect,Konnect,1118,False,contract,1,Contract address match (chain: ethereum),No,"Alamat contract CMC cocok persis dengan listing CoinGecko di chain 'ethereum' -- sinyal terkuat, berarti token yang sama persis on-chain.",Y
6554,GamerCoin,GHX,gamercoin,GamerCoin,1119,False,contract,1,Contract address match (chain: ethereum),No,"Alamat contract CMC cocok persis dengan listing CoinGecko di chain 'ethereum' -- sinyal terkuat, berarti token yang sama persis on-chain.",Y
22850,Hivemapper,HONEY,hivemapper,Hivemapper,1120,False,contract,1,Contract address match (chain: solana),No,"Alamat contract CMC cocok persis dengan listing CoinGecko di chain 'solana' -- sinyal terkuat, berarti token yang sama persis on-chain.",Y
30528,NeuralAI,NEURAL,neuralai,NEURALAI,1121,False,contract,1,Contract address match (chain: ethereum),No,"Alamat contract CMC cocok persis dengan listing CoinGecko di chain 'ethereum' -- sinyal terkuat, berarti token yang sama persis on-chain.",Y
30902,Landwolf 0x67,WOLF,landwolf-0x67,LandWolf,1122,False,contract,0.8,Contract address match (chain: ethereum),No,"Alamat contract CMC cocok persis dengan listing CoinGecko di chain 'ethereum' -- sinyal terkuat, berarti token yang sama persis on-chain.",Y
9674,Wilder World,WILD,wilder-world,Wilder World,1123,False,contract,1,Contract address match (chain: ethereum),No,"Alamat contract CMC cocok persis dengan listing CoinGecko di chain 'ethereum' -- sinyal terkuat, berarti token yang sama persis on-chain.",Y
5866,DEXTools,DEXT,dextools,DexTools,1124,False,contract,1,Contract address match (chain: ethereum),No,"Alamat contract CMC cocok persis dengan listing CoinGecko di chain 'ethereum' -- sinyal terkuat, berarti token yang sama persis on-chain.",Y
38963,FIGHT,FIGHT,fight-2,FIGHT,1125,False,contract,1,Contract address match (chain: binance-smart-chain),No,"Alamat contract CMC cocok persis dengan listing CoinGecko di chain 'binance-smart-chain' -- sinyal terkuat, berarti token yang sama persis on-chain.",Y
36770,Infinity Ground,AIN,infinity-ground,Infinity Ground,1126,False,contract,1,Contract address match (chain: binance-smart-chain),No,"Alamat contract CMC cocok persis dengan listing CoinGecko di chain 'binance-smart-chain' -- sinyal terkuat, berarti token yang sama persis on-chain.",Y
34109,Harold,HAROLD,haroldonsol,Harold,1127,False,contract,1,Contract address match (chain: solana),No,"Alamat contract CMC cocok persis dengan listing CoinGecko di chain 'solana' -- sinyal terkuat, berarti token yang sama persis on-chain.",Y
7533,Oraichain,ORAI,oraichain-token,Oraichain,1128,False,contract,1,Contract address match (chain: ethereum),No,"Alamat contract CMC cocok persis dengan listing CoinGecko di chain 'ethereum' -- sinyal terkuat, berarti token yang sama persis on-chain.",Y
29175,Wen,WEN,wen-4,Wen,1129,False,contract,1,Contract address match (chain: solana),No,"Alamat contract CMC cocok persis dengan listing CoinGecko di chain 'solana' -- sinyal terkuat, berarti token yang sama persis on-chain.",Y
38075,Taiwan Semiconductor Manufacturing Tokenized Stock (Ondo),TSMon,taiwan-semiconductor-manufacturing-ondo-tokenized-stock,Taiwan Semiconductor Manufacturing (Ondo Tokenized Stock),1131,False,contract,0.92,Contract address match (chain: ethereum),No,"Alamat contract CMC cocok persis dengan listing CoinGecko di chain 'ethereum' -- sinyal terkuat, berarti token yang sama persis on-chain.",Y
31830,Daddy Tate,DADDY,daddy-tate,Daddy Tate,1132,False,contract,1,Contract address match (chain: solana),No,"Alamat contract CMC cocok persis dengan listing CoinGecko di chain 'solana' -- sinyal terkuat, berarti token yang sama persis on-chain.",Y
36539,RIZE,RIZE,rize,RIZE,1133,False,contract,1,Contract address match (chain: ethereum),No,"Alamat contract CMC cocok persis dengan listing CoinGecko di chain 'ethereum' -- sinyal terkuat, berarti token yang sama persis on-chain.",Y
37743,Starpower,STAR,starpower,Starpower,1134,False,contract,1,Contract address match (chain: binance-smart-chain),No,"Alamat contract CMC cocok persis dengan listing CoinGecko di chain 'binance-smart-chain' -- sinyal terkuat, berarti token yang sama persis on-chain.",Y
22071,LOAN Protocol,LOAN,proton-loan,Loan Protocol,1135,False,symbol_by_market_cap,1,Ambiguous symbol -> market cap dominance (rasio runner-up tanpa data market cap vs runner-up),Yes,"Simbol 'LOAN' dipakai >1 listing di CoinGecko (kemungkinan wrapped/bridged/tiruan). Dipilih yang market cap-nya dominan (runner-up tanpa data market cap). Ini heuristik, bukan validasi identitas -- mohon dicek manual project-nya benar 'LOAN Protocol'.",N
41077,GameStop Tokenized bStocks,GMEB,gamestop-bstocks-tokenized-stock,GameStop (bStocks Tokenized Stock),1136,True,contract,0.83,Contract address match (chain: binance-smart-chain),No,"Alamat contract CMC cocok persis dengan listing CoinGecko di chain 'binance-smart-chain' -- sinyal terkuat, berarti token yang sama persis on-chain.",Y
29220,PepeFork,PORK,pepefork,PepeFork,1137,False,contract,1,Contract address match (chain: ethereum),No,"Alamat contract CMC cocok persis dengan listing CoinGecko di chain 'ethereum' -- sinyal terkuat, berarti token yang sama persis on-chain.",Y
39858,Commonwealth,CWU,commonwealth-2,CommonWealth,1138,False,contract,1,Contract address match (chain: solana),No,"Alamat contract CMC cocok persis dengan listing CoinGecko di chain 'solana' -- sinyal terkuat, berarti token yang sama persis on-chain.",Y
1808,OMG Network,OMG,omisego,OMG Network,1139,False,contract,1,Contract address match (chain: ethereum),No,"Alamat contract CMC cocok persis dengan listing CoinGecko di chain 'ethereum' -- sinyal terkuat, berarti token yang sama persis on-chain.",Y
40797,Nebius Tokenized bStocks,NBISB,nebius-bstocks-tokenized-stock,Nebius (bStocks Tokenized Stock),1140,True,contract,0.82,Contract address match (chain: binance-smart-chain),No,"Alamat contract CMC cocok persis dengan listing CoinGecko di chain 'binance-smart-chain' -- sinyal terkuat, berarti token yang sama persis on-chain.",Y
36962,Cycle Network,CYC,cycle-2,Cycle Network,1141,False,symbol_by_market_cap,1,Ambiguous symbol -> market cap dominance (rasio 888.4x vs runner-up),Yes,"Simbol 'CYC' dipakai >1 listing di CoinGecko (kemungkinan wrapped/bridged/tiruan). Dipilih yang market cap-nya dominan (888.4x). Ini heuristik, bukan validasi identitas -- mohon dicek manual project-nya benar 'Cycle Network'.",N
37495,Treehouse,TREE,treehouse,Treehouse,1142,True,contract,1,Contract address match (chain: ethereum),No,"Alamat contract CMC cocok persis dengan listing CoinGecko di chain 'ethereum' -- sinyal terkuat, berarti token yang sama persis on-chain.",Y
37344,Hyperion,RION,hyperion-2,Hyperion,1143,False,contract,1,Contract address match (chain: binance-smart-chain),No,"Alamat contract CMC cocok persis dengan listing CoinGecko di chain 'binance-smart-chain' -- sinyal terkuat, berarti token yang sama persis on-chain.",Y
32866,McDull,MCDULL,mcdull,McDull (Meme),1144,False,contract,0.75,Contract address match (chain: solana),No,"Alamat contract CMC cocok persis dengan listing CoinGecko di chain 'solana' -- sinyal terkuat, berarti token yang sama persis on-chain.",Y
29862,Grow,GROW,grow,Grow,1145,False,contract,1,Contract address match (chain: ethereum),No,"Alamat contract CMC cocok persis dengan listing CoinGecko di chain 'ethereum' -- sinyal terkuat, berarti token yang sama persis on-chain.",Y
40927,Apple Tokenized bStocks,AAPLB,apple-bstocks-tokenized-stock,Apple (bStocks Tokenized Stock),1146,True,contract,0.81,Contract address match (chain: binance-smart-chain),No,"Alamat contract CMC cocok persis dengan listing CoinGecko di chain 'binance-smart-chain' -- sinyal terkuat, berarti token yang sama persis on-chain.",Y
38671,Turtle,TURTLE,turtle-4,Turtle,1147,True,contract,1,Contract address match (chain: ethereum),No,"Alamat contract CMC cocok persis dengan listing CoinGecko di chain 'ethereum' -- sinyal terkuat, berarti token yang sama persis on-chain.",Y
10372,DACXI,DXI,dacxi,Dacxi,1148,False,contract,1,Contract address match (chain: ethereum),No,"Alamat contract CMC cocok persis dengan listing CoinGecko di chain 'ethereum' -- sinyal terkuat, berarti token yang sama persis on-chain.",Y
35753,Broccoli (firstbroccoli.com),BROCCOLI,broccoli-3,Broccoli,1149,False,contract,0.5,Contract address match (chain: binance-smart-chain),No,"Alamat contract CMC cocok persis dengan listing CoinGecko di chain 'binance-smart-chain' -- sinyal terkuat, berarti token yang sama persis on-chain.",Y
28675,Coq Inu,COQ,coq-inu,Coq Inu,1150,False,contract,1,Contract address match (chain: avalanche),No,"Alamat contract CMC cocok persis dengan listing CoinGecko di chain 'avalanche' -- sinyal terkuat, berarti token yang sama persis on-chain.",Y
8720,Inverse Finance,INV,inverse-finance,Inverse Finance,1151,False,contract,1,Contract address match (chain: ethereum),No,"Alamat contract CMC cocok persis dengan listing CoinGecko di chain 'ethereum' -- sinyal terkuat, berarti token yang sama persis on-chain.",Y
39788,SanDisk Tokenized Stock (Ondo),SNDKon,sandisk-ondo-tokenized,SanDisk (Ondo Tokenized),1152,False,contract,0.71,Contract address match (chain: solana),No,"Alamat contract CMC cocok persis dengan listing CoinGecko di chain 'solana' -- sinyal terkuat, berarti token yang sama persis on-chain.",Y
3260,AMO Coin,AMO,amo,AMO Coin,1153,False,symbol,1,Unique ticker symbol ('AMO' cuma 1 listing di CoinGecko),No,Simbol 'AMO' unik di CoinGecko (tidak ada listing lain yang bentrok).,Y
23046,MCOIN,MCOIN,mcoin1,MCOIN,1154,False,symbol_by_market_cap,1,Ambiguous symbol -> market cap dominance (rasio runner-up tanpa data market cap vs runner-up),Yes,"Simbol 'MCOIN' dipakai >1 listing di CoinGecko (kemungkinan wrapped/bridged/tiruan). Dipilih yang market cap-nya dominan (runner-up tanpa data market cap). Ini heuristik, bukan validasi identitas -- mohon dicek manual project-nya benar 'MCOIN'.",N
11079,Bitgert,BRISE,bitrise-token,Bitgert,1155,False,contract,1,Contract address match (chain: ethereum),No,"Alamat contract CMC cocok persis dengan listing CoinGecko di chain 'ethereum' -- sinyal terkuat, berarti token yang sama persis on-chain.",Y
19966,Quickswap [New],QUICK,quickswap,Quickswap,1156,True,contract,0.86,Contract address match (chain: ethereum),No,"Alamat contract CMC cocok persis dengan listing CoinGecko di chain 'ethereum' -- sinyal terkuat, berarti token yang sama persis on-chain.",Y
38083,Amazon Tokenized Stock (Ondo),AMZNon,amazon-ondo-tokenized-stock,Amazon (Ondo Tokenized Stock),1157,False,contract,0.83,Contract address match (chain: ethereum),No,"Alamat contract CMC cocok persis dengan listing CoinGecko di chain 'ethereum' -- sinyal terkuat, berarti token yang sama persis on-chain.",Y
37021,Broadcom tokenized stock (xStock),AVGOX,broadcom-xstock,Broadcom xStock,1158,False,contract,0.67,Contract address match (chain: solana),No,"Alamat contract CMC cocok persis dengan listing CoinGecko di chain 'solana' -- sinyal terkuat, berarti token yang sama persis on-chain.",Y
7208,Polkastarter,POLS,polkastarter,Polkastarter,1159,False,contract,1,Contract address match (chain: ethereum),No,"Alamat contract CMC cocok persis dengan listing CoinGecko di chain 'ethereum' -- sinyal terkuat, berarti token yang sama persis on-chain.",Y
38789,PayAI Network,PAYAI,payai-network-2,PayAI Network,1160,False,contract,1,Contract address match (chain: solana),No,"Alamat contract CMC cocok persis dengan listing CoinGecko di chain 'solana' -- sinyal terkuat, berarti token yang sama persis on-chain.",Y
7189,Origin Dollar,OUSD,origin-dollar,Origin Dollar,1161,False,contract,1,Contract address match (chain: ethereum),No,"Alamat contract CMC cocok persis dengan listing CoinGecko di chain 'ethereum' -- sinyal terkuat, berarti token yang sama persis on-chain.",Y
41774,Bobo (bobothebear),BOBO,bobo-coin-2,Bobo,1163,False,contract,0.42,Contract address match (chain: solana),No,"Alamat contract CMC cocok persis dengan listing CoinGecko di chain 'solana' -- sinyal terkuat, berarti token yang sama persis on-chain.",Y
11035,Splintershards,SPS,splinterlands,Splintershards,1164,False,contract,1,Contract address match (chain: binance-smart-chain),No,"Alamat contract CMC cocok persis dengan listing CoinGecko di chain 'binance-smart-chain' -- sinyal terkuat, berarti token yang sama persis on-chain.",Y
24600,Helium Mobile,MOBILE,helium-mobile,Helium Mobile,1165,False,contract,1,Contract address match (chain: solana),No,"Alamat contract CMC cocok persis dengan listing CoinGecko di chain 'solana' -- sinyal terkuat, berarti token yang sama persis on-chain.",Y
38756,Limitless,LMTS,limitless-3,Limitless,1166,False,contract,1,Contract address match (chain: base),No,"Alamat contract CMC cocok persis dengan listing CoinGecko di chain 'base' -- sinyal terkuat, berarti token yang sama persis on-chain.",Y
32341,Upland,SPARKLET,upland,Upland,1167,False,contract,1,Contract address match (chain: ethereum),No,"Alamat contract CMC cocok persis dengan listing CoinGecko di chain 'ethereum' -- sinyal terkuat, berarti token yang sama persis on-chain.",Y
34830,BugsCoin,BGSC,bugscoin,BugsCoin,1168,False,contract,1,Contract address match (chain: binance-smart-chain),No,"Alamat contract CMC cocok persis dengan listing CoinGecko di chain 'binance-smart-chain' -- sinyal terkuat, berarti token yang sama persis on-chain.",Y
1856,district0x,DNT,district0x,district0x,1169,False,contract,1,Contract address match (chain: ethereum),No,"Alamat contract CMC cocok persis dengan listing CoinGecko di chain 'ethereum' -- sinyal terkuat, berarti token yang sama persis on-chain.",Y
38850,U.S. Dollar Payment Token,USDPT,usdpt-western-union,USDPT | Western Union,1170,False,contract,0.27,Contract address match (chain: solana),Yes,"Alamat contract CMC cocok persis dengan listing CoinGecko di chain 'solana' -- sinyal terkuat, berarti token yang sama persis on-chain. Nama CMC ('U.S. Dollar Payment Token') vs CoinGecko ('USDPT | Western Union') sangat berbeda (similarity=0.27) walau tier-nya biasanya kuat -- janggal, tolong dicek manual (potensi bug mapping chain/simbol).",N
3829,Nash,NEX,neon-exchange,Nash,1171,False,contract,1,Contract address match (chain: neo),No,"Alamat contract CMC cocok persis dengan listing CoinGecko di chain 'neo' -- sinyal terkuat, berarti token yang sama persis on-chain.",Y
2934,KAN,KAN,kan,KAN,1172,False,contract,1,Contract address match (chain: ethereum),No,"Alamat contract CMC cocok persis dengan listing CoinGecko di chain 'ethereum' -- sinyal terkuat, berarti token yang sama persis on-chain.",Y
28504,Joe coin,JOE,joe-coin,Joe Coin,1173,False,contract,1,Contract address match (chain: ethereum),No,"Alamat contract CMC cocok persis dengan listing CoinGecko di chain 'ethereum' -- sinyal terkuat, berarti token yang sama persis on-chain.",Y
22789,Croatian Football Federation Token,VATRENI,croatian-ff-fan-token,Croatian Football Federation Token,1174,False,contract,1,Contract address match (chain: ethereum),No,"Alamat contract CMC cocok persis dengan listing CoinGecko di chain 'ethereum' -- sinyal terkuat, berarti token yang sama persis on-chain.",Y
8422,Pangolin,PNG,pangolin,Pangolin,1175,False,contract,1,Contract address match (chain: avalanche),No,"Alamat contract CMC cocok persis dengan listing CoinGecko di chain 'avalanche' -- sinyal terkuat, berarti token yang sama persis on-chain.",Y
14052,FC Porto Fan Token,PORTO,fc-porto,FC Porto,1176,True,contract,0.64,Contract address match (chain: binance-smart-chain),No,"Alamat contract CMC cocok persis dengan listing CoinGecko di chain 'binance-smart-chain' -- sinyal terkuat, berarti token yang sama persis on-chain.",Y
22492,VNX Gold,VNXAU,vnx-gold,VNX Gold,1177,False,contract,1,Contract address match (chain: ethereum),No,"Alamat contract CMC cocok persis dengan listing CoinGecko di chain 'ethereum' -- sinyal terkuat, berarti token yang sama persis on-chain.",Y
12787,Minswap,MIN,minswap,Minswap,1178,False,contract,1,Contract address match (chain: cardano),No,"Alamat contract CMC cocok persis dengan listing CoinGecko di chain 'cardano' -- sinyal terkuat, berarti token yang sama persis on-chain.",Y
27178,PAAL AI,PAAL,paal-ai,PAAL AI,1179,False,contract,1,Contract address match (chain: ethereum),No,"Alamat contract CMC cocok persis dengan listing CoinGecko di chain 'ethereum' -- sinyal terkuat, berarti token yang sama persis on-chain.",Y
38995,House Party Protocol,HPP,aergo-2,House Party Protocol,1180,False,contract,1,Contract address match (chain: ethereum),No,"Alamat contract CMC cocok persis dengan listing CoinGecko di chain 'ethereum' -- sinyal terkuat, berarti token yang sama persis on-chain.",Y
36166,PumpBTC (Governance token),PUMP,pumpbtc-2,PumpBTC,1181,False,contract,0.48,Contract address match (chain: binance-smart-chain),No,"Alamat contract CMC cocok persis dengan listing CoinGecko di chain 'binance-smart-chain' -- sinyal terkuat, berarti token yang sama persis on-chain.",Y
40563,Grove,GROVE,grove-2,Grove,1182,False,contract,1,Contract address match (chain: ethereum),No,"Alamat contract CMC cocok persis dengan listing CoinGecko di chain 'ethereum' -- sinyal terkuat, berarti token yang sama persis on-chain.",Y
40850,Robinhood Tokenized bStocks,HOODB,robinhood-bstocks-tokenized-stock,Robinhood (bStocks Tokenized Stock),1183,True,contract,0.84,Contract address match (chain: binance-smart-chain),No,"Alamat contract CMC cocok persis dengan listing CoinGecko di chain 'binance-smart-chain' -- sinyal terkuat, berarti token yang sama persis on-chain.",Y
1037,Agoras: Tau Net,AGRS,agoras-currency-of-tau,Agoras: Tau Net,1184,False,contract,1,Contract address match (chain: ethereum),No,"Alamat contract CMC cocok persis dengan listing CoinGecko di chain 'ethereum' -- sinyal terkuat, berarti token yang sama persis on-chain.",Y
29711,Zircuit,ZRC,zircuit,Zircuit,1185,False,contract,1,Contract address match (chain: ethereum),No,"Alamat contract CMC cocok persis dengan listing CoinGecko di chain 'ethereum' -- sinyal terkuat, berarti token yang sama persis on-chain.",Y
35068,Aligned,ALIGN,aligned,Aligned,1186,False,contract,1,Contract address match (chain: ethereum),No,"Alamat contract CMC cocok persis dengan listing CoinGecko di chain 'ethereum' -- sinyal terkuat, berarti token yang sama persis on-chain.",Y
27622,LUKSO,LYX,lukso-token-2,LUKSO,1187,False,symbol,1,Unique ticker symbol ('LYX' cuma 1 listing di CoinGecko),No,Simbol 'LYX' unik di CoinGecko (tidak ada listing lain yang bentrok).,Y
8724,Bluefin,BLUE,bluefin,Bluefin,1188,False,contract,1,Contract address match (chain: sui),No,"Alamat contract CMC cocok persis dengan listing CoinGecko di chain 'sui' -- sinyal terkuat, berarti token yang sama persis on-chain.",Y
42294,apM Fashion,APM,apm-fashion,apM Fashion,1189,False,contract,1,Contract address match (chain: binance-smart-chain),No,"Alamat contract CMC cocok persis dengan listing CoinGecko di chain 'binance-smart-chain' -- sinyal terkuat, berarti token yang sama persis on-chain.",Y
2348,Measurable Data Token,MDT,measurable-data-token,Measurable Data,1190,False,contract,0.85,Contract address match (chain: ethereum),No,"Alamat contract CMC cocok persis dengan listing CoinGecko di chain 'ethereum' -- sinyal terkuat, berarti token yang sama persis on-chain.",Y
40648,SanDisk Tokenized Stock (Reality),rSNDK,sandisk-rstock,SanDisk rStock,1191,False,contract,0.59,Contract address match (chain: arbitrum-one),No,"Alamat contract CMC cocok persis dengan listing CoinGecko di chain 'arbitrum-one' -- sinyal terkuat, berarti token yang sama persis on-chain.",Y
30008,Apu Apustaja,APU,apu-s-club,Apu Apustaja,1193,False,contract,1,Contract address match (chain: ethereum),No,"Alamat contract CMC cocok persis dengan listing CoinGecko di chain 'ethereum' -- sinyal terkuat, berarti token yang sama persis on-chain.",Y
30637,Keyboard Cat,KEYCAT,keyboard-cat-base,Keyboard Cat (Base),1194,False,contract,0.85,Contract address match (chain: base),No,"Alamat contract CMC cocok persis dengan listing CoinGecko di chain 'base' -- sinyal terkuat, berarti token yang sama persis on-chain.",Y
18662,Galeon,GALEON,galeon,Galeon,1195,False,symbol,1,Unique ticker symbol ('GALEON' cuma 1 listing di CoinGecko),No,Simbol 'GALEON' unik di CoinGecko (tidak ada listing lain yang bentrok).,Y
30759,doginme,DOGINME,doginme,doginme,1196,False,contract,1,Contract address match (chain: base),No,"Alamat contract CMC cocok persis dengan listing CoinGecko di chain 'base' -- sinyal terkuat, berarti token yang sama persis on-chain.",Y
39592,YELLOW,YELLOW,yellow,Yellow,1197,False,contract,1,Contract address match (chain: ethereum),No,"Alamat contract CMC cocok persis dengan listing CoinGecko di chain 'ethereum' -- sinyal terkuat, berarti token yang sama persis on-chain.",Y
34914,Phoenix,PHNIX,phnix,PHNIX,1198,False,symbol,0.83,Unique ticker symbol ('PHNIX' cuma 1 listing di CoinGecko),No,Simbol 'PHNIX' unik di CoinGecko (tidak ada listing lain yang bentrok).,Y
37372,Portal To Bitcoin,PTB,portal-to-bitcoin,Portal to Bitcoin,1199,False,contract,1,Contract address match (chain: ethereum),No,"Alamat contract CMC cocok persis dengan listing CoinGecko di chain 'ethereum' -- sinyal terkuat, berarti token yang sama persis on-chain.",Y
11346,RACA,RACA,radio-caca,Radio Caca,1200,False,contract,0.62,Contract address match (chain: ethereum),No,"Alamat contract CMC cocok persis dengan listing CoinGecko di chain 'ethereum' -- sinyal terkuat, berarti token yang sama persis on-chain.",Y
37454,Ika,IKA,ika,Ika,1201,False,contract,1,Contract address match (chain: sui),No,"Alamat contract CMC cocok persis dengan listing CoinGecko di chain 'sui' -- sinyal terkuat, berarti token yang sama persis on-chain.",Y
18774,Liqwid Finance,LQ,liqwid-finance,Liqwid Finance,1202,False,contract,1,Contract address match (chain: cardano),No,"Alamat contract CMC cocok persis dengan listing CoinGecko di chain 'cardano' -- sinyal terkuat, berarti token yang sama persis on-chain.",Y
35011,Kekius Maximus (kekiusmaximus.vip),KEKIUS,kekius-maximus,Kekius Maximus,1203,False,contract,0.62,Contract address match (chain: ethereum),No,"Alamat contract CMC cocok persis dengan listing CoinGecko di chain 'ethereum' -- sinyal terkuat, berarti token yang sama persis on-chain.",Y
29779,Polyhedra Network,ZKJ,polyhedra-network,Polyhedra Network,1204,False,contract,1,Contract address match (chain: ethereum),No,"Alamat contract CMC cocok persis dengan listing CoinGecko di chain 'ethereum' -- sinyal terkuat, berarti token yang sama persis on-chain.",Y
38996,Reppo,REPPO,reppo,REPPO,1205,False,contract,1,Contract address match (chain: base),No,"Alamat contract CMC cocok persis dengan listing CoinGecko di chain 'base' -- sinyal terkuat, berarti token yang sama persis on-chain.",Y
40614,Marvell Tokenized Stock (Reality),rMRVL,marvell-technology-rstock,Marvell Technology rStock,1206,False,contract,0.55,Contract address match (chain: arbitrum-one),No,"Alamat contract CMC cocok persis dengan listing CoinGecko di chain 'arbitrum-one' -- sinyal terkuat, berarti token yang sama persis on-chain.",Y
37998,iShares Russell 2000 Value Tokenized ETF (Ondo),IWNon,ishares-russell-2000-value-etf-ondo-tokenized-etf,iShares Russell 2000 Value ETF (Ondo Tokenized ETF),1207,False,contract,0.86,Contract address match (chain: ethereum),No,"Alamat contract CMC cocok persis dengan listing CoinGecko di chain 'ethereum' -- sinyal terkuat, berarti token yang sama persis on-chain.",Y
8613,Alchemix,ALCX,alchemix,Alchemix,1208,False,contract,1,Contract address match (chain: ethereum),No,"Alamat contract CMC cocok persis dengan listing CoinGecko di chain 'ethereum' -- sinyal terkuat, berarti token yang sama persis on-chain.",Y
30402,crow with knife,CAW,crow-with-knife,crow with knife,1209,False,contract,1,Contract address match (chain: cronos),No,"Alamat contract CMC cocok persis dengan listing CoinGecko di chain 'cronos' -- sinyal terkuat, berarti token yang sama persis on-chain.",Y
372,Bytecoin,BCN,bytecoin,Bytecoin,1210,False,symbol,1,Unique ticker symbol ('BCN' cuma 1 listing di CoinGecko),No,Simbol 'BCN' unik di CoinGecko (tidak ada listing lain yang bentrok).,Y
2949,Kryll,KRL,kryll,KRYLL,1211,False,contract,1,Contract address match (chain: ethereum),No,"Alamat contract CMC cocok persis dengan listing CoinGecko di chain 'ethereum' -- sinyal terkuat, berarti token yang sama persis on-chain.",Y
37656,SpaceX tokenized stock (PreStocks),SPACEX,spacex-prestocks-2,SpaceX PreStocks,1212,False,contract,0.68,Contract address match (chain: solana),No,"Alamat contract CMC cocok persis dengan listing CoinGecko di chain 'solana' -- sinyal terkuat, berarti token yang sama persis on-chain.",Y
21134,SquidGrow,SQGROW,squidgrow-2,SquidGrow,1213,False,contract,1,Contract address match (chain: ethereum),No,"Alamat contract CMC cocok persis dengan listing CoinGecko di chain 'ethereum' -- sinyal terkuat, berarti token yang sama persis on-chain.",Y
7311,Beefy,BIFI,beefy-finance,Beefy,1215,False,contract,1,Contract address match (chain: ethereum),No,"Alamat contract CMC cocok persis dengan listing CoinGecko di chain 'ethereum' -- sinyal terkuat, berarti token yang sama persis on-chain.",Y
39140,LeverUp,LV,leverup,LeverUp,1216,False,symbol,1,Unique ticker symbol ('LV' cuma 1 listing di CoinGecko),No,Simbol 'LV' unik di CoinGecko (tidak ada listing lain yang bentrok).,Y
22461,Hashflow,HFT,hashflow,Hashflow,1217,False,contract,1,Contract address match (chain: ethereum),No,"Alamat contract CMC cocok persis dengan listing CoinGecko di chain 'ethereum' -- sinyal terkuat, berarti token yang sama persis on-chain.",Y
40703,Apple Tokenized Stock (Robinhood),AAPL,apple-robinhood-tokenized-stock,Apple • Robinhood Token,1218,False,symbol_by_market_cap,0.6,Ambiguous symbol -> market cap dominance (rasio 25.5x vs runner-up),Yes,"Simbol 'AAPL' dipakai >1 listing di CoinGecko (kemungkinan wrapped/bridged/tiruan). Dipilih yang market cap-nya dominan (25.5x). Ini heuristik, bukan validasi identitas -- mohon dicek manual project-nya benar 'Apple Tokenized Stock (Robinhood)'.",N
11156,dYdX (ethDYDX),ETHDYDX,dydx,dYdX,1219,False,contract,0.53,Contract address match (chain: ethereum),No,"Alamat contract CMC cocok persis dengan listing CoinGecko di chain 'ethereum' -- sinyal terkuat, berarti token yang sama persis on-chain.",Y
39284,ProShares UltraPro QQQ Tokenized Stock (Ondo),TQQQon,proshares-ultrapro-qqq-ondo-tokenized,ProShares UltraPro QQQ (Ondo Tokenized),1220,False,contract,0.82,Contract address match (chain: ethereum),No,"Alamat contract CMC cocok persis dengan listing CoinGecko di chain 'ethereum' -- sinyal terkuat, berarti token yang sama persis on-chain.",Y
38538,PoP Planet,P,pop-planet,PoP Planet,1221,False,contract,1,Contract address match (chain: binance-smart-chain),No,"Alamat contract CMC cocok persis dengan listing CoinGecko di chain 'binance-smart-chain' -- sinyal terkuat, berarti token yang sama persis on-chain.",Y
9656,CateCoin,CATE,catecoin,CateCoin,1222,False,contract,1,Contract address match (chain: binance-smart-chain),No,"Alamat contract CMC cocok persis dengan listing CoinGecko di chain 'binance-smart-chain' -- sinyal terkuat, berarti token yang sama persis on-chain.",Y
37114,Manyu (manyushiba.com),MANYU,manyu-2,Manyu,1223,False,contract,0.43,Contract address match (chain: ethereum),No,"Alamat contract CMC cocok persis dengan listing CoinGecko di chain 'ethereum' -- sinyal terkuat, berarti token yang sama persis on-chain.",Y
40708,Circle Internet Group Tokenized Stock (Robinhood),CRCL,circle-internet-group-robinhood-tokenized-stock,Circle Internet Group • Robinhood Token,1224,False,symbol_by_market_cap,0.75,Ambiguous symbol -> market cap dominance (rasio 113.6x vs runner-up),Yes,"Simbol 'CRCL' dipakai >1 listing di CoinGecko (kemungkinan wrapped/bridged/tiruan). Dipilih yang market cap-nya dominan (113.6x). Ini heuristik, bukan validasi identitas -- mohon dicek manual project-nya benar 'Circle Internet Group Tokenized Stock (Robinhood)'.",N
39089,BeatSwap,BTX,beatswap,Beatswap,1225,False,contract,1,Contract address match (chain: binance-smart-chain),No,"Alamat contract CMC cocok persis dengan listing CoinGecko di chain 'binance-smart-chain' -- sinyal terkuat, berarti token yang sama persis on-chain.",Y
38315,Zypher Network,POP,pop-2,Zypher Network,1226,False,contract,1,Contract address match (chain: binance-smart-chain),No,"Alamat contract CMC cocok persis dengan listing CoinGecko di chain 'binance-smart-chain' -- sinyal terkuat, berarti token yang sama persis on-chain.",Y
40852,Alibaba Tokenized bStocks,BABAB,alibaba-bstocks-tokenized-stock,Alibaba (bStocks Tokenized Stock),1227,True,contract,0.82,Contract address match (chain: binance-smart-chain),No,"Alamat contract CMC cocok persis dengan listing CoinGecko di chain 'binance-smart-chain' -- sinyal terkuat, berarti token yang sama persis on-chain.",Y
40686,Invesco QQQ Tokenized ETF (Robinhood),QQQ,invesco-qqq-robinhood-tokenized-stock,Invesco QQQ • Robinhood Token,1228,False,symbol_by_market_cap,0.69,Ambiguous symbol -> market cap dominance (rasio 47.9x vs runner-up),Yes,"Simbol 'QQQ' dipakai >1 listing di CoinGecko (kemungkinan wrapped/bridged/tiruan). Dipilih yang market cap-nya dominan (47.9x). Ini heuristik, bukan validasi identitas -- mohon dicek manual project-nya benar 'Invesco QQQ Tokenized ETF (Robinhood)'.",N
38435,NetX,NETX,netx,NetX,1229,False,contract,1,Contract address match (chain: binance-smart-chain),No,"Alamat contract CMC cocok persis dengan listing CoinGecko di chain 'binance-smart-chain' -- sinyal terkuat, berarti token yang sama persis on-chain.",Y
20672,Clash of Lilliput,COL,clash-of-lilliput,Clash of Lilliput,1230,False,contract,1,Contract address match (chain: binance-smart-chain),No,"Alamat contract CMC cocok persis dengan listing CoinGecko di chain 'binance-smart-chain' -- sinyal terkuat, berarti token yang sama persis on-chain.",Y
24476,LimeWire,LMWR,limewire-token,LimeWire,1231,False,contract,1,Contract address match (chain: ethereum),No,"Alamat contract CMC cocok persis dengan listing CoinGecko di chain 'ethereum' -- sinyal terkuat, berarti token yang sama persis on-chain.",Y
17794,ParagonsDAO,PDT,paragonsdao,ParagonsDAO,1232,False,contract,1,Contract address match (chain: ethereum),No,"Alamat contract CMC cocok persis dengan listing CoinGecko di chain 'ethereum' -- sinyal terkuat, berarti token yang sama persis on-chain.",Y
10897,Alitas,ALT,alitas,Alitas,1233,False,contract,1,Contract address match (chain: binance-smart-chain),No,"Alamat contract CMC cocok persis dengan listing CoinGecko di chain 'binance-smart-chain' -- sinyal terkuat, berarti token yang sama persis on-chain.",Y
9637,Altura,ALU,altura,Altura,1234,False,contract,1,Contract address match (chain: binance-smart-chain),No,"Alamat contract CMC cocok persis dengan listing CoinGecko di chain 'binance-smart-chain' -- sinyal terkuat, berarti token yang sama persis on-chain.",Y
2780,NKN,NKN,nkn,NKN,1235,False,symbol,1,Unique ticker symbol ('NKN' cuma 1 listing di CoinGecko),No,Simbol 'NKN' unik di CoinGecko (tidak ada listing lain yang bentrok).,Y
40757,Alphabet Class A Tokenized Stock (Robinhood),GOOGL,alphabet-class-a-robinhood-tokenized-stock,Alphabet Class A • Robinhood Token,1236,False,symbol_by_market_cap,0.71,Ambiguous symbol -> market cap dominance (rasio 18.2x vs runner-up),Yes,"Simbol 'GOOGL' dipakai >1 listing di CoinGecko (kemungkinan wrapped/bridged/tiruan). Dipilih yang market cap-nya dominan (18.2x). Ini heuristik, bukan validasi identitas -- mohon dicek manual project-nya benar 'Alphabet Class A Tokenized Stock (Robinhood)'.",N
24130,VNX Swiss Franc,VCHF,vnx-swiss-franc,VNX Swiss Franc,1237,False,contract,1,Contract address match (chain: ethereum),No,"Alamat contract CMC cocok persis dengan listing CoinGecko di chain 'ethereum' -- sinyal terkuat, berarti token yang sama persis on-chain.",Y
6724,Klever Coin,KLV,klever,Klever,1238,False,symbol,0.75,Unique ticker symbol ('KLV' cuma 1 listing di CoinGecko),No,Simbol 'KLV' unik di CoinGecko (tidak ada listing lain yang bentrok).,Y
38043,Eli Lilly Tokenized Stock (Ondo),LLYon,eli-lilly-ondo-tokenized-stock,Eli Lilly (Ondo Tokenized Stock),1239,False,contract,0.85,Contract address match (chain: ethereum),No,"Alamat contract CMC cocok persis dengan listing CoinGecko di chain 'ethereum' -- sinyal terkuat, berarti token yang sama persis on-chain.",Y
38009,Oracle Tokenized Stock (Ondo),ORCLon,oracle-ondo-tokenized-stock,Oracle (Ondo Tokenized Stock),1240,False,contract,0.83,Contract address match (chain: ethereum),No,"Alamat contract CMC cocok persis dengan listing CoinGecko di chain 'ethereum' -- sinyal terkuat, berarti token yang sama persis on-chain.",Y
11038,BFG Token,BFG,bfg-token,BFG Token,1241,False,contract,1,Contract address match (chain: binance-smart-chain),No,"Alamat contract CMC cocok persis dengan listing CoinGecko di chain 'binance-smart-chain' -- sinyal terkuat, berarti token yang sama persis on-chain.",Y
41987,NetNet,NET,netnet,NetNet,1242,False,symbol_by_market_cap,1,Ambiguous symbol -> market cap dominance (rasio 27.6x vs runner-up),Yes,"Simbol 'NET' dipakai >1 listing di CoinGecko (kemungkinan wrapped/bridged/tiruan). Dipilih yang market cap-nya dominan (27.6x). Ini heuristik, bukan validasi identitas -- mohon dicek manual project-nya benar 'NetNet'.",N
11307,Beta Finance,BETA,beta-finance,Beta Finance,1243,False,contract,1,Contract address match (chain: ethereum),No,"Alamat contract CMC cocok persis dengan listing CoinGecko di chain 'ethereum' -- sinyal terkuat, berarti token yang sama persis on-chain.",Y
10049,Manchester City Fan Token,CITY,manchester-city-fan-token,Manchester City Fan Token,1244,True,contract,1,Contract address match (chain: solana),No,"Alamat contract CMC cocok persis dengan listing CoinGecko di chain 'solana' -- sinyal terkuat, berarti token yang sama persis on-chain.",Y
38254,Crypto Sustainable Token,CST,crypto-sustainable-token,Crypto Sustainable Token,1245,False,contract,1,Contract address match (chain: ethereum),No,"Alamat contract CMC cocok persis dengan listing CoinGecko di chain 'ethereum' -- sinyal terkuat, berarti token yang sama persis on-chain.",Y
33543,Luna by Virtuals,LUNA,luna-by-virtuals,Luna by Virtuals,1246,False,contract,1,Contract address match (chain: base),No,"Alamat contract CMC cocok persis dengan listing CoinGecko di chain 'base' -- sinyal terkuat, berarti token yang sama persis on-chain.",Y
5224,Juventus Fan Token,JUV,juventus-fan-token,Juventus Fan Token,1247,True,contract,1,Contract address match (chain: solana),No,"Alamat contract CMC cocok persis dengan listing CoinGecko di chain 'solana' -- sinyal terkuat, berarti token yang sama persis on-chain.",Y
38062,Broadcom Tokenized Stock (Ondo),AVGOon,broadcom-ondo-tokenized-stock,Broadcom (Ondo Tokenized Stock),1248,False,contract,0.85,Contract address match (chain: ethereum),No,"Alamat contract CMC cocok persis dengan listing CoinGecko di chain 'ethereum' -- sinyal terkuat, berarti token yang sama persis on-chain.",Y
4167,Bitrue Coin,BTR,bitrue-token,Bitrue Coin,1249,False,contract,1,Contract address match (chain: ethereum),No,"Alamat contract CMC cocok persis dengan listing CoinGecko di chain 'ethereum' -- sinyal terkuat, berarti token yang sama persis on-chain.",Y
25023,Milady Meme Coin,LADYS,milady-meme-coin,Milady Meme Coin,1250,False,contract,1,Contract address match (chain: ethereum),No,"Alamat contract CMC cocok persis dengan listing CoinGecko di chain 'ethereum' -- sinyal terkuat, berarti token yang sama persis on-chain.",Y
30116,Resistance Dog,REDO,resistance-dog,Resistance Dog,1251,False,symbol,1,Unique ticker symbol ('REDO' cuma 1 listing di CoinGecko),No,Simbol 'REDO' unik di CoinGecko (tidak ada listing lain yang bentrok).,Y
12687,S.S. Lazio Fan Token,LAZIO,lazio-fan-token,Lazio Fan Token,1252,True,contract,0.93,Contract address match (chain: binance-smart-chain),No,"Alamat contract CMC cocok persis dengan listing CoinGecko di chain 'binance-smart-chain' -- sinyal terkuat, berarti token yang sama persis on-chain.",Y
40605,NVIDIA Tokenized Stock (Reality),rNVDA,nvidia-rstock-2,Nvidia rStock,1253,False,contract,0.56,Contract address match (chain: arbitrum-one),No,"Alamat contract CMC cocok persis dengan listing CoinGecko di chain 'arbitrum-one' -- sinyal terkuat, berarti token yang sama persis on-chain.",Y
40696,Micron Technology Tokenized Stock (Robinhood),MU,micron-technology-backpack-securities,Micron Technology (Backpack Securities),1254,False,symbol_by_market_cap,0.55,Ambiguous symbol -> market cap dominance (rasio 9.6x vs runner-up),Yes,"Simbol 'MU' dipakai >1 listing di CoinGecko (kemungkinan wrapped/bridged/tiruan). Dipilih yang market cap-nya dominan (9.6x). Ini heuristik, bukan validasi identitas -- mohon dicek manual project-nya benar 'Micron Technology Tokenized Stock (Robinhood)'.",N
29349,Rain Coin,RAIN,rain-coin,Rain Coin,1255,False,contract,1,Contract address match (chain: ethereum),No,"Alamat contract CMC cocok persis dengan listing CoinGecko di chain 'ethereum' -- sinyal terkuat, berarti token yang sama persis on-chain.",Y
37767,SymVerse (symverse.org),SYMM,symmio,SYMMIO,1256,False,symbol_by_market_cap,0.4,Ambiguous symbol -> market cap dominance (rasio runner-up tanpa data market cap vs runner-up),Yes,"Simbol 'SYMM' dipakai >1 listing di CoinGecko (kemungkinan wrapped/bridged/tiruan). Dipilih yang market cap-nya dominan (runner-up tanpa data market cap). Ini heuristik, bukan validasi identitas -- mohon dicek manual project-nya benar 'SymVerse (symverse.org)'.",N
35372,StablR USD,USDR,stablr-usd,StablR USD,1257,False,contract,1,Contract address match (chain: ethereum),No,"Alamat contract CMC cocok persis dengan listing CoinGecko di chain 'ethereum' -- sinyal terkuat, berarti token yang sama persis on-chain.",Y
38464,Nomina,NOM,nomina,Nomina,1258,True,contract,1,Contract address match (chain: ethereum),No,"Alamat contract CMC cocok persis dengan listing CoinGecko di chain 'ethereum' -- sinyal terkuat, berarti token yang sama persis on-chain.",Y
39699,AMD Tokenised Stock (xStock),AMDx,amd-xstock,AMD xStock,1259,False,contract,0.56,Contract address match (chain: solana),No,"Alamat contract CMC cocok persis dengan listing CoinGecko di chain 'solana' -- sinyal terkuat, berarti token yang sama persis on-chain.",Y
30493,nubcat,NUB,sillynubcat,nubcat,1260,False,contract,1,Contract address match (chain: solana),No,"Alamat contract CMC cocok persis dengan listing CoinGecko di chain 'solana' -- sinyal terkuat, berarti token yang sama persis on-chain.",Y
2916,Nimiq,NIM,nimiq-2,Nimiq,1261,False,symbol,1,Unique ticker symbol ('NIM' cuma 1 listing di CoinGecko),No,Simbol 'NIM' unik di CoinGecko (tidak ada listing lain yang bentrok).,Y
33537,Rally,RALLY,rally-3,RALLY,1262,False,contract,1,Contract address match (chain: ethereum),No,"Alamat contract CMC cocok persis dengan listing CoinGecko di chain 'ethereum' -- sinyal terkuat, berarti token yang sama persis on-chain.",Y
213,MonaCoin,MONA,monacoin,MonaCoin,1263,False,symbol_by_market_cap,1,Ambiguous symbol -> market cap dominance (rasio 106.8x vs runner-up),Yes,"Simbol 'MONA' dipakai >1 listing di CoinGecko (kemungkinan wrapped/bridged/tiruan). Dipilih yang market cap-nya dominan (106.8x). Ini heuristik, bukan validasi identitas -- mohon dicek manual project-nya benar 'MonaCoin'.",N
5435,Epic Private Internet Cash,EPIC,epic-cash,Epic Private Internet Cash,1264,False,symbol_by_social_match,1,Ambiguous symbol -> social-link match (website+twitter),Yes,Simbol ambigu & market cap tidak cukup dominan untuk membedakan; dicocokkan lewat website+twitter CMC vs CoinGecko. Tier paling lemah dari 5 tier -- mohon dicek manual link sosialnya masih benar & aktif.,N
26556,Equilibria Finance,EQB,equilibria-finance,Equilibria Finance,1265,False,contract,1,Contract address match (chain: arbitrum-one),No,"Alamat contract CMC cocok persis dengan listing CoinGecko di chain 'arbitrum-one' -- sinyal terkuat, berarti token yang sama persis on-chain.",Y
8420,DAO Maker,DAO,dao-maker,DAO Maker,1266,False,contract,1,Contract address match (chain: ethereum),No,"Alamat contract CMC cocok persis dengan listing CoinGecko di chain 'ethereum' -- sinyal terkuat, berarti token yang sama persis on-chain.",Y
6715,Sperax,SPA,sperax,Sperax,1267,False,contract,1,Contract address match (chain: ethereum),No,"Alamat contract CMC cocok persis dengan listing CoinGecko di chain 'ethereum' -- sinyal terkuat, berarti token yang sama persis on-chain.",Y
40691,Tesla Tokenized Stock (Robinhood),TSLA,tesla-robinhood-tokenized-stock,Tesla • Robinhood Token,1268,False,symbol_by_market_cap,0.6,Ambiguous symbol -> market cap dominance (rasio 7.4x vs runner-up),Yes,"Simbol 'TSLA' dipakai >1 listing di CoinGecko (kemungkinan wrapped/bridged/tiruan). Dipilih yang market cap-nya dominan (7.4x). Ini heuristik, bukan validasi identitas -- mohon dicek manual project-nya benar 'Tesla Tokenized Stock (Robinhood)'.",N
38588,OWB,OWB,owb,OWB,1269,False,contract,1,Contract address match (chain: base),No,"Alamat contract CMC cocok persis dengan listing CoinGecko di chain 'base' -- sinyal terkuat, berarti token yang sama persis on-chain.",Y
7964,Venus LTC,vLTC,venus-ltc,Venus LTC,1270,False,contract,1,Contract address match (chain: binance-smart-chain),No,"Alamat contract CMC cocok persis dengan listing CoinGecko di chain 'binance-smart-chain' -- sinyal terkuat, berarti token yang sama persis on-chain.",Y
3637,Aergo,AERGO,aergo,Aergo [OLD],1271,False,symbol,0.77,Unique ticker symbol ('AERGO' cuma 1 listing di CoinGecko),No,Simbol 'AERGO' unik di CoinGecko (tidak ada listing lain yang bentrok).,Y
40604,Broadcom Tokenized Stock (Reality),rAVGO,broadcom-rstock,Broadcom rStock,1272,False,contract,0.6,Contract address match (chain: arbitrum-one),No,"Alamat contract CMC cocok persis dengan listing CoinGecko di chain 'arbitrum-one' -- sinyal terkuat, berarti token yang sama persis on-chain.",Y
42034,Robin the Frog,ROBIN,robin-the-frog,Robin the Frog,1273,False,symbol_by_market_cap,1,Ambiguous symbol -> market cap dominance (rasio 272.7x vs runner-up),Yes,"Simbol 'ROBIN' dipakai >1 listing di CoinGecko (kemungkinan wrapped/bridged/tiruan). Dipilih yang market cap-nya dominan (272.7x). Ini heuristik, bukan validasi identitas -- mohon dicek manual project-nya benar 'Robin the Frog'.",N
34034,Open Loot,OL,open-loot,OPENLOOT,1274,False,contract,1,Contract address match (chain: ethereum),No,"Alamat contract CMC cocok persis dengan listing CoinGecko di chain 'ethereum' -- sinyal terkuat, berarti token yang sama persis on-chain.",Y
29884,Destra Network,DSYNC,destra-network,Destra Network,1275,False,contract,1,Contract address match (chain: ethereum),No,"Alamat contract CMC cocok persis dengan listing CoinGecko di chain 'ethereum' -- sinyal terkuat, berarti token yang sama persis on-chain.",Y
40844,Applied Optoelectronics Tokenized bStocks,AAOIB,applied-optoelectronics-bstocks-tokenized-stock,Applied Optoelectronics (bStocks Tokenized Stock),1276,True,contract,0.89,Contract address match (chain: binance-smart-chain),No,"Alamat contract CMC cocok persis dengan listing CoinGecko di chain 'binance-smart-chain' -- sinyal terkuat, berarti token yang sama persis on-chain.",Y
35934,Reactive Network,REACT,reactive-network,Reactive Network,1277,False,contract,1,Contract address match (chain: ethereum),No,"Alamat contract CMC cocok persis dengan listing CoinGecko di chain 'ethereum' -- sinyal terkuat, berarti token yang sama persis on-chain.",Y
36632,Cryptocurrency Coin,CRYPTO,cryptocurrency-coin,Cryptocurrency Coin,1278,False,contract,1,Contract address match (chain: ethereum),No,"Alamat contract CMC cocok persis dengan listing CoinGecko di chain 'ethereum' -- sinyal terkuat, berarti token yang sama persis on-chain.",Y
22331,FAR Labs,FAR,farcana,FAR Labs,1279,False,contract,1,Contract address match (chain: binance-smart-chain),No,"Alamat contract CMC cocok persis dengan listing CoinGecko di chain 'binance-smart-chain' -- sinyal terkuat, berarti token yang sama persis on-chain.",Y
2505,Bluzelle,BLZ,bluzelle,Bluzelle,1280,False,contract,1,Contract address match (chain: ethereum),No,"Alamat contract CMC cocok persis dengan listing CoinGecko di chain 'ethereum' -- sinyal terkuat, berarti token yang sama persis on-chain.",Y
1789,Populous,PPT,populous,Populous,1281,False,contract,1,Contract address match (chain: ethereum),No,"Alamat contract CMC cocok persis dengan listing CoinGecko di chain 'ethereum' -- sinyal terkuat, berarti token yang sama persis on-chain.",Y
32088,Roam,ROAM,roam-token,ROAM Token,1282,False,contract,0.62,Contract address match (chain: solana),No,"Alamat contract CMC cocok persis dengan listing CoinGecko di chain 'solana' -- sinyal terkuat, berarti token yang sama persis on-chain.",Y
34017,PinLink,PIN,pinlink,PinLink,1283,False,contract,1,Contract address match (chain: ethereum),No,"Alamat contract CMC cocok persis dengan listing CoinGecko di chain 'ethereum' -- sinyal terkuat, berarti token yang sama persis on-chain.",Y
1492,Obyte,GBYTE,byteball,Obyte,1284,False,symbol,1,Unique ticker symbol ('GBYTE' cuma 1 listing di CoinGecko),No,Simbol 'GBYTE' unik di CoinGecko (tidak ada listing lain yang bentrok).,Y
5305,BTSE Token,BTSE,btse-token,BTSE Token,1285,False,contract,1,Contract address match (chain: ethereum),No,"Alamat contract CMC cocok persis dengan listing CoinGecko di chain 'ethereum' -- sinyal terkuat, berarti token yang sama persis on-chain.",Y
873,NEM,XEM,nem,NEM,1286,False,symbol,1,Unique ticker symbol ('XEM' cuma 1 listing di CoinGecko),No,Simbol 'XEM' unik di CoinGecko (tidak ada listing lain yang bentrok).,Y
10841,Wolf Safe Poor People,WSPP,wolfsafepoorpeople,WolfSafePoorPeople,1287,False,contract,1,Contract address match (chain: binance-smart-chain),No,"Alamat contract CMC cocok persis dengan listing CoinGecko di chain 'binance-smart-chain' -- sinyal terkuat, berarti token yang sama persis on-chain.",Y
17235,BNBTiger,BNBTIGER,bnb-tiger-inu,BNB Tiger Inu,1288,False,symbol,0.84,Unique ticker symbol ('BNBTIGER' cuma 1 listing di CoinGecko),No,Simbol 'BNBTIGER' unik di CoinGecko (tidak ada listing lain yang bentrok).,Y
3709,Grin,GRIN,grin,Grin,1289,False,symbol_by_market_cap,1,Ambiguous symbol -> market cap dominance (rasio 480.2x vs runner-up),Yes,"Simbol 'GRIN' dipakai >1 listing di CoinGecko (kemungkinan wrapped/bridged/tiruan). Dipilih yang market cap-nya dominan (480.2x). Ini heuristik, bukan validasi identitas -- mohon dicek manual project-nya benar 'Grin'.",N
17072,Partisia Blockchain,MPC,partisia-blockchain,Partisia Blockchain,1290,False,symbol_by_social_match,1,Ambiguous symbol -> social-link match (twitter),Yes,Simbol ambigu & market cap tidak cukup dominan untuk membedakan; dicocokkan lewat twitter CMC vs CoinGecko. Tier paling lemah dari 5 tier -- mohon dicek manual link sosialnya masih benar & aktif.,N
40926,Jimothy The Raccoon,JIMOTHY,jimothy-the-raccoon,Jimothy The Raccoon,1291,False,contract,1,Contract address match (chain: solana),No,"Alamat contract CMC cocok persis dengan listing CoinGecko di chain 'solana' -- sinyal terkuat, berarti token yang sama persis on-chain.",Y
39777,Nebius Group Tokenized Stock (Ondo),NBISon,nebius-group-ondo-tokenized,Nebius Group (Ondo Tokenized),1292,False,contract,0.75,Contract address match (chain: solana),No,"Alamat contract CMC cocok persis dengan listing CoinGecko di chain 'solana' -- sinyal terkuat, berarti token yang sama persis on-chain.",Y
32470,Layer3,L3,layer3,Layer3,1293,False,contract,1,Contract address match (chain: ethereum),No,"Alamat contract CMC cocok persis dengan listing CoinGecko di chain 'ethereum' -- sinyal terkuat, berarti token yang sama persis on-chain.",Y
6859,Harvest Finance,FARM,harvest-finance,Harvest Finance,1294,False,contract,1,Contract address match (chain: ethereum),No,"Alamat contract CMC cocok persis dengan listing CoinGecko di chain 'ethereum' -- sinyal terkuat, berarti token yang sama persis on-chain.",Y
40780,Meta Platforms Tokenized Stock (Robinhood),META,meta-2-2,MetaDAO,1295,False,symbol_by_market_cap,0.28,Ambiguous symbol -> market cap dominance (rasio 8.0x vs runner-up),Yes,"Simbol 'META' dipakai >1 listing di CoinGecko (kemungkinan wrapped/bridged/tiruan). Dipilih yang market cap-nya dominan (8.0x). Ini heuristik, bukan validasi identitas -- mohon dicek manual project-nya benar 'Meta Platforms Tokenized Stock (Robinhood)'. Nama CMC ('Meta Platforms Tokenized Stock (Robinhood)') vs CoinGecko ('MetaDAO') sangat berbeda (similarity=0.28) walau tier-nya biasanya kuat -- janggal, tolong dicek manual (potensi bug mapping chain/simbol).",N
1312,Steem Dollars,SBD,steem-dollars,Steem Dollars,1296,False,symbol,1,Unique ticker symbol ('SBD' cuma 1 listing di CoinGecko),No,Simbol 'SBD' unik di CoinGecko (tidak ada listing lain yang bentrok).,Y
39539,Rainbow,RNBW,rainbow-3-2,Rainbow,1297,False,contract,1,Contract address match (chain: base),No,"Alamat contract CMC cocok persis dengan listing CoinGecko di chain 'base' -- sinyal terkuat, berarti token yang sama persis on-chain.",Y
1552,Enzyme,MLN,melon,Enzyme,1298,False,contract,1,Contract address match (chain: ethereum),No,"Alamat contract CMC cocok persis dengan listing CoinGecko di chain 'ethereum' -- sinyal terkuat, berarti token yang sama persis on-chain.",Y
36601,Mamo,MAMO,mamo,Mamo,1299,False,contract,1,Contract address match (chain: base),No,"Alamat contract CMC cocok persis dengan listing CoinGecko di chain 'base' -- sinyal terkuat, berarti token yang sama persis on-chain.",Y
40895,Sherwood Protocol,WOOD,sherwood-protocol,Sherwood Protocol,1300,False,symbol_by_market_cap,1,Ambiguous symbol -> market cap dominance (rasio 78786.7x vs runner-up),Yes,"Simbol 'WOOD' dipakai >1 listing di CoinGecko (kemungkinan wrapped/bridged/tiruan). Dipilih yang market cap-nya dominan (78786.7x). Ini heuristik, bukan validasi identitas -- mohon dicek manual project-nya benar 'Sherwood Protocol'.",N
22985,IMPT,IMPT,impt,IMPT,1301,False,contract,1,Contract address match (chain: ethereum),No,"Alamat contract CMC cocok persis dengan listing CoinGecko di chain 'ethereum' -- sinyal terkuat, berarti token yang sama persis on-chain.",Y
3327,SIX Token,SIX,six-network,SIX Network,1302,False,symbol_by_social_match,0.67,Ambiguous symbol -> social-link match (website+twitter),Yes,Simbol ambigu & market cap tidak cukup dominan untuk membedakan; dicocokkan lewat website+twitter CMC vs CoinGecko. Tier paling lemah dari 5 tier -- mohon dicek manual link sosialnya masih benar & aktif.,N
40837,ProjectVex,VEX,projectvex,ProjectVex,1303,False,symbol_by_social_match,1,Ambiguous symbol -> social-link match (website+twitter),Yes,Simbol ambigu & market cap tidak cukup dominan untuk membedakan; dicocokkan lewat website+twitter CMC vs CoinGecko. Tier paling lemah dari 5 tier -- mohon dicek manual link sosialnya masih benar & aktif.,N
40781,iShares 0-3 Month Tokenized Treasury Bond ETF (Robinhood),SGOV,ishares-0-3-month-treasury-bond-etf-robinhood-tokenized-stock,iShares 0-3 Month Treasury Bond ETF • Robinhood Token,1304,False,symbol,0.84,Unique ticker symbol ('SGOV' cuma 1 listing di CoinGecko),No,Simbol 'SGOV' unik di CoinGecko (tidak ada listing lain yang bentrok).,Y
11202,Tokemak,TOKE,tokeo,Tokeo,1305,False,symbol_by_market_cap,0.67,Ambiguous symbol -> market cap dominance (rasio runner-up tanpa data market cap vs runner-up),Yes,"Simbol 'TOKE' dipakai >1 listing di CoinGecko (kemungkinan wrapped/bridged/tiruan). Dipilih yang market cap-nya dominan (runner-up tanpa data market cap). Ini heuristik, bukan validasi identitas -- mohon dicek manual project-nya benar 'Tokemak'.",N
31296,GOLDAO,GOLDAO,gold-dao,Gold DAO,1306,False,symbol,0.92,Unique ticker symbol ('GOLDAO' cuma 1 listing di CoinGecko),No,Simbol 'GOLDAO' unik di CoinGecko (tidak ada listing lain yang bentrok).,Y
40875,AXT Tokenized bStocks,AXTIB,axt-bstocks-tokenized-stock,AXT (bStocks Tokenized Stock),1307,True,contract,0.79,Contract address match (chain: binance-smart-chain),No,"Alamat contract CMC cocok persis dengan listing CoinGecko di chain 'binance-smart-chain' -- sinyal terkuat, berarti token yang sama persis on-chain.",Y
5829,TrustSwap,SWAP,trustswap,TrustSwap,1308,False,contract,1,Contract address match (chain: ethereum),No,"Alamat contract CMC cocok persis dengan listing CoinGecko di chain 'ethereum' -- sinyal terkuat, berarti token yang sama persis on-chain.",Y
28394,Grok (grokoneth.com),GROK,grok-2,Grok,1309,False,contract,0.4,Contract address match (chain: ethereum),No,"Alamat contract CMC cocok persis dengan listing CoinGecko di chain 'ethereum' -- sinyal terkuat, berarti token yang sama persis on-chain.",Y
33502,Vultisig,VULT,vultisig,Vultisig,1310,False,contract,1,Contract address match (chain: ethereum),No,"Alamat contract CMC cocok persis dengan listing CoinGecko di chain 'ethereum' -- sinyal terkuat, berarti token yang sama persis on-chain.",Y
40591,Lumentum Tokenized bStocks,LITEB,lumentum-holdings-bstocks-tokenized-stock,Lumentum Holdings (bStocks Tokenized Stock),1311,True,contract,0.72,Contract address match (chain: binance-smart-chain),No,"Alamat contract CMC cocok persis dengan listing CoinGecko di chain 'binance-smart-chain' -- sinyal terkuat, berarti token yang sama persis on-chain.",Y
35395,SPACEM WORLD,SPCM,spacem-token,SPACEM WORLD,1312,False,contract,1,Contract address match (chain: avalanche),No,"Alamat contract CMC cocok persis dengan listing CoinGecko di chain 'avalanche' -- sinyal terkuat, berarti token yang sama persis on-chain.",Y
38628,Australian Digital Dollar,AUDD,novatti-australian-digital-dollar,Australian Digital Dollar,1313,False,contract,1,Contract address match (chain: ethereum),No,"Alamat contract CMC cocok persis dengan listing CoinGecko di chain 'ethereum' -- sinyal terkuat, berarti token yang sama persis on-chain.",Y
36418,Jager Hunter,JAGER,jager-hunter,Jager Hunter,1314,False,contract,1,Contract address match (chain: binance-smart-chain),No,"Alamat contract CMC cocok persis dengan listing CoinGecko di chain 'binance-smart-chain' -- sinyal terkuat, berarti token yang sama persis on-chain.",Y
33291,Fwog (SOL),FWOG,fwog,Fwog,1315,False,contract,0.73,Contract address match (chain: solana),No,"Alamat contract CMC cocok persis dengan listing CoinGecko di chain 'solana' -- sinyal terkuat, berarti token yang sama persis on-chain.",Y
6520,HOPR,HOPR,hopr,HOPR,1316,False,contract,1,Contract address match (chain: ethereum),No,"Alamat contract CMC cocok persis dengan listing CoinGecko di chain 'ethereum' -- sinyal terkuat, berarti token yang sama persis on-chain.",Y
33708,The Arena,ARENA,the-arena,The Arena,1317,False,contract,1,Contract address match (chain: avalanche),No,"Alamat contract CMC cocok persis dengan listing CoinGecko di chain 'avalanche' -- sinyal terkuat, berarti token yang sama persis on-chain.",Y
26998,Scroll,SCR,scroll,Scroll,1318,True,contract,1,Contract address match (chain: scroll),No,"Alamat contract CMC cocok persis dengan listing CoinGecko di chain 'scroll' -- sinyal terkuat, berarti token yang sama persis on-chain.",Y
24261,OctaSpace,OCTA,octaspace,OctaSpace,1319,False,symbol,1,Unique ticker symbol ('OCTA' cuma 1 listing di CoinGecko),No,Simbol 'OCTA' unik di CoinGecko (tidak ada listing lain yang bentrok).,Y
463,BitShares,BTS,bitshares,BitShares,1320,False,symbol,1,Unique ticker symbol ('BTS' cuma 1 listing di CoinGecko),No,Simbol 'BTS' unik di CoinGecko (tidak ada listing lain yang bentrok).,Y
24203,SmarDex,SDEX,smardex,SMARDEX,1321,False,contract,1,Contract address match (chain: ethereum),No,"Alamat contract CMC cocok persis dengan listing CoinGecko di chain 'ethereum' -- sinyal terkuat, berarti token yang sama persis on-chain.",Y
35877,Yala,YALA,yala,Yala,1322,False,contract,1,Contract address match (chain: ethereum),No,"Alamat contract CMC cocok persis dengan listing CoinGecko di chain 'ethereum' -- sinyal terkuat, berarti token yang sama persis on-chain.",Y
34469,Altcoinist,ALTT,altcoinist-token,Altcoinist Token,1323,False,contract,0.8,Contract address match (chain: base),No,"Alamat contract CMC cocok persis dengan listing CoinGecko di chain 'base' -- sinyal terkuat, berarti token yang sama persis on-chain.",Y
36468,Solana Name Service,SNS,solana-name-service,Solana Name Service,1324,False,contract,1,Contract address match (chain: solana),No,"Alamat contract CMC cocok persis dengan listing CoinGecko di chain 'solana' -- sinyal terkuat, berarti token yang sama persis on-chain.",Y
38036,Coca-Cola Tokenized Stock (Ondo),KOon,coca-cola-ondo-tokenized-stock,Coca-Cola (Ondo Tokenized Stock),1325,False,contract,0.85,Contract address match (chain: ethereum),No,"Alamat contract CMC cocok persis dengan listing CoinGecko di chain 'ethereum' -- sinyal terkuat, berarti token yang sama persis on-chain.",Y
38926,Checkmate,CHECK,checkmate-2,Checkmate,1326,False,contract,1,Contract address match (chain: ethereum),No,"Alamat contract CMC cocok persis dengan listing CoinGecko di chain 'ethereum' -- sinyal terkuat, berarti token yang sama persis on-chain.",Y
37279,DOWGE,DJI6930,dowge,DOWGE,1327,False,contract,1,Contract address match (chain: solana),No,"Alamat contract CMC cocok persis dengan listing CoinGecko di chain 'solana' -- sinyal terkuat, berarti token yang sama persis on-chain.",Y
38017,Lockheed Tokenized Stock (Ondo),LMTon,lockheed-ondo-tokenized-stock,Lockheed (Ondo Tokenized Stock),1328,False,contract,0.85,Contract address match (chain: ethereum),No,"Alamat contract CMC cocok persis dengan listing CoinGecko di chain 'ethereum' -- sinyal terkuat, berarti token yang sama persis on-chain.",Y
37044,TQQQ tokenized ETF (xStock),TQQQX,tqqq-xstock,TQQQ xStock,1329,False,contract,0.62,Contract address match (chain: solana),No,"Alamat contract CMC cocok persis dengan listing CoinGecko di chain 'solana' -- sinyal terkuat, berarti token yang sama persis on-chain.",Y
22837,DIMO,DIMO,dimo,DIMO,1330,False,contract,1,Contract address match (chain: ethereum),No,"Alamat contract CMC cocok persis dengan listing CoinGecko di chain 'ethereum' -- sinyal terkuat, berarti token yang sama persis on-chain.",Y
40624,Tesla Tokenized Stock (Reality),rTSLA,tesla-rstock-2,Tesla rStock,1331,False,contract,0.54,Contract address match (chain: arbitrum-one),No,"Alamat contract CMC cocok persis dengan listing CoinGecko di chain 'arbitrum-one' -- sinyal terkuat, berarti token yang sama persis on-chain.",Y
17450,fanC,FANC,fanc,fanC,1332,False,contract,1,Contract address match (chain: ethereum),No,"Alamat contract CMC cocok persis dengan listing CoinGecko di chain 'ethereum' -- sinyal terkuat, berarti token yang sama persis on-chain.",Y
40592,Meta Tokenized bStocks,METAB,meta-platforms-bstocks-tokenized-stock,Meta Platforms (bStocks Tokenized Stock),1333,True,contract,0.67,Contract address match (chain: binance-smart-chain),No,"Alamat contract CMC cocok persis dengan listing CoinGecko di chain 'binance-smart-chain' -- sinyal terkuat, berarti token yang sama persis on-chain.",Y
39465,一 (USD1_ONE),一,gai-bian-ren-sheng,你可以在一天内改变人生,1334,False,symbol,0.1,Unique ticker symbol ('一' cuma 1 listing di CoinGecko),Yes,"Simbol '一' unik di CoinGecko (tidak ada listing lain yang bentrok). TAPI tidak ada validasi silang lain (bukan contract/sosial), dan nama kurang mirip (similarity=0.10) -- tolong dicek manual apakah proyeknya benar sama.",N
39660,tx,TX,tx,tx,1335,False,symbol_by_market_cap,1,Ambiguous symbol -> market cap dominance (rasio runner-up tanpa data market cap vs runner-up),Yes,"Simbol 'TX' dipakai >1 listing di CoinGecko (kemungkinan wrapped/bridged/tiruan). Dipilih yang market cap-nya dominan (runner-up tanpa data market cap). Ini heuristik, bukan validasi identitas -- mohon dicek manual project-nya benar 'tx'.",N
38984,SUPERFORTUNE,GUA,superfortune,Superfortune,1336,False,contract,1,Contract address match (chain: binance-smart-chain),No,"Alamat contract CMC cocok persis dengan listing CoinGecko di chain 'binance-smart-chain' -- sinyal terkuat, berarti token yang sama persis on-chain.",Y
11532,Arsenal Fan Token,AFC,arsenal-fan-token,Arsenal Fan Token,1337,False,contract,1,Contract address match (chain: solana),No,"Alamat contract CMC cocok persis dengan listing CoinGecko di chain 'solana' -- sinyal terkuat, berarti token yang sama persis on-chain.",Y
41977,Ramses,RAM,ramses,Ramses,1338,False,symbol_by_market_cap,1,Ambiguous symbol -> market cap dominance (rasio 264.9x vs runner-up),Yes,"Simbol 'RAM' dipakai >1 listing di CoinGecko (kemungkinan wrapped/bridged/tiruan). Dipilih yang market cap-nya dominan (264.9x). Ini heuristik, bukan validasi identitas -- mohon dicek manual project-nya benar 'Ramses'.",N
23397,Games for a Living,GFAL,games-for-a-living,Games for a Living,1339,False,contract,1,Contract address match (chain: binance-smart-chain),No,"Alamat contract CMC cocok persis dengan listing CoinGecko di chain 'binance-smart-chain' -- sinyal terkuat, berarti token yang sama persis on-chain.",Y
31342,NATIX Network,NATIX,natix-network,NATIX Network,1340,False,contract,1,Contract address match (chain: solana),No,"Alamat contract CMC cocok persis dengan listing CoinGecko di chain 'solana' -- sinyal terkuat, berarti token yang sama persis on-chain.",Y
24220,Propchain,PROPC,propchain,Propchain,1341,False,contract,1,Contract address match (chain: ethereum),No,"Alamat contract CMC cocok persis dengan listing CoinGecko di chain 'ethereum' -- sinyal terkuat, berarti token yang sama persis on-chain.",Y
2758,Unibright,UBT,unibright,Unibright,1342,False,contract,1,Contract address match (chain: ethereum),No,"Alamat contract CMC cocok persis dengan listing CoinGecko di chain 'ethereum' -- sinyal terkuat, berarti token yang sama persis on-chain.",Y
3698,Observer,OBSR,observer-coin,Observer,1343,False,symbol,1,Unique ticker symbol ('OBSR' cuma 1 listing di CoinGecko),No,Simbol 'OBSR' unik di CoinGecko (tidak ada listing lain yang bentrok).,Y
1556,Chrono.tech,TIME,chronobank,chrono.tech,1344,False,contract,1,Contract address match (chain: ethereum),No,"Alamat contract CMC cocok persis dengan listing CoinGecko di chain 'ethereum' -- sinyal terkuat, berarti token yang sama persis on-chain.",Y
3607,VestChain,VEST,vestige,Vestige,1345,False,symbol,0.62,Unique ticker symbol ('VEST' cuma 1 listing di CoinGecko),No,Simbol 'VEST' unik di CoinGecko (tidak ada listing lain yang bentrok).,Y
40846,TSMC Tokenized bStocks,TSMB,tsmc-bstocks-tokenized-stock,TSMC (bStocks Tokenized Stock),1346,True,contract,0.8,Contract address match (chain: binance-smart-chain),No,"Alamat contract CMC cocok persis dengan listing CoinGecko di chain 'binance-smart-chain' -- sinyal terkuat, berarti token yang sama persis on-chain.",Y
8200,Shapeshift FOX Token,FOX,shapeshift-fox-token,ShapeShift FOX,1347,False,contract,0.84,Contract address match (chain: ethereum),No,"Alamat contract CMC cocok persis dengan listing CoinGecko di chain 'ethereum' -- sinyal terkuat, berarti token yang sama persis on-chain.",Y
34611,Suilend,SEND,suilend,Suilend,1348,False,contract,1,Contract address match (chain: sui),No,"Alamat contract CMC cocok persis dengan listing CoinGecko di chain 'sui' -- sinyal terkuat, berarti token yang sama persis on-chain.",Y
8538,AC Milan Fan Token,ACM,ac-milan-fan-token,AC Milan Fan Token,1349,True,contract,1,Contract address match (chain: solana),No,"Alamat contract CMC cocok persis dengan listing CoinGecko di chain 'solana' -- sinyal terkuat, berarti token yang sama persis on-chain.",Y
9421,Ampleforth Governance Token,FORTH,ampleforth-governance-token,Ampleforth Governance,1350,False,contract,0.89,Contract address match (chain: ethereum),No,"Alamat contract CMC cocok persis dengan listing CoinGecko di chain 'ethereum' -- sinyal terkuat, berarti token yang sama persis on-chain.",Y
17742,Cult DAO,CULT,cult-dao,Cult DAO,1351,False,contract,1,Contract address match (chain: ethereum),No,"Alamat contract CMC cocok persis dengan listing CoinGecko di chain 'ethereum' -- sinyal terkuat, berarti token yang sama persis on-chain.",Y
7703,MileVerse,MVC,mileverse,MileVerse,1352,False,contract,1,Contract address match (chain: ethereum),No,"Alamat contract CMC cocok persis dengan listing CoinGecko di chain 'ethereum' -- sinyal terkuat, berarti token yang sama persis on-chain.",Y
12064,Cratos,CRTS,cratos,Cratos,1353,False,contract,1,Contract address match (chain: ethereum),No,"Alamat contract CMC cocok persis dengan listing CoinGecko di chain 'ethereum' -- sinyal terkuat, berarti token yang sama persis on-chain.",Y
39353,雪球,雪球,xuequi,雪球 (Snowball),1354,False,contract,0.33,Contract address match (chain: binance-smart-chain),Yes,"Alamat contract CMC cocok persis dengan listing CoinGecko di chain 'binance-smart-chain' -- sinyal terkuat, berarti token yang sama persis on-chain. Nama CMC ('雪球') vs CoinGecko ('雪球 (Snowball)') sangat berbeda (similarity=0.33) walau tier-nya biasanya kuat -- janggal, tolong dicek manual (potensi bug mapping chain/simbol).",N
38059,Arm Holdings plc Tokenized Stock (Ondo),ARMon,arm-holdings-plc-ondo-tokenized-stock,Arm Holdings plc (Ondo Tokenized Stock),1355,False,contract,0.88,Contract address match (chain: ethereum),No,"Alamat contract CMC cocok persis dengan listing CoinGecko di chain 'ethereum' -- sinyal terkuat, berarti token yang sama persis on-chain.",Y
21060,GALAXIA,GXA,galaxia,Galaxia,1356,False,symbol,1,Unique ticker symbol ('GXA' cuma 1 listing di CoinGecko),No,Simbol 'GXA' unik di CoinGecko (tidak ada listing lain yang bentrok).,Y
34176,Quantoz EURQ,EURQ,quantoz-eurq,Quantoz EURQ,1357,False,contract,1,Contract address match (chain: ethereum),No,"Alamat contract CMC cocok persis dengan listing CoinGecko di chain 'ethereum' -- sinyal terkuat, berarti token yang sama persis on-chain.",Y
38829,Marina Protocol,BAY,marina-protocol,Marina Protocol,1358,False,contract,1,Contract address match (chain: binance-smart-chain),No,"Alamat contract CMC cocok persis dengan listing CoinGecko di chain 'binance-smart-chain' -- sinyal terkuat, berarti token yang sama persis on-chain.",Y
34187,LOFI,LOFI,lofi-2,LOFI,1359,False,contract,1,Contract address match (chain: sui),No,"Alamat contract CMC cocok persis dengan listing CoinGecko di chain 'sui' -- sinyal terkuat, berarti token yang sama persis on-chain.",Y
38048,Qualcomm Tokenized Stock (Ondo),QCOMon,qualcomm-ondo-tokenized-stock,Qualcomm (Ondo Tokenized Stock),1360,False,contract,0.85,Contract address match (chain: ethereum),No,"Alamat contract CMC cocok persis dengan listing CoinGecko di chain 'ethereum' -- sinyal terkuat, berarti token yang sama persis on-chain.",Y
38237,Forest Protocol,FOREST,forest-protocol,Forest Protocol,1361,False,contract,1,Contract address match (chain: ethereum),No,"Alamat contract CMC cocok persis dengan listing CoinGecko di chain 'ethereum' -- sinyal terkuat, berarti token yang sama persis on-chain.",Y
32942,Sui Name Service,NS,suins-token,SuiNS Token,1362,False,contract,0.42,Contract address match (chain: sui),No,"Alamat contract CMC cocok persis dengan listing CoinGecko di chain 'sui' -- sinyal terkuat, berarti token yang sama persis on-chain.",Y
24924,Swell Network,SWELL,swell-network,Swell,1363,False,contract,0.59,Contract address match (chain: ethereum),No,"Alamat contract CMC cocok persis dengan listing CoinGecko di chain 'ethereum' -- sinyal terkuat, berarti token yang sama persis on-chain.",Y
40745,Strategy Inc. Tokenized Stock (Robinhood),MSTR,strategy-inc-robinhood-tokenized-stock,Strategy Inc. • Robinhood Token,1364,False,symbol_by_social_match,0.68,Ambiguous symbol -> social-link match (website),Yes,Simbol ambigu & market cap tidak cukup dominan untuk membedakan; dicocokkan lewat website CMC vs CoinGecko. Tier paling lemah dari 5 tier -- mohon dicek manual link sosialnya masih benar & aktif.,N
37453,Aspecta,ASP,aspecta,Aspecta,1365,False,contract,1,Contract address match (chain: binance-smart-chain),No,"Alamat contract CMC cocok persis dengan listing CoinGecko di chain 'binance-smart-chain' -- sinyal terkuat, berarti token yang sama persis on-chain.",Y
77,Diamond,DMD,diamond,Diamond,1366,False,symbol,1,Unique ticker symbol ('DMD' cuma 1 listing di CoinGecko),No,Simbol 'DMD' unik di CoinGecko (tidak ada listing lain yang bentrok).,Y
40083,TSMC tokenized stock(xStock),TSMX,tsmc-xstock,TSMC xStock,1367,False,contract,0.59,Contract address match (chain: ethereum),No,"Alamat contract CMC cocok persis dengan listing CoinGecko di chain 'ethereum' -- sinyal terkuat, berarti token yang sama persis on-chain.",Y
3437,ABBC Coin,ABBC,alibabacoin,ABBC,1368,False,symbol,0.67,Unique ticker symbol ('ABBC' cuma 1 listing di CoinGecko),No,Simbol 'ABBC' unik di CoinGecko (tidak ada listing lain yang bentrok).,Y
36959,MORI COIN,MORI,mori-coin,MORI COIN,1369,False,contract,1,Contract address match (chain: solana),No,"Alamat contract CMC cocok persis dengan listing CoinGecko di chain 'solana' -- sinyal terkuat, berarti token yang sama persis on-chain.",Y
8642,Fei USD,FEI,fei-usd,Fei USD,1370,False,contract,1,Contract address match (chain: ethereum),No,"Alamat contract CMC cocok persis dengan listing CoinGecko di chain 'ethereum' -- sinyal terkuat, berarti token yang sama persis on-chain.",Y
32722,Lava Network,LAVA,lava-network,Lava Network,1371,False,symbol,1,Unique ticker symbol ('LAVA' cuma 1 listing di CoinGecko),No,Simbol 'LAVA' unik di CoinGecko (tidak ada listing lain yang bentrok).,Y
38211,ANOA,ANOA,anoa,ANOA,1372,False,contract,1,Contract address match (chain: ethereum),No,"Alamat contract CMC cocok persis dengan listing CoinGecko di chain 'ethereum' -- sinyal terkuat, berarti token yang sama persis on-chain.",Y
30723,Alltoscan,ATS,alltoscan,Alltoscan,1373,False,contract,1,Contract address match (chain: binance-smart-chain),No,"Alamat contract CMC cocok persis dengan listing CoinGecko di chain 'binance-smart-chain' -- sinyal terkuat, berarti token yang sama persis on-chain.",Y
38181,Scamcoin,SCAM,scamcoin,Scamcoin,1374,False,contract,1,Contract address match (chain: solana),No,"Alamat contract CMC cocok persis dengan listing CoinGecko di chain 'solana' -- sinyal terkuat, berarti token yang sama persis on-chain.",Y
40965,Coherent Tokenized bStocks,COHRB,coherent-bstocks-tokenized-stock,Coherent (bStocks Tokenized Stock),1375,True,contract,0.83,Contract address match (chain: binance-smart-chain),No,"Alamat contract CMC cocok persis dengan listing CoinGecko di chain 'binance-smart-chain' -- sinyal terkuat, berarti token yang sama persis on-chain.",Y
28147,Amaterasu Omikami,OMIKAMI,amaterasu-omikami,AMATERASU OMIKAMI,1376,False,contract,1,Contract address match (chain: ethereum),No,"Alamat contract CMC cocok persis dengan listing CoinGecko di chain 'ethereum' -- sinyal terkuat, berarti token yang sama persis on-chain.",Y
40718,Amazon Tokenized Stock (Robinhood),AMZN,amazon-robinhood-tokenized-stock,Amazon • Robinhood Token,1377,False,symbol_by_market_cap,0.61,Ambiguous symbol -> market cap dominance (rasio 38.0x vs runner-up),Yes,"Simbol 'AMZN' dipakai >1 listing di CoinGecko (kemungkinan wrapped/bridged/tiruan). Dipilih yang market cap-nya dominan (38.0x). Ini heuristik, bukan validasi identitas -- mohon dicek manual project-nya benar 'Amazon Tokenized Stock (Robinhood)'.",N
36906,Sταking,SN88,staking-2,Sταking,1378,False,symbol,1,Unique ticker symbol ('SN88' cuma 1 listing di CoinGecko),No,Simbol 'SN88' unik di CoinGecko (tidak ada listing lain yang bentrok).,Y
35396,Purple Bitcoin,PBTC,purple-bitcoin,Purple Bitcoin,1379,False,contract,1,Contract address match (chain: solana),No,"Alamat contract CMC cocok persis dengan listing CoinGecko di chain 'solana' -- sinyal terkuat, berarti token yang sama persis on-chain.",Y
37059,Oracle tokenized stock (xStock),ORCLX,oracle-xstock,Oracle xStock,1380,False,contract,0.63,Contract address match (chain: solana),No,"Alamat contract CMC cocok persis dengan listing CoinGecko di chain 'solana' -- sinyal terkuat, berarti token yang sama persis on-chain.",Y
38701,Rayls,RLS,rayls,Rayls,1381,False,contract,1,Contract address match (chain: ethereum),No,"Alamat contract CMC cocok persis dengan listing CoinGecko di chain 'ethereum' -- sinyal terkuat, berarti token yang sama persis on-chain.",Y
2941,CoinEx Token,CET,coinex-token,CoinEx,1382,False,symbol,0.71,Unique ticker symbol ('CET' cuma 1 listing di CoinGecko),No,Simbol 'CET' unik di CoinGecko (tidak ada listing lain yang bentrok).,Y
38614,客服小何,客服小何,customer-service-xiao-he,客服小何 (Customer Service Xiao He),1383,False,contract,0.28,Contract address match (chain: binance-smart-chain),Yes,"Alamat contract CMC cocok persis dengan listing CoinGecko di chain 'binance-smart-chain' -- sinyal terkuat, berarti token yang sama persis on-chain. Nama CMC ('客服小何') vs CoinGecko ('客服小何 (Customer Service Xiao He)') sangat berbeda (similarity=0.28) walau tier-nya biasanya kuat -- janggal, tolong dicek manual (potensi bug mapping chain/simbol).",N
39744,AST SpaceMobile Tokenized Stock (Ondo),ASTSon,ast-spacemobile-ondo-tokenized,AST SpaceMobile (Ondo Tokenized),1384,False,contract,0.78,Contract address match (chain: solana),No,"Alamat contract CMC cocok persis dengan listing CoinGecko di chain 'solana' -- sinyal terkuat, berarti token yang sama persis on-chain.",Y
35436,Alon,ALON,alon,Alon,1385,False,contract,1,Contract address match (chain: solana),No,"Alamat contract CMC cocok persis dengan listing CoinGecko di chain 'solana' -- sinyal terkuat, berarti token yang sama persis on-chain.",Y
40968,ASML Tokenized bStocks,ASMLB,asml-bstocks-tokenized-stock,ASML (bStocks Tokenized Stock),1386,True,contract,0.8,Contract address match (chain: binance-smart-chain),No,"Alamat contract CMC cocok persis dengan listing CoinGecko di chain 'binance-smart-chain' -- sinyal terkuat, berarti token yang sama persis on-chain.",Y
38000,Pfizer Tokenized Stock (Ondo),PFEon,pfizer-ondo-tokenized-stock,Pfizer (Ondo Tokenized Stock),1387,False,contract,0.83,Contract address match (chain: ethereum),No,"Alamat contract CMC cocok persis dengan listing CoinGecko di chain 'ethereum' -- sinyal terkuat, berarti token yang sama persis on-chain.",Y
20605,TARS AI,TAI,tars-protocol,TARS AI,1388,False,contract,1,Contract address match (chain: solana),No,"Alamat contract CMC cocok persis dengan listing CoinGecko di chain 'solana' -- sinyal terkuat, berarti token yang sama persis on-chain.",Y
38881,Avici,AVICI,avici,Avici,1389,False,contract,1,Contract address match (chain: solana),No,"Alamat contract CMC cocok persis dengan listing CoinGecko di chain 'solana' -- sinyal terkuat, berarti token yang sama persis on-chain.",Y
11212,Star Atlas,ATLAS,star-atlas,Star Atlas,1390,False,symbol_by_market_cap,1,Ambiguous symbol -> market cap dominance (rasio 11.8x vs runner-up),Yes,"Simbol 'ATLAS' dipakai >1 listing di CoinGecko (kemungkinan wrapped/bridged/tiruan). Dipilih yang market cap-nya dominan (11.8x). Ini heuristik, bukan validasi identitas -- mohon dicek manual project-nya benar 'Star Atlas'.",N
39203,Depinsim,ESIM,depinsim,Depinsim,1391,False,contract,1,Contract address match (chain: binance-smart-chain),No,"Alamat contract CMC cocok persis dengan listing CoinGecko di chain 'binance-smart-chain' -- sinyal terkuat, berarti token yang sama persis on-chain.",Y
33165,PussFi,PUSS,puss,Puss,1392,False,contract,0.8,Contract address match (chain: tron),No,"Alamat contract CMC cocok persis dengan listing CoinGecko di chain 'tron' -- sinyal terkuat, berarti token yang sama persis on-chain.",Y
40538,Advanced Micro Devices Tokenized bStocks,AMDB,advanced-micro-devices-bstocks-tokenized-stock,Advanced Micro Devices (bStocks Tokenized Stock),1393,True,contract,0.88,Contract address match (chain: binance-smart-chain),No,"Alamat contract CMC cocok persis dengan listing CoinGecko di chain 'binance-smart-chain' -- sinyal terkuat, berarti token yang sama persis on-chain.",Y
35628,Avalon Labs (AVL),AVL,avalon-2,Avalon,1395,False,contract,0.63,Contract address match (chain: ethereum),No,"Alamat contract CMC cocok persis dengan listing CoinGecko di chain 'ethereum' -- sinyal terkuat, berarti token yang sama persis on-chain.",Y
1826,Particl,PART,particl,Particl,1396,False,symbol,1,Unique ticker symbol ('PART' cuma 1 listing di CoinGecko),No,Simbol 'PART' unik di CoinGecko (tidak ada listing lain yang bentrok).,Y
39798,TermMax,TMX,termmax,TermMax,1399,False,contract,1,Contract address match (chain: binance-smart-chain),No,"Alamat contract CMC cocok persis dengan listing CoinGecko di chain 'binance-smart-chain' -- sinyal terkuat, berarti token yang sama persis on-chain.",Y
10368,Cryptex Finance,CTX,cryptex-finance,Cryptex Finance,1400,False,contract,1,Contract address match (chain: ethereum),No,"Alamat contract CMC cocok persis dengan listing CoinGecko di chain 'ethereum' -- sinyal terkuat, berarti token yang sama persis on-chain.",Y
39276,SPDR Gold Shares Tokenized Stock (Ondo),GLDon,spdr-gold-shares-ondo-tokenized,SPDR Gold Shares (Ondo Tokenized),1401,False,contract,0.78,Contract address match (chain: ethereum),No,"Alamat contract CMC cocok persis dengan listing CoinGecko di chain 'ethereum' -- sinyal terkuat, berarti token yang sama persis on-chain.",Y
9720,PlatON,LAT,platon-network,PlatON Network,1402,False,symbol,0.63,Unique ticker symbol ('LAT' cuma 1 listing di CoinGecko),No,Simbol 'LAT' unik di CoinGecko (tidak ada listing lain yang bentrok).,Y
39142,SCOR,SCOR,scor,Scor,1403,False,contract,1,Contract address match (chain: base),No,"Alamat contract CMC cocok persis dengan listing CoinGecko di chain 'base' -- sinyal terkuat, berarti token yang sama persis on-chain.",Y
38066,iShares Russell 2000 Tokenized ETF (Ondo),IWMon,ishares-russell-2000-etf-ondo-tokenized-etf,iShares Russell 2000 ETF (Ondo Tokenized ETF),1404,False,contract,0.85,Contract address match (chain: ethereum),No,"Alamat contract CMC cocok persis dengan listing CoinGecko di chain 'ethereum' -- sinyal terkuat, berarti token yang sama persis on-chain.",Y
40876,South Korea Bull 3X ETF Tokenized bStocks,KORUB,south-korea-bull-3x-etf-bstocks-tokenized-stock,South Korea Bull 3X ETF (bStocks Tokenized Stock),1405,True,contract,0.88,Contract address match (chain: binance-smart-chain),No,"Alamat contract CMC cocok persis dengan listing CoinGecko di chain 'binance-smart-chain' -- sinyal terkuat, berarti token yang sama persis on-chain.",Y
99,Vertcoin,VTC,vertcoin,Vertcoin,1406,False,symbol,1,Unique ticker symbol ('VTC' cuma 1 listing di CoinGecko),No,Simbol 'VTC' unik di CoinGecko (tidak ada listing lain yang bentrok).,Y
8827,Boson Protocol,BOSON,boson-protocol,Boson,1407,False,contract,0.56,Contract address match (chain: ethereum),No,"Alamat contract CMC cocok persis dengan listing CoinGecko di chain 'ethereum' -- sinyal terkuat, berarti token yang sama persis on-chain.",Y
16360,Gearbox Protocol,GEAR,gearbox,Gearbox,1408,False,contract,0.64,Contract address match (chain: ethereum),No,"Alamat contract CMC cocok persis dengan listing CoinGecko di chain 'ethereum' -- sinyal terkuat, berarti token yang sama persis on-chain.",Y
33081,XBorg,XBG,xborg,XBorg,1409,False,contract,1,Contract address match (chain: ethereum),No,"Alamat contract CMC cocok persis dengan listing CoinGecko di chain 'ethereum' -- sinyal terkuat, berarti token yang sama persis on-chain.",Y
21639,Djed,DJED,djed,Djed,1410,False,contract,1,Contract address match (chain: cardano),No,"Alamat contract CMC cocok persis dengan listing CoinGecko di chain 'cardano' -- sinyal terkuat, berarti token yang sama persis on-chain.",Y
34348,EarthMeta,EMT,earthmeta-2,EarthMeta,1411,False,contract,1,Contract address match (chain: ethereum),No,"Alamat contract CMC cocok persis dengan listing CoinGecko di chain 'ethereum' -- sinyal terkuat, berarti token yang sama persis on-chain.",Y
3768,PIBBLE,PIB,pibble,Pibble,1412,False,contract,1,Contract address match (chain: ethereum),No,"Alamat contract CMC cocok persis dengan listing CoinGecko di chain 'ethereum' -- sinyal terkuat, berarti token yang sama persis on-chain.",Y
29241,GmeStop,GME,gme,GME,1413,False,contract,0.6,Contract address match (chain: solana),No,"Alamat contract CMC cocok persis dengan listing CoinGecko di chain 'solana' -- sinyal terkuat, berarti token yang sama persis on-chain.",Y
16399,Coreum,COREUM,coreum,Coreum [OLD],1414,False,symbol,0.8,Unique ticker symbol ('COREUM' cuma 1 listing di CoinGecko),No,Simbol 'COREUM' unik di CoinGecko (tidak ada listing lain yang bentrok).,Y
5328,WOM Protocol,WOM,wombat-exchange,Wombat Exchange,1415,False,symbol,0.4,Unique ticker symbol ('WOM' cuma 1 listing di CoinGecko),Yes,"Simbol 'WOM' unik di CoinGecko (tidak ada listing lain yang bentrok). TAPI tidak ada validasi silang lain (bukan contract/sosial), dan nama kurang mirip (similarity=0.40) -- tolong dicek manual apakah proyeknya benar sama.",N
7046,Aavegotchi,GHST,aavegotchi,Aavegotchi,1416,False,contract,1,Contract address match (chain: ethereum),No,"Alamat contract CMC cocok persis dengan listing CoinGecko di chain 'ethereum' -- sinyal terkuat, berarti token yang sama persis on-chain.",Y
39700,Bitmine Tokenised Stock (xStock),BMNRx,bitmine-xstock,Bitmine xStock,1417,False,contract,0.65,Contract address match (chain: solana),No,"Alamat contract CMC cocok persis dengan listing CoinGecko di chain 'solana' -- sinyal terkuat, berarti token yang sama persis on-chain.",Y
36957,CESS Network,CESS,cumulus-encrypted-storage-system,CESS Network,1418,False,contract,1,Contract address match (chain: binance-smart-chain),No,"Alamat contract CMC cocok persis dengan listing CoinGecko di chain 'binance-smart-chain' -- sinyal terkuat, berarti token yang sama persis on-chain.",Y
39254,IREN Tokenized Stock (Ondo),IRENon,iren-ondo-tokenized-stock,IREN (Ondo Tokenized Stock),1419,False,contract,0.82,Contract address match (chain: ethereum),No,"Alamat contract CMC cocok persis dengan listing CoinGecko di chain 'ethereum' -- sinyal terkuat, berarti token yang sama persis on-chain.",Y
19214,VitaDAO,VITA,vitadao,VitaDAO,1420,False,contract,1,Contract address match (chain: ethereum),No,"Alamat contract CMC cocok persis dengan listing CoinGecko di chain 'ethereum' -- sinyal terkuat, berarti token yang sama persis on-chain.",Y
35943,Pundi AI,PUNDIAI,pundi-aifx,Pundi AI,1421,False,contract,1,Contract address match (chain: ethereum),No,"Alamat contract CMC cocok persis dengan listing CoinGecko di chain 'ethereum' -- sinyal terkuat, berarti token yang sama persis on-chain.",Y
37678,World3,WAI,world3,World3,1422,False,contract,1,Contract address match (chain: binance-smart-chain),No,"Alamat contract CMC cocok persis dengan listing CoinGecko di chain 'binance-smart-chain' -- sinyal terkuat, berarti token yang sama persis on-chain.",Y
14371,Inflation Hedging Coin,IHC,inflation-hedging-coin,Inflation Hedging Coin,1423,False,contract,1,Contract address match (chain: binance-smart-chain),No,"Alamat contract CMC cocok persis dengan listing CoinGecko di chain 'binance-smart-chain' -- sinyal terkuat, berarti token yang sama persis on-chain.",Y
33188,Major,MAJOR,major-frog,Major Frog,1424,False,symbol_by_market_cap,0.71,Ambiguous symbol -> market cap dominance (rasio runner-up tanpa data market cap vs runner-up),Yes,"Simbol 'MAJOR' dipakai >1 listing di CoinGecko (kemungkinan wrapped/bridged/tiruan). Dipilih yang market cap-nya dominan (runner-up tanpa data market cap). Ini heuristik, bukan validasi identitas -- mohon dicek manual project-nya benar 'Major'.",N
31173,Ski Mask Dog,SKI,ski-mask-dog,Ski Mask Dog,1425,False,contract,1,Contract address match (chain: base),No,"Alamat contract CMC cocok persis dengan listing CoinGecko di chain 'base' -- sinyal terkuat, berarti token yang sama persis on-chain.",Y
38050,ASML Holding NV Tokenized Stock (Ondo),ASMLon,asml-holding-nv-ondo-tokenized-stock,ASML Holding NV (Ondo Tokenized Stock),1426,False,contract,0.87,Contract address match (chain: ethereum),No,"Alamat contract CMC cocok persis dengan listing CoinGecko di chain 'ethereum' -- sinyal terkuat, berarti token yang sama persis on-chain.",Y
34456,Ready Cards,READY,ready,Ready Cards,1427,False,contract,1,Contract address match (chain: solana),No,"Alamat contract CMC cocok persis dengan listing CoinGecko di chain 'solana' -- sinyal terkuat, berarti token yang sama persis on-chain.",Y
40882,Oracle Tokenized bStocks,ORCLB,oracle-bstocks-tokenized-stock,Oracle (bStocks Tokenized Stock),1428,True,contract,0.82,Contract address match (chain: binance-smart-chain),No,"Alamat contract CMC cocok persis dengan listing CoinGecko di chain 'binance-smart-chain' -- sinyal terkuat, berarti token yang sama persis on-chain.",Y
6180,Suku,SUKU,suku,SUKU,1429,False,contract,1,Contract address match (chain: ethereum),No,"Alamat contract CMC cocok persis dengan listing CoinGecko di chain 'ethereum' -- sinyal terkuat, berarti token yang sama persis on-chain.",Y
16185,Dingocoin,DINGO,dingocoin,Dingocoin,1430,False,symbol,1,Unique ticker symbol ('DINGO' cuma 1 listing di CoinGecko),No,Simbol 'DINGO' unik di CoinGecko (tidak ada listing lain yang bentrok).,Y
30177,LinqAI,LNQ,linqai,LinqAI,1431,False,contract,1,Contract address match (chain: ethereum),No,"Alamat contract CMC cocok persis dengan listing CoinGecko di chain 'ethereum' -- sinyal terkuat, berarti token yang sama persis on-chain.",Y
38073,Palantir Technologies Tokenized Stock (Ondo),PLTRon,palantir-technologies-ondo-tokenized-stock,Palantir Technologies (Ondo Tokenized Stock),1432,False,contract,0.89,Contract address match (chain: ethereum),No,"Alamat contract CMC cocok persis dengan listing CoinGecko di chain 'ethereum' -- sinyal terkuat, berarti token yang sama persis on-chain.",Y
16868,Shadow Token,SHDW,genesysgo-shadow,Shadow Token,1433,False,contract,1,Contract address match (chain: solana),No,"Alamat contract CMC cocok persis dengan listing CoinGecko di chain 'solana' -- sinyal terkuat, berarti token yang sama persis on-chain.",Y
33320,Pups (Bitcoin),PUPS,rune-pups,Pups (Bitcoin),1434,False,symbol,1,Unique ticker symbol ('PUPS' cuma 1 listing di CoinGecko),No,Simbol 'PUPS' unik di CoinGecko (tidak ada listing lain yang bentrok).,Y
11232,Highstreet,HIGH,highstreet,Highstreet,1435,False,contract,1,Contract address match (chain: ethereum),No,"Alamat contract CMC cocok persis dengan listing CoinGecko di chain 'ethereum' -- sinyal terkuat, berarti token yang sama persis on-chain.",Y
23326,Giant Mammoth,GMMT,giant-mammoth,Giant Mammoth,1436,False,symbol,1,Unique ticker symbol ('GMMT' cuma 1 listing di CoinGecko),No,Simbol 'GMMT' unik di CoinGecko (tidak ada listing lain yang bentrok).,Y
1680,Aragon,ANT,aragon,Aragon,1437,False,contract,1,Contract address match (chain: ethereum),No,"Alamat contract CMC cocok persis dengan listing CoinGecko di chain 'ethereum' -- sinyal terkuat, berarti token yang sama persis on-chain.",Y
11222,Nine Chronicles,WNCG,wrapped-ncg,Wrapped NCG,1438,False,contract,0.17,Contract address match (chain: ethereum),Yes,"Alamat contract CMC cocok persis dengan listing CoinGecko di chain 'ethereum' -- sinyal terkuat, berarti token yang sama persis on-chain. Nama CMC ('Nine Chronicles') vs CoinGecko ('Wrapped NCG') sangat berbeda (similarity=0.17) walau tier-nya biasanya kuat -- janggal, tolong dicek manual (potensi bug mapping chain/simbol).",N
23015,Neon EVM,NEON,neon,Neon,1439,False,contract,0.73,Contract address match (chain: solana),No,"Alamat contract CMC cocok persis dengan listing CoinGecko di chain 'solana' -- sinyal terkuat, berarti token yang sama persis on-chain.",Y
36317,Minutes Network Token,MNTX,minutes-network-token,Minutes Network Token,1440,False,contract,1,Contract address match (chain: ethereum),No,"Alamat contract CMC cocok persis dengan listing CoinGecko di chain 'ethereum' -- sinyal terkuat, berarti token yang sama persis on-chain.",Y
40849,Rocket Lab Tokenized bStocks,RKLBB,rocket-lab-bstocks-tokenized-stock,Rocket Lab (bStocks Tokenized Stock),1441,True,contract,0.84,Contract address match (chain: binance-smart-chain),No,"Alamat contract CMC cocok persis dengan listing CoinGecko di chain 'binance-smart-chain' -- sinyal terkuat, berarti token yang sama persis on-chain.",Y
38854,VOOI,VOOI,vooi,VOOI,1442,False,contract,1,Contract address match (chain: ethereum),No,"Alamat contract CMC cocok persis dengan listing CoinGecko di chain 'ethereum' -- sinyal terkuat, berarti token yang sama persis on-chain.",Y
34835,tao.bot,TAOBOT,tao-bot,tao.bot,1443,False,contract,1,Contract address match (chain: ethereum),No,"Alamat contract CMC cocok persis dengan listing CoinGecko di chain 'ethereum' -- sinyal terkuat, berarti token yang sama persis on-chain.",Y
18734,Ancient8,A8,ancient8,Ancient8,1444,False,contract,1,Contract address match (chain: ethereum),No,"Alamat contract CMC cocok persis dengan listing CoinGecko di chain 'ethereum' -- sinyal terkuat, berarti token yang sama persis on-chain.",Y
2539,Ren,REN,republic-protocol,Ren,1445,False,contract,1,Contract address match (chain: ethereum),No,"Alamat contract CMC cocok persis dengan listing CoinGecko di chain 'ethereum' -- sinyal terkuat, berarti token yang sama persis on-chain.",Y
36560,Yee Token,YEE,yee-token,Yee Token,1446,False,contract,1,Contract address match (chain: ethereum),No,"Alamat contract CMC cocok persis dengan listing CoinGecko di chain 'ethereum' -- sinyal terkuat, berarti token yang sama persis on-chain.",Y
36939,AIVille Governance Token,AIV,aiville-governance-token,AIVille Governance Token,1447,False,contract,1,Contract address match (chain: binance-smart-chain),No,"Alamat contract CMC cocok persis dengan listing CoinGecko di chain 'binance-smart-chain' -- sinyal terkuat, berarti token yang sama persis on-chain.",Y
32074,FEED EVERY GORILLA,FEG,feg-token-2,FEED EVERY GORILLA,1448,False,contract,1,Contract address match (chain: binance-smart-chain),No,"Alamat contract CMC cocok persis dengan listing CoinGecko di chain 'binance-smart-chain' -- sinyal terkuat, berarti token yang sama persis on-chain.",Y
39214,ZenChain,ZTC,zenchain-2,ZenChain,1449,False,symbol,1,Unique ticker symbol ('ZTC' cuma 1 listing di CoinGecko),No,Simbol 'ZTC' unik di CoinGecko (tidak ada listing lain yang bentrok).,Y
37671,OpenAI tokenized stock (PreStocks),OPENAI,openai-prestocks-2,OpenAI PreStocks,1450,False,contract,0.68,Contract address match (chain: solana),No,"Alamat contract CMC cocok persis dengan listing CoinGecko di chain 'solana' -- sinyal terkuat, berarti token yang sama persis on-chain.",Y
36866,League of Traders,LOT,league-of-traders,League of Traders,1451,False,contract,1,Contract address match (chain: binance-smart-chain),No,"Alamat contract CMC cocok persis dengan listing CoinGecko di chain 'binance-smart-chain' -- sinyal terkuat, berarti token yang sama persis on-chain.",Y
40651,Coinbase Tokenized Stock (Reality),rCOIN,coinbase-rstock,Coinbase rStock,1452,False,contract,0.6,Contract address match (chain: arbitrum-one),No,"Alamat contract CMC cocok persis dengan listing CoinGecko di chain 'arbitrum-one' -- sinyal terkuat, berarti token yang sama persis on-chain.",Y
36710,Kori The Pom,KORI,kori,Kori,1453,False,contract,0.57,Contract address match (chain: solana),No,"Alamat contract CMC cocok persis dengan listing CoinGecko di chain 'solana' -- sinyal terkuat, berarti token yang sama persis on-chain.",Y
38084,iShares Core S&P MidCap Tokenized ETF (Ondo),IJHon,ishares-core-s-p-midcap-etf-ondo-tokenized-etf,iShares Core S&P MidCap ETF (Ondo Tokenized ETF),1454,False,contract,0.85,Contract address match (chain: ethereum),No,"Alamat contract CMC cocok persis dengan listing CoinGecko di chain 'ethereum' -- sinyal terkuat, berarti token yang sama persis on-chain.",Y
40704,GameStop Tokenized Stock (Robinhood),GME,gamestop-robinhood-tokenized-stock,GameStop • Robinhood Token,1455,False,symbol_by_social_match,0.64,Ambiguous symbol -> social-link match (website),Yes,Simbol ambigu & market cap tidak cukup dominan untuk membedakan; dicocokkan lewat website CMC vs CoinGecko. Tier paling lemah dari 5 tier -- mohon dicek manual link sosialnya masih benar & aktif.,N
7150,Flamingo,FLM,flamingo-finance,Flamingo Finance,1456,False,symbol,0.7,Unique ticker symbol ('FLM' cuma 1 listing di CoinGecko),No,Simbol 'FLM' unik di CoinGecko (tidak ada listing lain yang bentrok).,Y
35609,Pain (paintoken.com),PAIN,pain,Pain,1457,False,contract,0.4,Contract address match (chain: solana),No,"Alamat contract CMC cocok persis dengan listing CoinGecko di chain 'solana' -- sinyal terkuat, berarti token yang sama persis on-chain.",Y
10933,Impossible Finance Launchpad,IDIA,idia,Impossible Finance Launchpad,1458,False,symbol,1,Unique ticker symbol ('IDIA' cuma 1 listing di CoinGecko),No,Simbol 'IDIA' unik di CoinGecko (tidak ada listing lain yang bentrok).,Y
30750,SolCex,SOLCEX,solcex,SolCex,1459,False,contract,1,Contract address match (chain: solana),No,"Alamat contract CMC cocok persis dengan listing CoinGecko di chain 'solana' -- sinyal terkuat, berarti token yang sama persis on-chain.",Y
40695,Microsoft Tokenized Stock (Robinhood),MSFT,microsoft-robinhood-tokenized-stock,Microsoft • Robinhood Token,1460,False,symbol_by_market_cap,0.65,Ambiguous symbol -> market cap dominance (rasio 27.8x vs runner-up),Yes,"Simbol 'MSFT' dipakai >1 listing di CoinGecko (kemungkinan wrapped/bridged/tiruan). Dipilih yang market cap-nya dominan (27.8x). Ini heuristik, bukan validasi identitas -- mohon dicek manual project-nya benar 'Microsoft Tokenized Stock (Robinhood)'.",N
34807,Odos,ODOS,odos,Odos,1461,False,contract,1,Contract address match (chain: base),No,"Alamat contract CMC cocok persis dengan listing CoinGecko di chain 'base' -- sinyal terkuat, berarti token yang sama persis on-chain.",Y
38118,DaGama World,DGMA,dagama-world,DaGama World,1462,False,contract,1,Contract address match (chain: ethereum),No,"Alamat contract CMC cocok persis dengan listing CoinGecko di chain 'ethereum' -- sinyal terkuat, berarti token yang sama persis on-chain.",Y
39897,ALTSEASON,ALTSZN,altseason,ALTSEASON,1463,False,contract,1,Contract address match (chain: solana),No,"Alamat contract CMC cocok persis dengan listing CoinGecko di chain 'solana' -- sinyal terkuat, berarti token yang sama persis on-chain.",Y
38061,Palo Alto Networks Tokenized Stock (Ondo),PANWon,palo-alto-networks-ondo-tokenized-stock,Palo Alto Networks (Ondo Tokenized Stock),1464,False,contract,0.88,Contract address match (chain: ethereum),No,"Alamat contract CMC cocok persis dengan listing CoinGecko di chain 'ethereum' -- sinyal terkuat, berarti token yang sama persis on-chain.",Y
36849,Unstable Coin (usduc.io),USDUC,unstable-coin,Unstable Coin,1465,False,contract,0.77,Contract address match (chain: ethereum),No,"Alamat contract CMC cocok persis dengan listing CoinGecko di chain 'ethereum' -- sinyal terkuat, berarti token yang sama persis on-chain.",Y
38647,Sport.Fun,FUN,football-fun,Sport.fun,1466,False,contract,1,Contract address match (chain: solana),No,"Alamat contract CMC cocok persis dengan listing CoinGecko di chain 'solana' -- sinyal terkuat, berarti token yang sama persis on-chain.",Y
25963,BlackFort Exchange Network,BXN,bxn,BXN,1467,False,symbol,0.22,Unique ticker symbol ('BXN' cuma 1 listing di CoinGecko),Yes,"Simbol 'BXN' unik di CoinGecko (tidak ada listing lain yang bentrok). TAPI tidak ada validasi silang lain (bukan contract/sosial), dan nama kurang mirip (similarity=0.22) -- tolong dicek manual apakah proyeknya benar sama.",N
37482,DORA,DORA,dora-2,DORA,1468,False,contract,1,Contract address match (chain: binance-smart-chain),No,"Alamat contract CMC cocok persis dengan listing CoinGecko di chain 'binance-smart-chain' -- sinyal terkuat, berarti token yang sama persis on-chain.",Y
40606,Invesco QQQ Tokenized Stock (Reality),rQQQ,invesco-qqq-rstock,Invesco QQQ rStock,1469,False,contract,0.64,Contract address match (chain: arbitrum-one),No,"Alamat contract CMC cocok persis dengan listing CoinGecko di chain 'arbitrum-one' -- sinyal terkuat, berarti token yang sama persis on-chain.",Y
40589,Microsoft Tokenized bStocks,MSFTB,microsoft-bstocks-tokenized-stock,Microsoft (bStocks Tokenized Stock),1470,True,contract,0.84,Contract address match (chain: binance-smart-chain),No,"Alamat contract CMC cocok persis dengan listing CoinGecko di chain 'binance-smart-chain' -- sinyal terkuat, berarti token yang sama persis on-chain.",Y
10165,PornRocket,PORNROCKET,pornrocket,PornRocket,1471,False,contract,1,Contract address match (chain: binance-smart-chain),No,"Alamat contract CMC cocok persis dengan listing CoinGecko di chain 'binance-smart-chain' -- sinyal terkuat, berarti token yang sama persis on-chain.",Y
40612,Oklo Tokenized Stock (Reality),rOKLO,oklo-inc-rstock,Oklo Inc rStock,1472,False,contract,0.53,Contract address match (chain: arbitrum-one),No,"Alamat contract CMC cocok persis dengan listing CoinGecko di chain 'arbitrum-one' -- sinyal terkuat, berarti token yang sama persis on-chain.",Y
39250,United States Oil Tokenized Fund (Ondo),USOon,united-states-oil-fund-ondo-tokenized,United States Oil Fund (Ondo Tokenized),1473,False,contract,0.75,Contract address match (chain: ethereum),No,"Alamat contract CMC cocok persis dengan listing CoinGecko di chain 'ethereum' -- sinyal terkuat, berarti token yang sama persis on-chain.",Y
38070,Cisco Systems Tokenized Stock (Ondo),CSCOon,cisco-systems-ondo-tokenized-stock,Cisco Systems (Ondo Tokenized Stock),1474,False,contract,0.87,Contract address match (chain: ethereum),No,"Alamat contract CMC cocok persis dengan listing CoinGecko di chain 'ethereum' -- sinyal terkuat, berarti token yang sama persis on-chain.",Y
38082,JPMorgan Chase Tokenized Stock (Ondo),JPMon,jpmorgan-chase-ondo-tokenized-stock,JPMorgan Chase (Ondo Tokenized Stock),1475,False,contract,0.87,Contract address match (chain: ethereum),No,"Alamat contract CMC cocok persis dengan listing CoinGecko di chain 'ethereum' -- sinyal terkuat, berarti token yang sama persis on-chain.",Y
40812,Arrow Finance,ARROW,arrow-2,Arrow,1476,False,symbol_by_market_cap,0.59,Ambiguous symbol -> market cap dominance (rasio 52.1x vs runner-up),Yes,"Simbol 'ARROW' dipakai >1 listing di CoinGecko (kemungkinan wrapped/bridged/tiruan). Dipilih yang market cap-nya dominan (52.1x). Ini heuristik, bukan validasi identitas -- mohon dicek manual project-nya benar 'Arrow Finance'.",N
8044,Adappter Token,ADP,adappter-token,Adappter,1477,False,contract,0.76,Contract address match (chain: ethereum),No,"Alamat contract CMC cocok persis dengan listing CoinGecko di chain 'ethereum' -- sinyal terkuat, berarti token yang sama persis on-chain.",Y
35392,Not Pixel,PX,not-pixel,Not Pixel,1478,False,symbol_by_market_cap,1,Ambiguous symbol -> market cap dominance (rasio runner-up tanpa data market cap vs runner-up),Yes,"Simbol 'PX' dipakai >1 listing di CoinGecko (kemungkinan wrapped/bridged/tiruan). Dipilih yang market cap-nya dominan (runner-up tanpa data market cap). Ini heuristik, bukan validasi identitas -- mohon dicek manual project-nya benar 'Not Pixel'.",N
38042,Chevron Tokenized Stock (Ondo),CVXon,chevron-ondo-tokenized-stock,Chevron (Ondo Tokenized Stock),1479,False,contract,0.84,Contract address match (chain: ethereum),No,"Alamat contract CMC cocok persis dengan listing CoinGecko di chain 'ethereum' -- sinyal terkuat, berarti token yang sama persis on-chain.",Y
10332,Stonks,STNK,stonks-4,Stonks,1480,False,contract,1,Contract address match (chain: solana),No,"Alamat contract CMC cocok persis dengan listing CoinGecko di chain 'solana' -- sinyal terkuat, berarti token yang sama persis on-chain.",Y
5604,Secret,SCRT,secret,Secret,1481,False,symbol,1,Unique ticker symbol ('SCRT' cuma 1 listing di CoinGecko),No,Simbol 'SCRT' unik di CoinGecko (tidak ada listing lain yang bentrok).,Y
10778,Metahero,HERO,metahero,Metahero,1482,False,contract,1,Contract address match (chain: binance-smart-chain),No,"Alamat contract CMC cocok persis dengan listing CoinGecko di chain 'binance-smart-chain' -- sinyal terkuat, berarti token yang sama persis on-chain.",Y
11213,Star Atlas DAO,POLIS,star-atlas-dao,Star Atlas DAO,1483,False,contract,1,Contract address match (chain: solana),No,"Alamat contract CMC cocok persis dengan listing CoinGecko di chain 'solana' -- sinyal terkuat, berarti token yang sama persis on-chain.",Y
23799,ROA CORE,ROA,roaland-core,ROACORE,1484,False,contract,1,Contract address match (chain: solana),No,"Alamat contract CMC cocok persis dengan listing CoinGecko di chain 'solana' -- sinyal terkuat, berarti token yang sama persis on-chain.",Y
35669,Central African Republic Meme,CAR,central-african-republic-meme,Central African Republic Meme,1485,False,contract,1,Contract address match (chain: solana),No,"Alamat contract CMC cocok persis dengan listing CoinGecko di chain 'solana' -- sinyal terkuat, berarti token yang sama persis on-chain.",Y
37665,XMAQUINA,DEUS,xmaquina,XMAQUINA,1487,False,contract,1,Contract address match (chain: base),No,"Alamat contract CMC cocok persis dengan listing CoinGecko di chain 'base' -- sinyal terkuat, berarti token yang sama persis on-chain.",Y
1993,Kin,KIN,kin,Kin,1488,False,contract,1,Contract address match (chain: solana),No,"Alamat contract CMC cocok persis dengan listing CoinGecko di chain 'solana' -- sinyal terkuat, berarti token yang sama persis on-chain.",Y
3663,Footballcoin (XFC),XFC,football-coin,Football Coin,1489,False,symbol,0.89,Unique ticker symbol ('XFC' cuma 1 listing di CoinGecko),No,Simbol 'XFC' unik di CoinGecko (tidak ada listing lain yang bentrok).,Y
31171,Book of Ethereum,BOOE,book-of-ethereum,Book of Ethereum,1490,False,contract,1,Contract address match (chain: ethereum),No,"Alamat contract CMC cocok persis dengan listing CoinGecko di chain 'ethereum' -- sinyal terkuat, berarti token yang sama persis on-chain.",Y
40607,TSMC Tokenized Stock (Reality),rTSM,taiwan-semiconductor-rstock,Taiwan Semiconductor rStock,1491,False,contract,0.44,Contract address match (chain: arbitrum-one),No,"Alamat contract CMC cocok persis dengan listing CoinGecko di chain 'arbitrum-one' -- sinyal terkuat, berarti token yang sama persis on-chain.",Y
5358,IBStoken,IBS,ibs-2,IBS,1492,False,symbol_by_market_cap,0.55,Ambiguous symbol -> market cap dominance (rasio runner-up tanpa data market cap vs runner-up),Yes,"Simbol 'IBS' dipakai >1 listing di CoinGecko (kemungkinan wrapped/bridged/tiruan). Dipilih yang market cap-nya dominan (runner-up tanpa data market cap). Ini heuristik, bukan validasi identitas -- mohon dicek manual project-nya benar 'IBStoken'.",N
40909,Ket (ketonsolana.com),KET,ket,Ket,1493,False,symbol_by_market_cap,0.3,Ambiguous symbol -> market cap dominance (rasio 128.6x vs runner-up),Yes,"Simbol 'KET' dipakai >1 listing di CoinGecko (kemungkinan wrapped/bridged/tiruan). Dipilih yang market cap-nya dominan (128.6x). Ini heuristik, bukan validasi identitas -- mohon dicek manual project-nya benar 'Ket (ketonsolana.com)'. Nama CMC ('Ket (ketonsolana.com)') vs CoinGecko ('Ket') sangat berbeda (similarity=0.30) walau tier-nya biasanya kuat -- janggal, tolong dicek manual (potensi bug mapping chain/simbol).",N
28975,Wexo,WEXO,wexo,Wexo,1494,False,contract,1,Contract address match (chain: ethereum),No,"Alamat contract CMC cocok persis dengan listing CoinGecko di chain 'ethereum' -- sinyal terkuat, berarti token yang sama persis on-chain.",Y
38436,zkVerify,VFY,zkverify,zkVerify,1495,False,contract,1,Contract address match (chain: base),No,"Alamat contract CMC cocok persis dengan listing CoinGecko di chain 'base' -- sinyal terkuat, berarti token yang sama persis on-chain.",Y
40933,Bloom Energy Tokenized bStocks,BEB,bloom-energy-bstocks-tokenized-stock,Bloom Energy (bStocks Tokenized Stock),1496,True,contract,0.85,Contract address match (chain: binance-smart-chain),No,"Alamat contract CMC cocok persis dengan listing CoinGecko di chain 'binance-smart-chain' -- sinyal terkuat, berarti token yang sama persis on-chain.",Y
41886,Good In The Hood (goodcoin.io),GOOD,good-in-the-hood,Good In The Hood,1497,False,symbol_by_market_cap,0.72,Ambiguous symbol -> market cap dominance (rasio 27.8x vs runner-up),Yes,"Simbol 'GOOD' dipakai >1 listing di CoinGecko (kemungkinan wrapped/bridged/tiruan). Dipilih yang market cap-nya dominan (27.8x). Ini heuristik, bukan validasi identitas -- mohon dicek manual project-nya benar 'Good In The Hood (goodcoin.io)'.",N
20117,Minima,MINIMA,minima,Minima,1498,False,symbol,1,Unique ticker symbol ('MINIMA' cuma 1 listing di CoinGecko),No,Simbol 'MINIMA' unik di CoinGecko (tidak ada listing lain yang bentrok).,Y
28567,PaLM AI,PALM,palm-ai,PaLM AI,1499,False,contract,1,Contract address match (chain: ethereum),No,"Alamat contract CMC cocok persis dengan listing CoinGecko di chain 'ethereum' -- sinyal terkuat, berarti token yang sama persis on-chain.",Y
38096,Procter & Gamble Tokenized Stock (Ondo),PGon,procter-gamble-ondo-tokenized-stock,Procter & Gamble (Ondo Tokenized Stock),1501,False,contract,0.87,Contract address match (chain: ethereum),No,"Alamat contract CMC cocok persis dengan listing CoinGecko di chain 'ethereum' -- sinyal terkuat, berarti token yang sama persis on-chain.",Y
5925,Pkoin,PKOIN,pocketcoin,Pocketcoin,1502,False,symbol,0.67,Unique ticker symbol ('PKOIN' cuma 1 listing di CoinGecko),No,Simbol 'PKOIN' unik di CoinGecko (tidak ada listing lain yang bentrok).,Y
38076,Alibaba Tokenized Stock (Ondo),BABAon,alibaba-ondo-tokenized-stock,Alibaba (Ondo Tokenized Stock),1503,False,contract,0.84,Contract address match (chain: ethereum),No,"Alamat contract CMC cocok persis dengan listing CoinGecko di chain 'ethereum' -- sinyal terkuat, berarti token yang sama persis on-chain.",Y
2410,SpaceChain,SPC,spacechain-erc-20,SpaceChain (ERC-20),1504,False,contract,0.8,Contract address match (chain: ethereum),No,"Alamat contract CMC cocok persis dengan listing CoinGecko di chain 'ethereum' -- sinyal terkuat, berarti token yang sama persis on-chain.",Y
12859,DogeBonk,DOBO,dogebonk,DogeBonk,1505,False,contract,1,Contract address match (chain: binance-smart-chain),No,"Alamat contract CMC cocok persis dengan listing CoinGecko di chain 'binance-smart-chain' -- sinyal terkuat, berarti token yang sama persis on-chain.",Y
20315,LeisureMeta,LM,leisuremeta,LeisureMeta,1506,False,contract,1,Contract address match (chain: ethereum),No,"Alamat contract CMC cocok persis dengan listing CoinGecko di chain 'ethereum' -- sinyal terkuat, berarti token yang sama persis on-chain.",Y
5821,Aleph Cloud,ALEPH,aleph,Aleph Cloud,1507,False,contract,1,Contract address match (chain: ethereum),No,"Alamat contract CMC cocok persis dengan listing CoinGecko di chain 'ethereum' -- sinyal terkuat, berarti token yang sama persis on-chain.",Y
16430,Tectonic,TONIC,tectonic,Tectonic,1508,False,contract,1,Contract address match (chain: cronos),No,"Alamat contract CMC cocok persis dengan listing CoinGecko di chain 'cronos' -- sinyal terkuat, berarti token yang sama persis on-chain.",Y
36178,Cointel,COLS,cointel,Cointel,1509,False,contract,1,Contract address match (chain: avalanche),No,"Alamat contract CMC cocok persis dengan listing CoinGecko di chain 'avalanche' -- sinyal terkuat, berarti token yang sama persis on-chain.",Y
17917,RSS3,RSS3,rss3,RSS3,1510,False,contract,1,Contract address match (chain: ethereum),No,"Alamat contract CMC cocok persis dengan listing CoinGecko di chain 'ethereum' -- sinyal terkuat, berarti token yang sama persis on-chain.",Y
40792,Qualcomm Tokenized bStocks,QCOMB,qualcomm-bstocks-tokenized-stock,Qualcomm (bStocks Tokenized Stock),1511,True,contract,0.83,Contract address match (chain: binance-smart-chain),No,"Alamat contract CMC cocok persis dengan listing CoinGecko di chain 'binance-smart-chain' -- sinyal terkuat, berarti token yang sama persis on-chain.",Y
8384,CLV,CLV,clover-finance,Clover Finance,1512,False,contract,0.38,Contract address match (chain: ethereum),No,"Alamat contract CMC cocok persis dengan listing CoinGecko di chain 'ethereum' -- sinyal terkuat, berarti token yang sama persis on-chain.",Y
38492,Real,REAL,real-4,Real,1513,False,contract,1,Contract address match (chain: solana),No,"Alamat contract CMC cocok persis dengan listing CoinGecko di chain 'solana' -- sinyal terkuat, berarti token yang sama persis on-chain.",Y
37062,Palantir tokenized stock (xStock),PLTRX,palantir-xstock,Palantir xStock,1514,False,contract,0.67,Contract address match (chain: solana),No,"Alamat contract CMC cocok persis dengan listing CoinGecko di chain 'solana' -- sinyal terkuat, berarti token yang sama persis on-chain.",Y
32035,My Lovely Planet,MLC,my-lovely-coin,My Lovely Coin,1515,False,symbol,0.69,Unique ticker symbol ('MLC' cuma 1 listing di CoinGecko),No,Simbol 'MLC' unik di CoinGecko (tidak ada listing lain yang bentrok).,Y
40884,ProShares UltraPro QQQ Tokenized bStocks,TQQQB,proshares-ultrapro-qqq-bstocks-tokenized-stock,ProShares UltraPro QQQ (bStocks Tokenized Stock),1516,True,contract,0.88,Contract address match (chain: binance-smart-chain),No,"Alamat contract CMC cocok persis dengan listing CoinGecko di chain 'binance-smart-chain' -- sinyal terkuat, berarti token yang sama persis on-chain.",Y
2324,BigONE Token,ONE,one,One,1517,False,contract,0.43,Contract address match (chain: ethereum),No,"Alamat contract CMC cocok persis dengan listing CoinGecko di chain 'ethereum' -- sinyal terkuat, berarti token yang sama persis on-chain.",Y
28385,Propbase,PROPS,propbase,Propbase,1518,False,contract,1,Contract address match (chain: ethereum),No,"Alamat contract CMC cocok persis dengan listing CoinGecko di chain 'ethereum' -- sinyal terkuat, berarti token yang sama persis on-chain.",Y
32717,SUNDOG,SUNDOG,sundog,Sundog,1519,False,contract,1,Contract address match (chain: tron),No,"Alamat contract CMC cocok persis dengan listing CoinGecko di chain 'tron' -- sinyal terkuat, berarti token yang sama persis on-chain.",Y
40851,Arm Tokenized bStocks,ARMB,arm-bstocks-tokenized-stock,Arm (bStocks Tokenized Stock),1520,True,contract,0.79,Contract address match (chain: binance-smart-chain),No,"Alamat contract CMC cocok persis dengan listing CoinGecko di chain 'binance-smart-chain' -- sinyal terkuat, berarti token yang sama persis on-chain.",Y
11796,Inter Milan Fan Token,INTER,inter-milan-fan-token,Inter Milan Fan Token,1521,False,contract,1,Contract address match (chain: solana),No,"Alamat contract CMC cocok persis dengan listing CoinGecko di chain 'solana' -- sinyal terkuat, berarti token yang sama persis on-chain.",Y
38204,Mitosis,MITO,mitosis,Mitosis,1522,True,contract,1,Contract address match (chain: binance-smart-chain),No,"Alamat contract CMC cocok persis dengan listing CoinGecko di chain 'binance-smart-chain' -- sinyal terkuat, berarti token yang sama persis on-chain.",Y
40722,Coinbase Tokenized Stock (Robinhood),COIN,coinbase-robinhood-tokenized-stock,Coinbase • Robinhood Token,1523,False,symbol_by_social_match,0.64,Ambiguous symbol -> social-link match (website),Yes,Simbol ambigu & market cap tidak cukup dominan untuk membedakan; dicocokkan lewat website CMC vs CoinGecko. Tier paling lemah dari 5 tier -- mohon dicek manual link sosialnya masih benar & aktif.,N
40791,Cerebras Tokenized bStocks,CBRSB,cerebras-bstocks-tokenized-stock,Cerebras (bStocks Tokenized Stock),1524,True,contract,0.83,Contract address match (chain: binance-smart-chain),No,"Alamat contract CMC cocok persis dengan listing CoinGecko di chain 'binance-smart-chain' -- sinyal terkuat, berarti token yang sama persis on-chain.",Y
38018,IBM Tokenized Stock (Ondo),IBMon,ibm-ondo-tokenized-stock,IBM (Ondo Tokenized Stock),1525,False,contract,0.81,Contract address match (chain: ethereum),No,"Alamat contract CMC cocok persis dengan listing CoinGecko di chain 'ethereum' -- sinyal terkuat, berarti token yang sama persis on-chain.",Y
31632,PeiPei (ETH),PEIPEI,peipeicoin-vip,PeiPei,1526,False,contract,0.8,Contract address match (chain: ethereum),No,"Alamat contract CMC cocok persis dengan listing CoinGecko di chain 'ethereum' -- sinyal terkuat, berarti token yang sama persis on-chain.",Y
30912,MANEKI,MANEKI,maneki,MANEKI,1527,False,contract,1,Contract address match (chain: solana),No,"Alamat contract CMC cocok persis dengan listing CoinGecko di chain 'solana' -- sinyal terkuat, berarti token yang sama persis on-chain.",Y
31248,GameStop (gamestop-coin.vip),GME,game-stop,GME (Ethereum),1528,False,contract,0.29,Contract address match (chain: ethereum),Yes,"Alamat contract CMC cocok persis dengan listing CoinGecko di chain 'ethereum' -- sinyal terkuat, berarti token yang sama persis on-chain. Nama CMC ('GameStop (gamestop-coin.vip)') vs CoinGecko ('GME (Ethereum)') sangat berbeda (similarity=0.29) walau tier-nya biasanya kuat -- janggal, tolong dicek manual (potensi bug mapping chain/simbol).",N
28067,Vara Network,VARA,vara-network,Vara Network,1529,False,symbol,1,Unique ticker symbol ('VARA' cuma 1 listing di CoinGecko),No,Simbol 'VARA' unik di CoinGecko (tidak ada listing lain yang bentrok).,Y
6679,WHALE,WHALE,whale,WHALE,1530,False,contract,1,Contract address match (chain: ethereum),No,"Alamat contract CMC cocok persis dengan listing CoinGecko di chain 'ethereum' -- sinyal terkuat, berarti token yang sama persis on-chain.",Y
8034,BioPassport Token,BIOT,biopassport,Bio Passport,1531,False,contract,0.81,Contract address match (chain: ethereum),No,"Alamat contract CMC cocok persis dengan listing CoinGecko di chain 'ethereum' -- sinyal terkuat, berarti token yang sama persis on-chain.",Y
7094,Chamber,DHT,dhedge-dao,dHEDGE DAO,1532,False,contract,0.25,Contract address match (chain: ethereum),Yes,"Alamat contract CMC cocok persis dengan listing CoinGecko di chain 'ethereum' -- sinyal terkuat, berarti token yang sama persis on-chain. Nama CMC ('Chamber') vs CoinGecko ('dHEDGE DAO') sangat berbeda (similarity=0.25) walau tier-nya biasanya kuat -- janggal, tolong dicek manual (potensi bug mapping chain/simbol).",N
8299,Stake DAO,SDT,stake-dao,Stake DAO,1533,False,contract,1,Contract address match (chain: ethereum),No,"Alamat contract CMC cocok persis dengan listing CoinGecko di chain 'ethereum' -- sinyal terkuat, berarti token yang sama persis on-chain.",Y
1154,Validity,VAL,radium,Validity,1534,False,symbol_by_social_match,1,Ambiguous symbol -> social-link match (website+twitter),Yes,Simbol ambigu & market cap tidak cukup dominan untuk membedakan; dicocokkan lewat website+twitter CMC vs CoinGecko. Tier paling lemah dari 5 tier -- mohon dicek manual link sosialnya masih benar & aktif.,N
21964,Tectum,TET,tectum,Tectum,1535,False,contract,1,Contract address match (chain: ethereum),No,"Alamat contract CMC cocok persis dengan listing CoinGecko di chain 'ethereum' -- sinyal terkuat, berarti token yang sama persis on-chain.",Y
5616,MATH,MATH,math,MATH,1536,False,contract,1,Contract address match (chain: ethereum),No,"Alamat contract CMC cocok persis dengan listing CoinGecko di chain 'ethereum' -- sinyal terkuat, berarti token yang sama persis on-chain.",Y
24225,MetFi,METFI,metfi-2,MetFi,1537,False,contract,1,Contract address match (chain: binance-smart-chain),No,"Alamat contract CMC cocok persis dengan listing CoinGecko di chain 'binance-smart-chain' -- sinyal terkuat, berarti token yang sama persis on-chain.",Y
37999,Petrobras Tokenized Stock (Ondo),PBRon,petrobras-ondo-tokenized-stock,Petrobras (Ondo Tokenized Stock),1538,False,contract,0.85,Contract address match (chain: ethereum),No,"Alamat contract CMC cocok persis dengan listing CoinGecko di chain 'ethereum' -- sinyal terkuat, berarti token yang sama persis on-chain.",Y
1521,Komodo,KMD,komodo,Komodo,1539,False,symbol,1,Unique ticker symbol ('KMD' cuma 1 listing di CoinGecko),No,Simbol 'KMD' unik di CoinGecko (tidak ada listing lain yang bentrok).,Y
7505,Everscale,EVER,everscale,Everscale,1540,False,symbol,1,Unique ticker symbol ('EVER' cuma 1 listing di CoinGecko),No,Simbol 'EVER' unik di CoinGecko (tidak ada listing lain yang bentrok).,Y
40737,United States Oil Fund Tokenized Commodity (Robinhood),USO,united-states-oil-fund-robinhood-tokenized-stock,United States Oil Fund • Robinhood Token,1541,False,symbol_by_market_cap,0.71,Ambiguous symbol -> market cap dominance (rasio 20909.1x vs runner-up),Yes,"Simbol 'USO' dipakai >1 listing di CoinGecko (kemungkinan wrapped/bridged/tiruan). Dipilih yang market cap-nya dominan (20909.1x). Ini heuristik, bukan validasi identitas -- mohon dicek manual project-nya benar 'United States Oil Fund Tokenized Commodity (Robinhood)'.",N
40689,Palantir Technologies Tokenized Stock (Robinhood),PLTR,palantir-technologies-robinhood-tokenized-stock,Palantir Technologies • Robinhood Token,1542,False,symbol_by_market_cap,0.75,Ambiguous symbol -> market cap dominance (rasio 239.0x vs runner-up),Yes,"Simbol 'PLTR' dipakai >1 listing di CoinGecko (kemungkinan wrapped/bridged/tiruan). Dipilih yang market cap-nya dominan (239.0x). Ini heuristik, bukan validasi identitas -- mohon dicek manual project-nya benar 'Palantir Technologies Tokenized Stock (Robinhood)'.",N
6187,Serum,SRM,serum,Serum,1543,False,symbol,1,Unique ticker symbol ('SRM' cuma 1 listing di CoinGecko),No,Simbol 'SRM' unik di CoinGecko (tidak ada listing lain yang bentrok).,Y
13967,Goldfinch,GFI,goldfinch,Goldfinch,1544,False,contract,1,Contract address match (chain: ethereum),No,"Alamat contract CMC cocok persis dengan listing CoinGecko di chain 'ethereum' -- sinyal terkuat, berarti token yang sama persis on-chain.",Y
38049,McDonald's Tokenized Stock (Ondo),MCDon,mcdonald-s-ondo-tokenized-stock,McDonald's (Ondo Tokenized Stock),1545,False,contract,0.85,Contract address match (chain: ethereum),No,"Alamat contract CMC cocok persis dengan listing CoinGecko di chain 'ethereum' -- sinyal terkuat, berarti token yang sama persis on-chain.",Y
40936,Applied Materials Tokenized bStocks,AMATB,applied-materials-bstocks-tokenized-stock,Applied Materials (bStocks Tokenized Stock),1546,True,contract,0.87,Contract address match (chain: binance-smart-chain),No,"Alamat contract CMC cocok persis dengan listing CoinGecko di chain 'binance-smart-chain' -- sinyal terkuat, berarti token yang sama persis on-chain.",Y
24137,OpenChat,CHAT,solchat,Solchat,1547,False,symbol_by_market_cap,0.67,Ambiguous symbol -> market cap dominance (rasio 5.6x vs runner-up),Yes,"Simbol 'CHAT' dipakai >1 listing di CoinGecko (kemungkinan wrapped/bridged/tiruan). Dipilih yang market cap-nya dominan (5.6x). Ini heuristik, bukan validasi identitas -- mohon dicek manual project-nya benar 'OpenChat'.",N
22125,Mythos,MYTH,mythos,Mythos,1548,False,contract,1,Contract address match (chain: ethereum),No,"Alamat contract CMC cocok persis dengan listing CoinGecko di chain 'ethereum' -- sinyal terkuat, berarti token yang sama persis on-chain.",Y
33783,Allo,RWA,allo,Allo,1549,False,contract,1,Contract address match (chain: binance-smart-chain),No,"Alamat contract CMC cocok persis dengan listing CoinGecko di chain 'binance-smart-chain' -- sinyal terkuat, berarti token yang sama persis on-chain.",Y
40601,AMD Tokenized Stock (Reality),rAMD,advanced-micro-devices-rstock,Advanced Micro Devices rStock,1550,False,contract,0.4,Contract address match (chain: arbitrum-one),No,"Alamat contract CMC cocok persis dengan listing CoinGecko di chain 'arbitrum-one' -- sinyal terkuat, berarti token yang sama persis on-chain.",Y
32892,Bellscoin,BELLS,bellscoin,Bellscoin,1551,False,symbol,1,Unique ticker symbol ('BELLS' cuma 1 listing di CoinGecko),No,Simbol 'BELLS' unik di CoinGecko (tidak ada listing lain yang bentrok).,Y
19709,GemHUB,GHUB,gemhub,GemHUB,1552,False,symbol,1,Unique ticker symbol ('GHUB' cuma 1 listing di CoinGecko),No,Simbol 'GHUB' unik di CoinGecko (tidak ada listing lain yang bentrok).,Y
29812,Zypto,ZYPTO,french-connection-finance,Zypto Token,1553,False,contract,0.67,Contract address match (chain: ethereum),No,"Alamat contract CMC cocok persis dengan listing CoinGecko di chain 'ethereum' -- sinyal terkuat, berarti token yang sama persis on-chain.",Y
30661,Parcl,PRCL,parcl,Parcl,1555,False,contract,1,Contract address match (chain: solana),No,"Alamat contract CMC cocok persis dengan listing CoinGecko di chain 'solana' -- sinyal terkuat, berarti token yang sama persis on-chain.",Y
21351,SWEAT,SWEAT,sweatcoin,SWEAT,1556,False,contract,1,Contract address match (chain: ethereum),No,"Alamat contract CMC cocok persis dengan listing CoinGecko di chain 'ethereum' -- sinyal terkuat, berarti token yang sama persis on-chain.",Y
39851,OneFootball Credits,OFC,onefootball-club,OneFootball Credits,1557,False,contract,1,Contract address match (chain: base),No,"Alamat contract CMC cocok persis dengan listing CoinGecko di chain 'base' -- sinyal terkuat, berarti token yang sama persis on-chain.",Y
34836,Shido Network,SHIDO,shido-2,Shido Network,1558,False,contract,1,Contract address match (chain: ethereum),No,"Alamat contract CMC cocok persis dengan listing CoinGecko di chain 'ethereum' -- sinyal terkuat, berarti token yang sama persis on-chain.",Y
35430,CreatorBid,BID,creatorbid,CreatorBid,1559,False,contract,1,Contract address match (chain: binance-smart-chain),No,"Alamat contract CMC cocok persis dengan listing CoinGecko di chain 'binance-smart-chain' -- sinyal terkuat, berarti token yang sama persis on-chain.",Y
10145,DeFinity,DEFX,definity,DeFinity,1560,False,contract,1,Contract address match (chain: ethereum),No,"Alamat contract CMC cocok persis dengan listing CoinGecko di chain 'ethereum' -- sinyal terkuat, berarti token yang sama persis on-chain.",Y
31152,Kendu,KENDU,kendu-inu,Kendu,1561,False,contract,1,Contract address match (chain: ethereum),No,"Alamat contract CMC cocok persis dengan listing CoinGecko di chain 'ethereum' -- sinyal terkuat, berarti token yang sama persis on-chain.",Y
1169,PIVX,PIVX,pivx,PIVX,1562,False,symbol,1,Unique ticker symbol ('PIVX' cuma 1 listing di CoinGecko),No,Simbol 'PIVX' unik di CoinGecko (tidak ada listing lain yang bentrok).,Y
36852,Xavier: Renegade Angel,XAVIER,xavier-renegade-angel,Xavier: Renegade Angel,1563,False,contract,1,Contract address match (chain: solana),No,"Alamat contract CMC cocok persis dengan listing CoinGecko di chain 'solana' -- sinyal terkuat, berarti token yang sama persis on-chain.",Y
31259,Foxsy AI,FOXSY,foxsy-ai,Foxsy AI,1564,False,symbol,1,Unique ticker symbol ('FOXSY' cuma 1 listing di CoinGecko),No,Simbol 'FOXSY' unik di CoinGecko (tidak ada listing lain yang bentrok).,Y
40528,Reserve AI Photonics Tokenized DTF,PHOTON,reserve-ai-photonics-dtf,Reserve AI Photonics DTF,1565,False,contract,0.82,Contract address match (chain: binance-smart-chain),No,"Alamat contract CMC cocok persis dengan listing CoinGecko di chain 'binance-smart-chain' -- sinyal terkuat, berarti token yang sama persis on-chain.",Y
40833,SK Hynix tokenized stock (Backpack),SKHY,sk-hynix-backpack-securities,SK Hynix (Backpack Securities),1566,False,contract,0.56,Contract address match (chain: solana),No,"Alamat contract CMC cocok persis dengan listing CoinGecko di chain 'solana' -- sinyal terkuat, berarti token yang sama persis on-chain.",Y
22265,Oasys,OAS,oasys,Oasys,1567,False,symbol,1,Unique ticker symbol ('OAS' cuma 1 listing di CoinGecko),No,Simbol 'OAS' unik di CoinGecko (tidak ada listing lain yang bentrok).,Y
38002,Novo Nordisk Tokenized Stock (Ondo),NVOon,novo-nordisk-ondo-tokenized-stock,Novo Nordisk (Ondo Tokenized Stock),1568,False,contract,0.86,Contract address match (chain: ethereum),No,"Alamat contract CMC cocok persis dengan listing CoinGecko di chain 'ethereum' -- sinyal terkuat, berarti token yang sama persis on-chain.",Y
21156,STAT,STAT,stat,STAT,1569,False,contract,1,Contract address match (chain: ethereum),No,"Alamat contract CMC cocok persis dengan listing CoinGecko di chain 'ethereum' -- sinyal terkuat, berarti token yang sama persis on-chain.",Y
8037,Vanar Chain,VANRY,vanar-chain-2,Vanar,1570,False,contract,0.67,Contract address match (chain: base),No,"Alamat contract CMC cocok persis dengan listing CoinGecko di chain 'base' -- sinyal terkuat, berarti token yang sama persis on-chain.",Y
30391,Zeus Network,ZEUS,zeus-network,Zeus Network,1571,False,contract,1,Contract address match (chain: binance-smart-chain),No,"Alamat contract CMC cocok persis dengan listing CoinGecko di chain 'binance-smart-chain' -- sinyal terkuat, berarti token yang sama persis on-chain.",Y
40529,Reserve AI Capacity & Neocloud Tokenized DTF,NEOCLOUD,reserve-ai-capacity-and-neocloud-dtf,Reserve AI Capacity & Neocloud DTF,1572,False,contract,0.86,Contract address match (chain: binance-smart-chain),No,"Alamat contract CMC cocok persis dengan listing CoinGecko di chain 'binance-smart-chain' -- sinyal terkuat, berarti token yang sama persis on-chain.",Y
38550,Pipe Network,PIPE,pipe-network,Pipe Network,1573,False,contract,1,Contract address match (chain: solana),No,"Alamat contract CMC cocok persis dengan listing CoinGecko di chain 'solana' -- sinyal terkuat, berarti token yang sama persis on-chain.",Y
31750,Gems,GEMS,gems-vip,Gems VIP,1574,False,contract,0.73,Contract address match (chain: ethereum),No,"Alamat contract CMC cocok persis dengan listing CoinGecko di chain 'ethereum' -- sinyal terkuat, berarti token yang sama persis on-chain.",Y
40777,Reddit Tokenized Stock (Robinhood),RDDT,reddit-robinhood-tokenized-stock,Reddit • Robinhood Token,1575,False,symbol_by_market_cap,0.61,Ambiguous symbol -> market cap dominance (rasio 11.1x vs runner-up),Yes,"Simbol 'RDDT' dipakai >1 listing di CoinGecko (kemungkinan wrapped/bridged/tiruan). Dipilih yang market cap-nya dominan (11.1x). Ini heuristik, bukan validasi identitas -- mohon dicek manual project-nya benar 'Reddit Tokenized Stock (Robinhood)'.",N
36920,DeLorean,DMC,delorean,DeLorean,1576,False,contract,1,Contract address match (chain: solana),No,"Alamat contract CMC cocok persis dengan listing CoinGecko di chain 'solana' -- sinyal terkuat, berarti token yang sama persis on-chain.",Y
4747,Velas,VLX,velas,Velas,1577,False,symbol,1,Unique ticker symbol ('VLX' cuma 1 listing di CoinGecko),No,Simbol 'VLX' unik di CoinGecko (tidak ada listing lain yang bentrok).,Y
22074,ALEX Lab,ALEX,alexgo,ALEX Lab,1578,False,symbol,1,Unique ticker symbol ('ALEX' cuma 1 listing di CoinGecko),No,Simbol 'ALEX' unik di CoinGecko (tidak ada listing lain yang bentrok).,Y
1392,Pluton,PLU,pluton,Pluton,1579,False,contract,1,Contract address match (chain: ethereum),No,"Alamat contract CMC cocok persis dengan listing CoinGecko di chain 'ethereum' -- sinyal terkuat, berarti token yang sama persis on-chain.",Y
40178,Lumentum Holdings Inc. tokenized stock (xStock),LITEx,lumentum-holdings-inc-xstock,Lumentum Holdings Inc. xStock,1580,False,contract,0.78,Contract address match (chain: solana),No,"Alamat contract CMC cocok persis dengan listing CoinGecko di chain 'solana' -- sinyal terkuat, berarti token yang sama persis on-chain.",Y
2243,Dragonchain,DRGN,dragonchain,Dragonchain,1581,False,contract,1,Contract address match (chain: ethereum),No,"Alamat contract CMC cocok persis dengan listing CoinGecko di chain 'ethereum' -- sinyal terkuat, berarti token yang sama persis on-chain.",Y
9103,GAMEE,GMEE,gamee,GAMEE,1582,False,contract,1,Contract address match (chain: ethereum),No,"Alamat contract CMC cocok persis dengan listing CoinGecko di chain 'ethereum' -- sinyal terkuat, berarti token yang sama persis on-chain.",Y
28366,Coupon Assets,CA,ca-htb,Coupon Assets,1583,False,contract,1,Contract address match (chain: ethereum),No,"Alamat contract CMC cocok persis dengan listing CoinGecko di chain 'ethereum' -- sinyal terkuat, berarti token yang sama persis on-chain.",Y
34687,Streamflow,STREAM,streamflow,Streamflow,1584,False,contract,1,Contract address match (chain: solana),No,"Alamat contract CMC cocok persis dengan listing CoinGecko di chain 'solana' -- sinyal terkuat, berarti token yang sama persis on-chain.",Y
42280,Flybrain,FLYBRAIN,flybrain,flybrain,1585,False,symbol,1,Unique ticker symbol ('FLYBRAIN' cuma 1 listing di CoinGecko),No,Simbol 'FLYBRAIN' unik di CoinGecko (tidak ada listing lain yang bentrok).,Y
40159,iShares MSCI South Korea tokenized ETF (xStock),EWYx,ishares-msci-south-korea-xstock,iShares MSCI South Korea xStock,1586,False,contract,0.82,Contract address match (chain: solana),No,"Alamat contract CMC cocok persis dengan listing CoinGecko di chain 'solana' -- sinyal terkuat, berarti token yang sama persis on-chain.",Y
40600,Direxion Semiconductor Bull 3X Tokenized Stock (Reality),rSOXL,direxion-daily-semiconductor-bull-3x-shares-etf-rstock,Direxion Daily Semiconductor Bull 3x Shares ETF rStock,1587,False,contract,0.69,Contract address match (chain: arbitrum-one),No,"Alamat contract CMC cocok persis dengan listing CoinGecko di chain 'arbitrum-one' -- sinyal terkuat, berarti token yang sama persis on-chain.",Y
35433,Silencio,SLC,silencio,Silencio,1588,False,contract,1,Contract address match (chain: base),No,"Alamat contract CMC cocok persis dengan listing CoinGecko di chain 'base' -- sinyal terkuat, berarti token yang sama persis on-chain.",Y
10293,Swarm,BZZ,swarm-bzz,Swarm,1589,False,contract,1,Contract address match (chain: ethereum),No,"Alamat contract CMC cocok persis dengan listing CoinGecko di chain 'ethereum' -- sinyal terkuat, berarti token yang sama persis on-chain.",Y
5748,mStable Governance Token: Meta (MTA),MTA,meta,mStable Governance: Meta,1590,False,contract,0.84,Contract address match (chain: ethereum),No,"Alamat contract CMC cocok persis dengan listing CoinGecko di chain 'ethereum' -- sinyal terkuat, berarti token yang sama persis on-chain.",Y
38060,Walmart Tokenized Stock (Ondo),WMTon,walmart-ondo-tokenized-stock,Walmart (Ondo Tokenized Stock),1591,False,contract,0.84,Contract address match (chain: ethereum),No,"Alamat contract CMC cocok persis dengan listing CoinGecko di chain 'ethereum' -- sinyal terkuat, berarti token yang sama persis on-chain.",Y
39830,WYDE: End Hunger,EAT,wyde-end-hunger,WYDE: End Hunger,1592,False,contract,1,Contract address match (chain: base),No,"Alamat contract CMC cocok persis dengan listing CoinGecko di chain 'base' -- sinyal terkuat, berarti token yang sama persis on-chain.",Y
10789,Tether EURt,EURt,tether-eurt,Euro Tether,1593,False,contract,0.6,Contract address match (chain: ethereum),No,"Alamat contract CMC cocok persis dengan listing CoinGecko di chain 'ethereum' -- sinyal terkuat, berarti token yang sama persis on-chain.",Y
38015,PepsiCo Tokenized Stock (Ondo),PEPon,pepsico-ondo-tokenized-stock,PepsiCo (Ondo Tokenized Stock),1594,False,contract,0.84,Contract address match (chain: ethereum),No,"Alamat contract CMC cocok persis dengan listing CoinGecko di chain 'ethereum' -- sinyal terkuat, berarti token yang sama persis on-chain.",Y
1700,Æternity,AE,aeternity,Aeternity,1595,False,symbol,0.82,Unique ticker symbol ('AE' cuma 1 listing di CoinGecko),No,Simbol 'AE' unik di CoinGecko (tidak ada listing lain yang bentrok).,Y
40796,Western Digital Tokenized bStocks,WDCB,western-digital-bstocks-tokenized-stock,Western Digital (bStocks Tokenized Stock),1596,True,contract,0.86,Contract address match (chain: binance-smart-chain),No,"Alamat contract CMC cocok persis dengan listing CoinGecko di chain 'binance-smart-chain' -- sinyal terkuat, berarti token yang sama persis on-chain.",Y
2856,CEEK VR,CEEK,ceek,CEEK Smart VR,1597,False,contract,0.71,Contract address match (chain: ethereum),No,"Alamat contract CMC cocok persis dengan listing CoinGecko di chain 'ethereum' -- sinyal terkuat, berarti token yang sama persis on-chain.",Y
13636,GMCoin,GMCOIN,gmcoin-2,GMCoin,1598,False,contract,1,Contract address match (chain: tron),No,"Alamat contract CMC cocok persis dengan listing CoinGecko di chain 'tron' -- sinyal terkuat, berarti token yang sama persis on-chain.",Y
38544,Flying Tulip,FT,flying-tulip,Flying Tulip,1599,False,contract,1,Contract address match (chain: ethereum),No,"Alamat contract CMC cocok persis dengan listing CoinGecko di chain 'ethereum' -- sinyal terkuat, berarti token yang sama persis on-chain.",Y
39692,OpenVPP,OVPP,openvpp-2,OpenVPP,1600,False,contract,1,Contract address match (chain: base),No,"Alamat contract CMC cocok persis dengan listing CoinGecko di chain 'base' -- sinyal terkuat, berarti token yang sama persis on-chain.",Y
36535,MIA,MIA,mia-2,MIA,1601,False,contract,1,Contract address match (chain: binance-smart-chain),No,"Alamat contract CMC cocok persis dengan listing CoinGecko di chain 'binance-smart-chain' -- sinyal terkuat, berarti token yang sama persis on-chain.",Y
15584,Humans.ai,HEART,humans-ai,Humans.ai,1602,False,contract,1,Contract address match (chain: ethereum),No,"Alamat contract CMC cocok persis dengan listing CoinGecko di chain 'ethereum' -- sinyal terkuat, berarti token yang sama persis on-chain.",Y
39429,Immunefi,IMU,immunefi,Immunefi,1603,False,contract,1,Contract address match (chain: ethereum),No,"Alamat contract CMC cocok persis dengan listing CoinGecko di chain 'ethereum' -- sinyal terkuat, berarti token yang sama persis on-chain.",Y
1721,Mysterium,MYST,mysterium,Mysterium,1604,False,contract,1,Contract address match (chain: ethereum),No,"Alamat contract CMC cocok persis dengan listing CoinGecko di chain 'ethereum' -- sinyal terkuat, berarti token yang sama persis on-chain.",Y
541,Syscoin,SYS,syscoin,Syscoin,1605,False,symbol,1,Unique ticker symbol ('SYS' cuma 1 listing di CoinGecko),No,Simbol 'SYS' unik di CoinGecko (tidak ada listing lain yang bentrok).,Y
4702,Rupiah Token,IDRT,rupiah-token,Rupiah Token,1606,False,contract,1,Contract address match (chain: ethereum),No,"Alamat contract CMC cocok persis dengan listing CoinGecko di chain 'ethereum' -- sinyal terkuat, berarti token yang sama persis on-chain.",Y
40967,Credo Technology Tokenized bStocks,CRDOB,credo-technology-bstocks-tokenized-stock,Credo Technology (bStocks Tokenized Stock),1607,True,contract,0.87,Contract address match (chain: binance-smart-chain),No,"Alamat contract CMC cocok persis dengan listing CoinGecko di chain 'binance-smart-chain' -- sinyal terkuat, berarti token yang sama persis on-chain.",Y
27463,STUFF.io,STUFF,book-2,STUFF.io,1608,False,contract,1,Contract address match (chain: cardano),No,"Alamat contract CMC cocok persis dengan listing CoinGecko di chain 'cardano' -- sinyal terkuat, berarti token yang sama persis on-chain.",Y
23951,Staika,STIK,staika,Staika,1609,False,contract,1,Contract address match (chain: solana),No,"Alamat contract CMC cocok persis dengan listing CoinGecko di chain 'solana' -- sinyal terkuat, berarti token yang sama persis on-chain.",Y
36489,Rezor,RZR,rezor,Rezor,1610,False,contract,1,Contract address match (chain: binance-smart-chain),No,"Alamat contract CMC cocok persis dengan listing CoinGecko di chain 'binance-smart-chain' -- sinyal terkuat, berarti token yang sama persis on-chain.",Y
8216,Electra Protocol,XEP,electra-protocol,Electra Protocol,1611,False,symbol,1,Unique ticker symbol ('XEP' cuma 1 listing di CoinGecko),No,Simbol 'XEP' unik di CoinGecko (tidak ada listing lain yang bentrok).,Y
40620,Robinhood Tokenized Stock (Reality),rHOOD,robinhood-rstock,Robinhood rStock,1612,False,contract,0.62,Contract address match (chain: arbitrum-one),No,"Alamat contract CMC cocok persis dengan listing CoinGecko di chain 'arbitrum-one' -- sinyal terkuat, berarti token yang sama persis on-chain.",Y
19519,BRN Metaverse,BRN,brn-metaverse,BRN Metaverse,1613,False,contract,1,Contract address match (chain: binance-smart-chain),No,"Alamat contract CMC cocok persis dengan listing CoinGecko di chain 'binance-smart-chain' -- sinyal terkuat, berarti token yang sama persis on-chain.",Y
40720,Eli Lilly Tokenized Stock (Robinhood),LLY,eli-lilly-robinhood-tokenized-stock,Eli Lilly • Robinhood Token,1614,False,symbol_by_market_cap,0.64,Ambiguous symbol -> market cap dominance (rasio 9.4x vs runner-up),Yes,"Simbol 'LLY' dipakai >1 listing di CoinGecko (kemungkinan wrapped/bridged/tiruan). Dipilih yang market cap-nya dominan (9.4x). Ini heuristik, bukan validasi identitas -- mohon dicek manual project-nya benar 'Eli Lilly Tokenized Stock (Robinhood)'.",N
35,Phoenixcoin,PXC,phoenixcoin,Phoenixcoin,1615,False,symbol,1,Unique ticker symbol ('PXC' cuma 1 listing di CoinGecko),No,Simbol 'PXC' unik di CoinGecko (tidak ada listing lain yang bentrok).,Y
13051,ARC,ARC,ai-rig-complex,AI Rig Complex,1617,False,symbol_by_market_cap,0.4,Ambiguous symbol -> market cap dominance (rasio 32.4x vs runner-up),Yes,"Simbol 'ARC' dipakai >1 listing di CoinGecko (kemungkinan wrapped/bridged/tiruan). Dipilih yang market cap-nya dominan (32.4x). Ini heuristik, bukan validasi identitas -- mohon dicek manual project-nya benar 'ARC'.",N
38362,Niza Global,NIZA,niza-global-2,Niza Global,1618,False,contract,1,Contract address match (chain: binance-smart-chain),No,"Alamat contract CMC cocok persis dengan listing CoinGecko di chain 'binance-smart-chain' -- sinyal terkuat, berarti token yang sama persis on-chain.",Y
2643,Sentinel,P2P,sentinel,Sentinel,1619,False,contract,1,Contract address match (chain: osmosis),No,"Alamat contract CMC cocok persis dengan listing CoinGecko di chain 'osmosis' -- sinyal terkuat, berarti token yang sama persis on-chain.",Y
28382,Myro,MYRO,myro,MYRO,1620,False,contract,1,Contract address match (chain: solana),No,"Alamat contract CMC cocok persis dengan listing CoinGecko di chain 'solana' -- sinyal terkuat, berarti token yang sama persis on-chain.",Y
3816,Verasity,VRA,verasity,Verasity,1621,False,contract,1,Contract address match (chain: ethereum),No,"Alamat contract CMC cocok persis dengan listing CoinGecko di chain 'ethereum' -- sinyal terkuat, berarti token yang sama persis on-chain.",Y
31112,Axiome,AXM,axiome,Axiome,1622,False,symbol,1,Unique ticker symbol ('AXM' cuma 1 listing di CoinGecko),No,Simbol 'AXM' unik di CoinGecko (tidak ada listing lain yang bentrok).,Y
36774,Verse World,VERSE,verse-world,Verse World,1623,False,contract,1,Contract address match (chain: solana),No,"Alamat contract CMC cocok persis dengan listing CoinGecko di chain 'solana' -- sinyal terkuat, berarti token yang sama persis on-chain.",Y
11409,Tarot,TAROT,tarot-2,Tarot,1624,False,contract,1,Contract address match (chain: ethereum),No,"Alamat contract CMC cocok persis dengan listing CoinGecko di chain 'ethereum' -- sinyal terkuat, berarti token yang sama persis on-chain.",Y
38040,Visa Tokenized Stock (Ondo),Von,visa-ondo-tokenized-stock,Visa (Ondo Tokenized Stock),1625,False,contract,0.82,Contract address match (chain: ethereum),No,"Alamat contract CMC cocok persis dengan listing CoinGecko di chain 'ethereum' -- sinyal terkuat, berarti token yang sama persis on-chain.",Y
38045,Toyota Tokenized Stock (Ondo),TMon,toyota-ondo-tokenized-stock,Toyota (Ondo Tokenized Stock),1626,False,contract,0.83,Contract address match (chain: ethereum),No,"Alamat contract CMC cocok persis dengan listing CoinGecko di chain 'ethereum' -- sinyal terkuat, berarti token yang sama persis on-chain.",Y
37052,McDonald's tokenized stock (xStock),MCDX,mcdonald-s-xstock,McDonald's xStock,1627,False,contract,0.68,Contract address match (chain: solana),No,"Alamat contract CMC cocok persis dengan listing CoinGecko di chain 'solana' -- sinyal terkuat, berarti token yang sama persis on-chain.",Y
37610,TaleX,X,talex,TaleX,1628,False,contract,1,Contract address match (chain: binance-smart-chain),No,"Alamat contract CMC cocok persis dengan listing CoinGecko di chain 'binance-smart-chain' -- sinyal terkuat, berarti token yang sama persis on-chain.",Y
30825,KARRAT,KARRAT,karrat,Karrat,1629,False,contract,1,Contract address match (chain: ethereum),No,"Alamat contract CMC cocok persis dengan listing CoinGecko di chain 'ethereum' -- sinyal terkuat, berarti token yang sama persis on-chain.",Y
24747,Jesus Coin,JESUS,jesus-coin,Jesus Coin,1630,False,contract,1,Contract address match (chain: ethereum),No,"Alamat contract CMC cocok persis dengan listing CoinGecko di chain 'ethereum' -- sinyal terkuat, berarti token yang sama persis on-chain.",Y
35007,METAVERSE,METAV,metaverse,METAVERSE,1631,False,contract,1,Contract address match (chain: solana),No,"Alamat contract CMC cocok persis dengan listing CoinGecko di chain 'solana' -- sinyal terkuat, berarti token yang sama persis on-chain.",Y
40590,Palantir Tokenized bStocks,PLTRB,palantir-technologies-bstocks-tokenized-stock,Palantir Technologies (bStocks Tokenized Stock),1632,True,contract,0.68,Contract address match (chain: binance-smart-chain),No,"Alamat contract CMC cocok persis dengan listing CoinGecko di chain 'binance-smart-chain' -- sinyal terkuat, berarti token yang sama persis on-chain.",Y
3702,Beam,BEAM,beam-2,Beam,1633,False,symbol_by_market_cap,1,Ambiguous symbol -> market cap dominance (rasio 32.4x vs runner-up),Yes,"Simbol 'BEAM' dipakai >1 listing di CoinGecko (kemungkinan wrapped/bridged/tiruan). Dipilih yang market cap-nya dominan (32.4x). Ini heuristik, bukan validasi identitas -- mohon dicek manual project-nya benar 'Beam'.",N
35422,Orbiter Finance,OBT,orbiter-finance,Orbiter Finance,1634,False,contract,1,Contract address match (chain: ethereum),No,"Alamat contract CMC cocok persis dengan listing CoinGecko di chain 'ethereum' -- sinyal terkuat, berarti token yang sama persis on-chain.",Y
38195,Camp Network,CAMP,camp-network,Camp Network,1635,False,contract,1,Contract address match (chain: ethereum),No,"Alamat contract CMC cocok persis dengan listing CoinGecko di chain 'ethereum' -- sinyal terkuat, berarti token yang sama persis on-chain.",Y
31668,Billy (Bitcoin),BILLY,billy,Billy,1636,False,symbol_by_market_cap,0.59,Ambiguous symbol -> market cap dominance (rasio 16.6x vs runner-up),Yes,"Simbol 'BILLY' dipakai >1 listing di CoinGecko (kemungkinan wrapped/bridged/tiruan). Dipilih yang market cap-nya dominan (16.6x). Ini heuristik, bukan validasi identitas -- mohon dicek manual project-nya benar 'Billy (Bitcoin)'.",N
41079,The Bull (thebullcoin.com),BULL,the-bull,The Bull,1637,False,symbol_by_social_match,0.5,Ambiguous symbol -> social-link match (website+twitter),Yes,Simbol ambigu & market cap tidak cukup dominan untuk membedakan; dicocokkan lewat website+twitter CMC vs CoinGecko. Tier paling lemah dari 5 tier -- mohon dicek manual link sosialnya masih benar & aktif.,N
38055,Starbucks Tokenized Stock (Ondo),SBUXon,starbucks-ondo-tokenized-stock,Starbucks (Ondo Tokenized Stock),1638,False,contract,0.85,Contract address match (chain: ethereum),No,"Alamat contract CMC cocok persis dengan listing CoinGecko di chain 'ethereum' -- sinyal terkuat, berarti token yang sama persis on-chain.",Y
14446,Laqira Protocol,LQR,laqira-protocol,Laqira Protocol,1639,False,contract,1,Contract address match (chain: binance-smart-chain),No,"Alamat contract CMC cocok persis dengan listing CoinGecko di chain 'binance-smart-chain' -- sinyal terkuat, berarti token yang sama persis on-chain.",Y
27766,KYVE Network,KYVE,kyve-network,KYVE Network,1640,False,contract,1,Contract address match (chain: osmosis),No,"Alamat contract CMC cocok persis dengan listing CoinGecko di chain 'osmosis' -- sinyal terkuat, berarti token yang sama persis on-chain.",Y
11374,DAR Open Network,D,dar-open-network,Dar Open Network,1641,False,contract,1,Contract address match (chain: ethereum),No,"Alamat contract CMC cocok persis dengan listing CoinGecko di chain 'ethereum' -- sinyal terkuat, berarti token yang sama persis on-chain.",Y
25208,trac (Ordinals),TRAC,origintrail,OriginTrail,1642,False,symbol_by_market_cap,0.43,Ambiguous symbol -> market cap dominance (rasio 386.4x vs runner-up),Yes,"Simbol 'TRAC' dipakai >1 listing di CoinGecko (kemungkinan wrapped/bridged/tiruan). Dipilih yang market cap-nya dominan (386.4x). Ini heuristik, bukan validasi identitas -- mohon dicek manual project-nya benar 'trac (Ordinals)'.",N
22897,REGENT COIN,REGENT,regent-coin,Regent Coin,1643,False,contract,1,Contract address match (chain: binance-smart-chain),No,"Alamat contract CMC cocok persis dengan listing CoinGecko di chain 'binance-smart-chain' -- sinyal terkuat, berarti token yang sama persis on-chain.",Y
11976,Aleph Zero,AZERO,aleph-zero,Aleph Zero,1644,False,symbol,1,Unique ticker symbol ('AZERO' cuma 1 listing di CoinGecko),No,Simbol 'AZERO' unik di CoinGecko (tidak ada listing lain yang bentrok).,Y
38063,Snowflake Tokenized Stock (Ondo),SNOWon,snowflake-ondo-tokenized-stock,Snowflake (Ondo Tokenized Stock),1645,False,contract,0.85,Contract address match (chain: ethereum),No,"Alamat contract CMC cocok persis dengan listing CoinGecko di chain 'ethereum' -- sinyal terkuat, berarti token yang sama persis on-chain.",Y
32289,Mr Miggles,MIGGLES,mister-miggles,Mr. Miggles,1646,False,contract,1,Contract address match (chain: base),No,"Alamat contract CMC cocok persis dengan listing CoinGecko di chain 'base' -- sinyal terkuat, berarti token yang sama persis on-chain.",Y
40815,SanDisk Corp tokenized stock (Backpack),SNDK,sandisk-backpack-securities,Sandisk (Backpack Securities),1647,False,contract,0.52,Contract address match (chain: solana),No,"Alamat contract CMC cocok persis dengan listing CoinGecko di chain 'solana' -- sinyal terkuat, berarti token yang sama persis on-chain.",Y
33746,World of Dypians,WOD,world-of-dypians,World of Dypians,1648,False,contract,1,Contract address match (chain: binance-smart-chain),No,"Alamat contract CMC cocok persis dengan listing CoinGecko di chain 'binance-smart-chain' -- sinyal terkuat, berarti token yang sama persis on-chain.",Y
25101,Solcasino Token,SCS,solcasino-token,Solcasino Token,1649,False,contract,1,Contract address match (chain: solana),No,"Alamat contract CMC cocok persis dengan listing CoinGecko di chain 'solana' -- sinyal terkuat, berarti token yang sama persis on-chain.",Y
19819,REI Network,REI,unit-00-rei,Rei,1650,False,symbol_by_market_cap,0.46,Ambiguous symbol -> market cap dominance (rasio 6.5x vs runner-up),Yes,"Simbol 'REI' dipakai >1 listing di CoinGecko (kemungkinan wrapped/bridged/tiruan). Dipilih yang market cap-nya dominan (6.5x). Ini heuristik, bukan validasi identitas -- mohon dicek manual project-nya benar 'REI Network'.",N
37596,RICE AI,RICE,rice-ai,Rice AI,1651,False,contract,1,Contract address match (chain: binance-smart-chain),No,"Alamat contract CMC cocok persis dengan listing CoinGecko di chain 'binance-smart-chain' -- sinyal terkuat, berarti token yang sama persis on-chain.",Y
14345,Botto,BOTTO,botto,Botto,1652,False,contract,1,Contract address match (chain: ethereum),No,"Alamat contract CMC cocok persis dengan listing CoinGecko di chain 'ethereum' -- sinyal terkuat, berarti token yang sama persis on-chain.",Y
13521,Numbers Protocol,NUM,numbers-protocol,Numbers Protocol,1653,False,contract,1,Contract address match (chain: ethereum),No,"Alamat contract CMC cocok persis dengan listing CoinGecko di chain 'ethereum' -- sinyal terkuat, berarti token yang sama persis on-chain.",Y
7882,Efforce,WOZX,wozx,Efforce,1654,False,contract,1,Contract address match (chain: ethereum),No,"Alamat contract CMC cocok persis dengan listing CoinGecko di chain 'ethereum' -- sinyal terkuat, berarti token yang sama persis on-chain.",Y
9176,RocketX exchange,RVF,rocketx,RocketX Exchange,1655,False,contract,1,Contract address match (chain: ethereum),No,"Alamat contract CMC cocok persis dengan listing CoinGecko di chain 'ethereum' -- sinyal terkuat, berarti token yang sama persis on-chain.",Y
40853,Nokia Tokenized bStocks,NOKB,nokia-bstocks-tokenized-stock,Nokia (bStocks Tokenized Stock),1656,True,contract,0.81,Contract address match (chain: binance-smart-chain),No,"Alamat contract CMC cocok persis dengan listing CoinGecko di chain 'binance-smart-chain' -- sinyal terkuat, berarti token yang sama persis on-chain.",Y
42,Primecoin,XPM,primecoin,Primecoin,1657,False,symbol,1,Unique ticker symbol ('XPM' cuma 1 listing di CoinGecko),No,Simbol 'XPM' unik di CoinGecko (tidak ada listing lain yang bentrok).,Y
35671,Balance,EPT,balance,Balance,1658,False,symbol_by_market_cap,1,Ambiguous symbol -> market cap dominance (rasio 9.1x vs runner-up),Yes,"Simbol 'EPT' dipakai >1 listing di CoinGecko (kemungkinan wrapped/bridged/tiruan). Dipilih yang market cap-nya dominan (9.1x). Ini heuristik, bukan validasi identitas -- mohon dicek manual project-nya benar 'Balance'.",N
27582,Xterio,XTER,xterio,Xterio,1659,False,contract,1,Contract address match (chain: binance-smart-chain),No,"Alamat contract CMC cocok persis dengan listing CoinGecko di chain 'binance-smart-chain' -- sinyal terkuat, berarti token yang sama persis on-chain.",Y
33011,Nya,NYA,nya,Nya,1660,False,contract,1,Contract address match (chain: ethereum),No,"Alamat contract CMC cocok persis dengan listing CoinGecko di chain 'ethereum' -- sinyal terkuat, berarti token yang sama persis on-chain.",Y
40929,Amazon Tokenized bStocks,AMZNB,amazon-bstocks-tokenized-stock,Amazon (bStocks Tokenized Stock),1661,True,contract,0.82,Contract address match (chain: binance-smart-chain),No,"Alamat contract CMC cocok persis dengan listing CoinGecko di chain 'binance-smart-chain' -- sinyal terkuat, berarti token yang sama persis on-chain.",Y
36846,DAOBase,BEE,bnbee,BNBEE,1662,False,symbol_by_market_cap,0.33,Ambiguous symbol -> market cap dominance (rasio 14.7x vs runner-up),Yes,"Simbol 'BEE' dipakai >1 listing di CoinGecko (kemungkinan wrapped/bridged/tiruan). Dipilih yang market cap-nya dominan (14.7x). Ini heuristik, bukan validasi identitas -- mohon dicek manual project-nya benar 'DAOBase'. Nama CMC ('DAOBase') vs CoinGecko ('BNBEE') sangat berbeda (similarity=0.33) walau tier-nya biasanya kuat -- janggal, tolong dicek manual (potensi bug mapping chain/simbol).",N
38030,"Blackrock, Inc. Tokenized Stock (Ondo)",BLKon,blackrock-inc-ondo-tokenized-stock,"Blackrock, Inc. (Ondo Tokenized Stock)",1663,False,contract,0.87,Contract address match (chain: ethereum),No,"Alamat contract CMC cocok persis dengan listing CoinGecko di chain 'ethereum' -- sinyal terkuat, berarti token yang sama persis on-chain.",Y
23802,KiboShib,KIBSHI,kiboshib,KiboShib,1665,False,contract,1,Contract address match (chain: ethereum),No,"Alamat contract CMC cocok persis dengan listing CoinGecko di chain 'ethereum' -- sinyal terkuat, berarti token yang sama persis on-chain.",Y
9286,Doge Killer,LEASH,leash,Doge Killer,1666,False,contract,1,Contract address match (chain: ethereum),No,"Alamat contract CMC cocok persis dengan listing CoinGecko di chain 'ethereum' -- sinyal terkuat, berarti token yang sama persis on-chain.",Y
37020,Berkshire Hathaway tokenized stock (xStock),BRK.BX,berkshire-hathaway-xstock,Berkshire Hathaway xStock,1667,False,contract,0.77,Contract address match (chain: solana),No,"Alamat contract CMC cocok persis dengan listing CoinGecko di chain 'solana' -- sinyal terkuat, berarti token yang sama persis on-chain.",Y
38025,ServiceNow Tokenized Stock (Ondo),NOWon,servicenow-ondo-tokenized-stock,ServiceNow (Ondo Tokenized Stock),1668,False,contract,0.86,Contract address match (chain: ethereum),No,"Alamat contract CMC cocok persis dengan listing CoinGecko di chain 'ethereum' -- sinyal terkuat, berarti token yang sama persis on-chain.",Y
37695,Anduril tokenized stock (PreStocks),ANDURIL,anduril-prestocks-2,Anduril PreStocks,1669,False,contract,0.7,Contract address match (chain: solana),No,"Alamat contract CMC cocok persis dengan listing CoinGecko di chain 'solana' -- sinyal terkuat, berarti token yang sama persis on-chain.",Y
40687,AMD Tokenized Stock (Robinhood),AMD,amd-robinhood-tokenized-stock,AMD • Robinhood Token,1670,False,symbol_by_market_cap,0.56,Ambiguous symbol -> market cap dominance (rasio 9.0x vs runner-up),Yes,"Simbol 'AMD' dipakai >1 listing di CoinGecko (kemungkinan wrapped/bridged/tiruan). Dipilih yang market cap-nya dominan (9.0x). Ini heuristik, bukan validasi identitas -- mohon dicek manual project-nya benar 'AMD Tokenized Stock (Robinhood)'.",N
33697,TRUF.Network,TRUF,truflation,TRUF.Network,1671,False,contract,1,Contract address match (chain: ethereum),No,"Alamat contract CMC cocok persis dengan listing CoinGecko di chain 'ethereum' -- sinyal terkuat, berarti token yang sama persis on-chain.",Y
6951,Reef,REEF,reef,Reef,1672,False,symbol,1,Unique ticker symbol ('REEF' cuma 1 listing di CoinGecko),No,Simbol 'REEF' unik di CoinGecko (tidak ada listing lain yang bentrok).,Y
11198,TOPGOAL,GOAL,topgoal,TopGoal,1673,False,symbol,1,Unique ticker symbol ('GOAL' cuma 1 listing di CoinGecko),No,Simbol 'GOAL' unik di CoinGecko (tidak ada listing lain yang bentrok).,Y
36279,Paparazzi Token,PAPARAZZI,paparazzi-token,Paparazzi Token,1674,False,symbol,1,Unique ticker symbol ('PAPARAZZI' cuma 1 listing di CoinGecko),No,Simbol 'PAPARAZZI' unik di CoinGecko (tidak ada listing lain yang bentrok).,Y
9175,MOBOX,MBOX,mobox,Mobox,1675,False,contract,1,Contract address match (chain: binance-smart-chain),No,"Alamat contract CMC cocok persis dengan listing CoinGecko di chain 'binance-smart-chain' -- sinyal terkuat, berarti token yang sama persis on-chain.",Y
11367,Aurory,AURY,aurory,Aurory,1677,False,contract,1,Contract address match (chain: solana),No,"Alamat contract CMC cocok persis dengan listing CoinGecko di chain 'solana' -- sinyal terkuat, berarti token yang sama persis on-chain.",Y
24477,ArbDoge AI,AIDOGE,arbdoge-ai,ArbDoge AI,1678,False,contract,1,Contract address match (chain: arbitrum-one),No,"Alamat contract CMC cocok persis dengan listing CoinGecko di chain 'arbitrum-one' -- sinyal terkuat, berarti token yang sama persis on-chain.",Y
29593,AstraAI,ASTRA,astraai,AstraAI,1680,False,contract,1,Contract address match (chain: ethereum),No,"Alamat contract CMC cocok persis dengan listing CoinGecko di chain 'ethereum' -- sinyal terkuat, berarti token yang sama persis on-chain.",Y
35945,Pwease,PWEASE,pwease,Pwease,1681,False,contract,1,Contract address match (chain: solana),No,"Alamat contract CMC cocok persis dengan listing CoinGecko di chain 'solana' -- sinyal terkuat, berarti token yang sama persis on-chain.",Y
31044,Hege,HEGE,hege,Hege,1682,False,contract,1,Contract address match (chain: solana),No,"Alamat contract CMC cocok persis dengan listing CoinGecko di chain 'solana' -- sinyal terkuat, berarti token yang sama persis on-chain.",Y
40881,Direxion MU Bull 2X ETF Tokenized bStocks,MUUB,direxion-mu-bull-2x-etf-bstocks-tokenized-stock,Direxion MU Bull 2X ETF (bStocks Tokenized Stock),1683,True,contract,0.88,Contract address match (chain: binance-smart-chain),No,"Alamat contract CMC cocok persis dengan listing CoinGecko di chain 'binance-smart-chain' -- sinyal terkuat, berarti token yang sama persis on-chain.",Y
40636,Global X DRAM ETF Tokenized Stock (Reality),rDRAM,roundhill-memory-etf-rstock,Roundhill Memory ETF rStock,1684,False,contract,0.37,Contract address match (chain: arbitrum-one),No,"Alamat contract CMC cocok persis dengan listing CoinGecko di chain 'arbitrum-one' -- sinyal terkuat, berarti token yang sama persis on-chain.",Y
37996,Super Micro Computer Tokenized Stock (Ondo),SMCIon,super-micro-computer-ondo-tokenized-stock,Super Micro Computer (Ondo Tokenized Stock),1685,False,contract,0.89,Contract address match (chain: ethereum),No,"Alamat contract CMC cocok persis dengan listing CoinGecko di chain 'ethereum' -- sinyal terkuat, berarti token yang sama persis on-chain.",Y
10465,Polytrade,TRADE,polytrade,Polytrade,1686,False,contract,1,Contract address match (chain: ethereum),No,"Alamat contract CMC cocok persis dengan listing CoinGecko di chain 'ethereum' -- sinyal terkuat, berarti token yang sama persis on-chain.",Y
2998,Vexanium,VEX,vexanium,Vexanium,1687,False,symbol_by_social_match,1,Ambiguous symbol -> social-link match (website+twitter),Yes,Simbol ambigu & market cap tidak cukup dominan untuk membedakan; dicocokkan lewat website+twitter CMC vs CoinGecko. Tier paling lemah dari 5 tier -- mohon dicek manual link sosialnya masih benar & aktif.,N
37047,Vanguard tokenized ETF (xStock),VTIX,vanguard-xstock,Vanguard xStock,1688,False,contract,0.7,Contract address match (chain: solana),No,"Alamat contract CMC cocok persis dengan listing CoinGecko di chain 'solana' -- sinyal terkuat, berarti token yang sama persis on-chain.",Y
22765,ArchLoot,AL,archloot,ArchLoot,1689,False,contract,1,Contract address match (chain: ethereum),No,"Alamat contract CMC cocok persis dengan listing CoinGecko di chain 'ethereum' -- sinyal terkuat, berarti token yang sama persis on-chain.",Y
28664,Byte,BYTE,byte,Byte,1690,False,contract,1,Contract address match (chain: ethereum),No,"Alamat contract CMC cocok persis dengan listing CoinGecko di chain 'ethereum' -- sinyal terkuat, berarti token yang sama persis on-chain.",Y
18736,Blockchain Foundation for Innovation & Collaboration,BFIC,bficoin,BFIC Coin,1691,False,symbol,0.15,Unique ticker symbol ('BFIC' cuma 1 listing di CoinGecko),Yes,"Simbol 'BFIC' unik di CoinGecko (tidak ada listing lain yang bentrok). TAPI tidak ada validasi silang lain (bukan contract/sosial), dan nama kurang mirip (similarity=0.15) -- tolong dicek manual apakah proyeknya benar sama.",N
8997,Cook Finance,COOK,cook,Cook,1692,False,contract,0.53,Contract address match (chain: ethereum),No,"Alamat contract CMC cocok persis dengan listing CoinGecko di chain 'ethereum' -- sinyal terkuat, berarti token yang sama persis on-chain.",Y
32110,American Coin,USA,american-coin,American Coin,1693,False,contract,1,Contract address match (chain: solana),No,"Alamat contract CMC cocok persis dengan listing CoinGecko di chain 'solana' -- sinyal terkuat, berarti token yang sama persis on-chain.",Y
5600,Attila,ATT,attila,Attila,1694,False,contract,1,Contract address match (chain: ethereum),No,"Alamat contract CMC cocok persis dengan listing CoinGecko di chain 'ethereum' -- sinyal terkuat, berarti token yang sama persis on-chain.",Y
7336,Index Cooperative,INDEX,index-cooperative,Index Cooperative,1695,False,contract,1,Contract address match (chain: ethereum),No,"Alamat contract CMC cocok persis dengan listing CoinGecko di chain 'ethereum' -- sinyal terkuat, berarti token yang sama persis on-chain.",Y
7824,Vai,VAI,vai,Vai,1696,False,contract,1,Contract address match (chain: binance-smart-chain),No,"Alamat contract CMC cocok persis dengan listing CoinGecko di chain 'binance-smart-chain' -- sinyal terkuat, berarti token yang sama persis on-chain.",Y
23355,0x0.ai,0x0,0x0-ai-ai-smart-contract,0x0,1697,False,contract,0.75,Contract address match (chain: ethereum),No,"Alamat contract CMC cocok persis dengan listing CoinGecko di chain 'ethereum' -- sinyal terkuat, berarti token yang sama persis on-chain.",Y
35967,Bitcoin Silver AI,BSAI,bitcoin-silver-ai,Bitcoin Silver AI,1698,False,contract,1,Contract address match (chain: binance-smart-chain),No,"Alamat contract CMC cocok persis dengan listing CoinGecko di chain 'binance-smart-chain' -- sinyal terkuat, berarti token yang sama persis on-chain.",Y
15084,Symbiosis,SIS,symbiosis-finance,Symbiosis,1699,False,contract,1,Contract address match (chain: ethereum),No,"Alamat contract CMC cocok persis dengan listing CoinGecko di chain 'ethereum' -- sinyal terkuat, berarti token yang sama persis on-chain.",Y
38918,The Official 67 Coin,67,the-official-67-coin,The Official 67 Coin,1700,False,contract,1,Contract address match (chain: solana),No,"Alamat contract CMC cocok persis dengan listing CoinGecko di chain 'solana' -- sinyal terkuat, berarti token yang sama persis on-chain.",Y
30097,Fluence,FLT,fluence-2,Fluence,1701,False,contract,1,Contract address match (chain: ethereum),No,"Alamat contract CMC cocok persis dengan listing CoinGecko di chain 'ethereum' -- sinyal terkuat, berarti token yang sama persis on-chain.",Y
35757,AGENDA 47,A47,agenda-47,AGENDA 47,1702,False,contract,1,Contract address match (chain: solana),No,"Alamat contract CMC cocok persis dengan listing CoinGecko di chain 'solana' -- sinyal terkuat, berarti token yang sama persis on-chain.",Y
5877,Rarible,RARI,rarible,RARI,1703,False,contract,0.73,Contract address match (chain: ethereum),No,"Alamat contract CMC cocok persis dengan listing CoinGecko di chain 'ethereum' -- sinyal terkuat, berarti token yang sama persis on-chain.",Y
18966,Mayflower AI,MAY,neopin,Mayflower,1705,False,contract,0.9,Contract address match (chain: solana),No,"Alamat contract CMC cocok persis dengan listing CoinGecko di chain 'solana' -- sinyal terkuat, berarti token yang sama persis on-chain.",Y
25419,HyperGPT,HGPT,hypergpt,HyperGPT,1706,False,contract,1,Contract address match (chain: binance-smart-chain),No,"Alamat contract CMC cocok persis dengan listing CoinGecko di chain 'binance-smart-chain' -- sinyal terkuat, berarti token yang sama persis on-chain.",Y
5634,Fuse,FUSE,fuse-network-token,Fuse,1707,False,contract,1,Contract address match (chain: ethereum),No,"Alamat contract CMC cocok persis dengan listing CoinGecko di chain 'ethereum' -- sinyal terkuat, berarti token yang sama persis on-chain.",Y
8144,OVR,OVR,ovr,Ovr,1709,False,contract,1,Contract address match (chain: ethereum),No,"Alamat contract CMC cocok persis dengan listing CoinGecko di chain 'ethereum' -- sinyal terkuat, berarti token yang sama persis on-chain.",Y
40970,IREN Limited Tokenized bStocks,IRENB,iren-limited-bstocks-tokenized-stock,IREN Limited (bStocks Tokenized Stock),1710,True,contract,0.85,Contract address match (chain: binance-smart-chain),No,"Alamat contract CMC cocok persis dengan listing CoinGecko di chain 'binance-smart-chain' -- sinyal terkuat, berarti token yang sama persis on-chain.",Y
40966,Super Micro Computer Tokenized bStocks,SMCIB,super-micro-computer-bstocks-tokenized-stock,Super Micro Computer (bStocks Tokenized Stock),1711,True,contract,0.88,Contract address match (chain: binance-smart-chain),No,"Alamat contract CMC cocok persis dengan listing CoinGecko di chain 'binance-smart-chain' -- sinyal terkuat, berarti token yang sama persis on-chain.",Y
38047,Equinix Tokenized Stock (Ondo),EQIXon,equinix-ondo-tokenized-stock,Equinix (Ondo Tokenized Stock),1712,False,contract,0.84,Contract address match (chain: ethereum),No,"Alamat contract CMC cocok persis dengan listing CoinGecko di chain 'ethereum' -- sinyal terkuat, berarti token yang sama persis on-chain.",Y
30916,XSwap,XSWAP,xswap-2,XSwap,1713,False,contract,1,Contract address match (chain: ethereum),No,"Alamat contract CMC cocok persis dengan listing CoinGecko di chain 'ethereum' -- sinyal terkuat, berarti token yang sama persis on-chain.",Y
33076,MOO DENG (moodeng.vip),MOODENG,moo-deng-2,MOO DENG,1714,False,contract,0.58,Contract address match (chain: ethereum),No,"Alamat contract CMC cocok persis dengan listing CoinGecko di chain 'ethereum' -- sinyal terkuat, berarti token yang sama persis on-chain.",Y
41915,Trump Media & Technology Group Tokenized bStocks,DJTB,trump-media-technology-group-cord-bstocks-tokenized-stock,Trump Media & Technology Group Corp (bStocks Tokenized Stock),1715,True,contract,0.86,Contract address match (chain: binance-smart-chain),No,"Alamat contract CMC cocok persis dengan listing CoinGecko di chain 'binance-smart-chain' -- sinyal terkuat, berarti token yang sama persis on-chain.",Y
31979,Shrub,SHRUB,shrub,Shrub,1716,False,contract,1,Contract address match (chain: ethereum),No,"Alamat contract CMC cocok persis dengan listing CoinGecko di chain 'ethereum' -- sinyal terkuat, berarti token yang sama persis on-chain.",Y
6837,Nodle,NODL,nodle-network,Nodle Network,1717,False,contract,0.59,Contract address match (chain: zksync),No,"Alamat contract CMC cocok persis dengan listing CoinGecko di chain 'zksync' -- sinyal terkuat, berarti token yang sama persis on-chain.",Y
39895,Asteroid (Asteroid OG),ASTEROID,asteroid-2,Asteroid,1718,False,contract,0.62,Contract address match (chain: ethereum),No,"Alamat contract CMC cocok persis dengan listing CoinGecko di chain 'ethereum' -- sinyal terkuat, berarti token yang sama persis on-chain.",Y
39074,Theoriq,THQ,theoriq,Theoriq,1719,False,contract,1,Contract address match (chain: ethereum),No,"Alamat contract CMC cocok persis dengan listing CoinGecko di chain 'ethereum' -- sinyal terkuat, berarti token yang sama persis on-chain.",Y
31606,RyuJin,RYU,ryujin,RyuJin,1720,False,contract,1,Contract address match (chain: ethereum),No,"Alamat contract CMC cocok persis dengan listing CoinGecko di chain 'ethereum' -- sinyal terkuat, berarti token yang sama persis on-chain.",Y
1786,SunContract,SNC,suncontract,SunContract,1721,False,contract,1,Contract address match (chain: ethereum),No,"Alamat contract CMC cocok persis dengan listing CoinGecko di chain 'ethereum' -- sinyal terkuat, berarti token yang sama persis on-chain.",Y
38594,Palu,PALU,palu,Palu,1722,False,contract,1,Contract address match (chain: binance-smart-chain),No,"Alamat contract CMC cocok persis dengan listing CoinGecko di chain 'binance-smart-chain' -- sinyal terkuat, berarti token yang sama persis on-chain.",Y
40700,Sandisk Corporation Tokenized Stock (Robinhood),SNDK,sandisk-corporation-robinhood-tokenized-stock,Sandisk Corporation • Robinhood Token,1723,False,symbol_by_social_match,0.74,Ambiguous symbol -> social-link match (website),Yes,Simbol ambigu & market cap tidak cukup dominan untuk membedakan; dicocokkan lewat website CMC vs CoinGecko. Tier paling lemah dari 5 tier -- mohon dicek manual link sosialnya masih benar & aktif.,N
40421,Roundhill Memory ETF Tokenized ETF (Ondo),DRAMon,roundhill-memory-etf-ondo-tokenized,Roundhill Memory ETF (Ondo Tokenized),1724,False,contract,0.83,Contract address match (chain: solana),No,"Alamat contract CMC cocok persis dengan listing CoinGecko di chain 'solana' -- sinyal terkuat, berarti token yang sama persis on-chain.",Y
29447,NetMind Token,NMT,netmind-token,NetMind Token,1725,False,contract,1,Contract address match (chain: ethereum),No,"Alamat contract CMC cocok persis dengan listing CoinGecko di chain 'ethereum' -- sinyal terkuat, berarti token yang sama persis on-chain.",Y
7637,Trabzonspor Fan Token,TRA,trabzonspor-fan-token,Trabzonspor Fan Token,1726,False,contract,1,Contract address match (chain: solana),No,"Alamat contract CMC cocok persis dengan listing CoinGecko di chain 'solana' -- sinyal terkuat, berarti token yang sama persis on-chain.",Y
24303,Metacade,MCADE,metacade,Metacade,1727,False,contract,1,Contract address match (chain: base),No,"Alamat contract CMC cocok persis dengan listing CoinGecko di chain 'base' -- sinyal terkuat, berarti token yang sama persis on-chain.",Y
8357,Bitcicoin,BITCI,bitcicoin,Bitcicoin,1728,False,symbol,1,Unique ticker symbol ('BITCI' cuma 1 listing di CoinGecko),No,Simbol 'BITCI' unik di CoinGecko (tidak ada listing lain yang bentrok).,Y
4189,Ultra,UOS,ultra,Ultra,1729,False,contract,1,Contract address match (chain: ethereum),No,"Alamat contract CMC cocok persis dengan listing CoinGecko di chain 'ethereum' -- sinyal terkuat, berarti token yang sama persis on-chain.",Y
31493,donotfomoew,MOEW,moew,MOEW,1730,False,contract,0.53,Contract address match (chain: base),No,"Alamat contract CMC cocok persis dengan listing CoinGecko di chain 'base' -- sinyal terkuat, berarti token yang sama persis on-chain.",Y
29331,OORT,OORT,oort,OORT,1731,False,symbol_by_market_cap,1,Ambiguous symbol -> market cap dominance (rasio runner-up tanpa data market cap vs runner-up),Yes,"Simbol 'OORT' dipakai >1 listing di CoinGecko (kemungkinan wrapped/bridged/tiruan). Dipilih yang market cap-nya dominan (runner-up tanpa data market cap). Ini heuristik, bukan validasi identitas -- mohon dicek manual project-nya benar 'OORT'.",N
29212,MCNCOIN,MCN,mcncoin,MCNCOIN,1733,False,contract,1,Contract address match (chain: binance-smart-chain),No,"Alamat contract CMC cocok persis dengan listing CoinGecko di chain 'binance-smart-chain' -- sinyal terkuat, berarti token yang sama persis on-chain.",Y
38888,elizaOS,ELIZAOS,elizaos,ElizaOS,1734,False,contract,1,Contract address match (chain: solana),No,"Alamat contract CMC cocok persis dengan listing CoinGecko di chain 'solana' -- sinyal terkuat, berarti token yang sama persis on-chain.",Y
36963,YURU COIN,YURU,yuru-coin,YURU COIN,1735,False,contract,1,Contract address match (chain: solana),No,"Alamat contract CMC cocok persis dengan listing CoinGecko di chain 'solana' -- sinyal terkuat, berarti token yang sama persis on-chain.",Y
9721,Samoyedcoin,SAMO,samoyedcoin,Samoyedcoin,1736,False,contract,1,Contract address match (chain: solana),No,"Alamat contract CMC cocok persis dengan listing CoinGecko di chain 'solana' -- sinyal terkuat, berarti token yang sama persis on-chain.",Y
19786,ALTAVA,TAVA,altava,ALTAVA,1737,False,symbol,1,Unique ticker symbol ('TAVA' cuma 1 listing di CoinGecko),No,Simbol 'TAVA' unik di CoinGecko (tidak ada listing lain yang bentrok).,Y
40527,Reserve AI Infrastructure Tokenized DTF,BUILDOUT,reserve-ai-infrastructure-dtf,Reserve AI Infrastructure DTF,1739,False,contract,0.85,Contract address match (chain: binance-smart-chain),No,"Alamat contract CMC cocok persis dengan listing CoinGecko di chain 'binance-smart-chain' -- sinyal terkuat, berarti token yang sama persis on-chain.",Y
11750,Buying.com,BUY,buying,Buying.com,1740,False,contract,1,Contract address match (chain: ethereum),No,"Alamat contract CMC cocok persis dengan listing CoinGecko di chain 'ethereum' -- sinyal terkuat, berarti token yang sama persis on-chain.",Y
39184,VK Token,VK,vk-token,VK Token,1741,False,contract,1,Contract address match (chain: binance-smart-chain),No,"Alamat contract CMC cocok persis dengan listing CoinGecko di chain 'binance-smart-chain' -- sinyal terkuat, berarti token yang sama persis on-chain.",Y
39229,Global X Copper Miners Tokenized ETF (Ondo),COPXon,global-x-copper-miners-etf-ondo-tokenized-etf,Global X Copper Miners ETF (Ondo Tokenized ETF),1742,False,contract,0.85,Contract address match (chain: ethereum),No,"Alamat contract CMC cocok persis dengan listing CoinGecko di chain 'ethereum' -- sinyal terkuat, berarti token yang sama persis on-chain.",Y
5068,Neutrino Index,XTN,neutrino,Neutrino Index Token,1743,False,contract,0.84,Contract address match (chain: ethereum),No,"Alamat contract CMC cocok persis dengan listing CoinGecko di chain 'ethereum' -- sinyal terkuat, berarti token yang sama persis on-chain.",Y
8525,Rai Reflex Index,RAI,rai,Rai Reflex Index,1744,False,contract,1,Contract address match (chain: ethereum),No,"Alamat contract CMC cocok persis dengan listing CoinGecko di chain 'ethereum' -- sinyal terkuat, berarti token yang sama persis on-chain.",Y
2588,Loom Network,LOOM,loom-network-new,Loom Network (NEW),1745,False,contract,0.88,Contract address match (chain: ethereum),No,"Alamat contract CMC cocok persis dengan listing CoinGecko di chain 'ethereum' -- sinyal terkuat, berarti token yang sama persis on-chain.",Y
40190,Dell Technologies Inc. tokenized stock (xStock),DELLx,dell-technologies-inc-xstock,Dell Technologies Inc. xStock,1746,False,contract,0.78,Contract address match (chain: solana),No,"Alamat contract CMC cocok persis dengan listing CoinGecko di chain 'solana' -- sinyal terkuat, berarti token yang sama persis on-chain.",Y
38992,401jK,401JK,401jk,401jK,1747,False,contract,1,Contract address match (chain: solana),No,"Alamat contract CMC cocok persis dengan listing CoinGecko di chain 'solana' -- sinyal terkuat, berarti token yang sama persis on-chain.",Y
28510,Holdstation,HOLD,holdstation,Holdstation [OLD],1748,False,contract,0.88,Contract address match (chain: zksync),No,"Alamat contract CMC cocok persis dengan listing CoinGecko di chain 'zksync' -- sinyal terkuat, berarti token yang sama persis on-chain.",Y
40816,RoboStrategy Inc tokenized stock (Backpack),BOT,robostrategy-backpack-securities,RoboStrategy (Backpack Securities),1749,False,contract,0.6,Contract address match (chain: solana),No,"Alamat contract CMC cocok persis dengan listing CoinGecko di chain 'solana' -- sinyal terkuat, berarti token yang sama persis on-chain.",Y
12387,Ribbon Finance,RBN,ribbon-finance,Ribbon Finance,1750,False,contract,1,Contract address match (chain: ethereum),No,"Alamat contract CMC cocok persis dengan listing CoinGecko di chain 'ethereum' -- sinyal terkuat, berarti token yang sama persis on-chain.",Y
40769,TSMC Tokenized Stock (Robinhood),TSM,taiwan-semiconductor-manufacturing-robinhood-tokenized-stock,Taiwan Semiconductor Manufacturing • Robinhood Token,1751,False,symbol_by_market_cap,0.47,Ambiguous symbol -> market cap dominance (rasio 85.2x vs runner-up),Yes,"Simbol 'TSM' dipakai >1 listing di CoinGecko (kemungkinan wrapped/bridged/tiruan). Dipilih yang market cap-nya dominan (85.2x). Ini heuristik, bukan validasi identitas -- mohon dicek manual project-nya benar 'TSMC Tokenized Stock (Robinhood)'.",N
38928,B-Lucky,LUCKY,lucky,LUCKY,1752,False,contract,0.91,Contract address match (chain: binance-smart-chain),No,"Alamat contract CMC cocok persis dengan listing CoinGecko di chain 'binance-smart-chain' -- sinyal terkuat, berarti token yang sama persis on-chain.",Y
38005,Linde plc Tokenized Stock (Ondo),LINon,linde-plc-ondo-tokenized-stock,Linde plc (Ondo Tokenized Stock),1753,False,contract,0.85,Contract address match (chain: ethereum),No,"Alamat contract CMC cocok persis dengan listing CoinGecko di chain 'ethereum' -- sinyal terkuat, berarti token yang sama persis on-chain.",Y
35255,QuantumCoin,Q,quack-ai,Quack AI,1754,False,symbol_by_market_cap,0.56,Ambiguous symbol -> market cap dominance (rasio 71.3x vs runner-up),Yes,"Simbol 'Q' dipakai >1 listing di CoinGecko (kemungkinan wrapped/bridged/tiruan). Dipilih yang market cap-nya dominan (71.3x). Ini heuristik, bukan validasi identitas -- mohon dicek manual project-nya benar 'QuantumCoin'.",N
33819,Russell,RUSSELL,russell,RUSSELL,1755,False,contract,1,Contract address match (chain: base),No,"Alamat contract CMC cocok persis dengan listing CoinGecko di chain 'base' -- sinyal terkuat, berarti token yang sama persis on-chain.",Y
32656,XELIS,XEL,xelis,Xelis,1756,False,symbol,1,Unique ticker symbol ('XEL' cuma 1 listing di CoinGecko),No,Simbol 'XEL' unik di CoinGecko (tidak ada listing lain yang bentrok).,Y
38044,Airbnb Tokenized Stock (Ondo),ABNBon,airbnb-ondo-tokenized-stock,Airbnb (Ondo Tokenized Stock),1757,False,contract,0.83,Contract address match (chain: ethereum),No,"Alamat contract CMC cocok persis dengan listing CoinGecko di chain 'ethereum' -- sinyal terkuat, berarti token yang sama persis on-chain.",Y
38085,General Electric Tokenized Stock (Ondo),GEon,general-electric-ondo-tokenized-stock,General Electric (Ondo Tokenized Stock),1758,False,contract,0.88,Contract address match (chain: ethereum),No,"Alamat contract CMC cocok persis dengan listing CoinGecko di chain 'ethereum' -- sinyal terkuat, berarti token yang sama persis on-chain.",Y
38401,Dill,DL,dill,Dill,1759,False,contract,1,Contract address match (chain: binance-smart-chain),No,"Alamat contract CMC cocok persis dengan listing CoinGecko di chain 'binance-smart-chain' -- sinyal terkuat, berarti token yang sama persis on-chain.",Y
2447,Crypterium,CRPT,crypterium,Crypterium,1760,False,contract,1,Contract address match (chain: ethereum),No,"Alamat contract CMC cocok persis dengan listing CoinGecko di chain 'ethereum' -- sinyal terkuat, berarti token yang sama persis on-chain.",Y
12121,EVDC Network,EVDC,electric-vehicle-direct-currency,Electric Vehicle Direct Currency,1761,False,contract,0.25,Contract address match (chain: binance-smart-chain),Yes,"Alamat contract CMC cocok persis dengan listing CoinGecko di chain 'binance-smart-chain' -- sinyal terkuat, berarti token yang sama persis on-chain. Nama CMC ('EVDC Network') vs CoinGecko ('Electric Vehicle Direct Currency') sangat berbeda (similarity=0.25) walau tier-nya biasanya kuat -- janggal, tolong dicek manual (potensi bug mapping chain/simbol).",N
10821,Starlink,STARL,starlink,StarLink,1762,False,contract,1,Contract address match (chain: ethereum),No,"Alamat contract CMC cocok persis dengan listing CoinGecko di chain 'ethereum' -- sinyal terkuat, berarti token yang sama persis on-chain.",Y
38832,Lit Protocol,LITKEY,lit-protocol,Lit Protocol,1763,False,contract,1,Contract address match (chain: ethereum),No,"Alamat contract CMC cocok persis dengan listing CoinGecko di chain 'ethereum' -- sinyal terkuat, berarti token yang sama persis on-chain.",Y
7228,DerivaDAO,DDX,derivadao,DerivaDAO,1764,False,contract,1,Contract address match (chain: ethereum),No,"Alamat contract CMC cocok persis dengan listing CoinGecko di chain 'ethereum' -- sinyal terkuat, berarti token yang sama persis on-chain.",Y
6865,Crypton,CRP,cryptopeso,CryptoPeso,1765,False,symbol,0.71,Unique ticker symbol ('CRP' cuma 1 listing di CoinGecko),No,Simbol 'CRP' unik di CoinGecko (tidak ada listing lain yang bentrok).,Y
31921,RETARDIO,RETARDIO,retardio,RETARDIO,1766,False,contract,1,Contract address match (chain: solana),No,"Alamat contract CMC cocok persis dengan listing CoinGecko di chain 'solana' -- sinyal terkuat, berarti token yang sama persis on-chain.",Y
23681,WINR Protocol,WINR,winr-protocol,WINR Protocol,1767,False,contract,1,Contract address match (chain: arbitrum-one),No,"Alamat contract CMC cocok persis dengan listing CoinGecko di chain 'arbitrum-one' -- sinyal terkuat, berarti token yang sama persis on-chain.",Y
40525,Reserve Robotics Tokenized DTF,ROBOTS,reserve-robotics-dtf,Reserve Robotics DTF,1768,False,contract,0.8,Contract address match (chain: binance-smart-chain),No,"Alamat contract CMC cocok persis dengan listing CoinGecko di chain 'binance-smart-chain' -- sinyal terkuat, berarti token yang sama persis on-chain.",Y
16755,HOSKY Token,HOSKY,hosky,Hosky,1769,False,contract,0.67,Contract address match (chain: cardano),No,"Alamat contract CMC cocok persis dengan listing CoinGecko di chain 'cardano' -- sinyal terkuat, berarti token yang sama persis on-chain.",Y
7105,Permission Coin,ASK,permission-coin,Permission Coin,1770,False,symbol,1,Unique ticker symbol ('ASK' cuma 1 listing di CoinGecko),No,Simbol 'ASK' unik di CoinGecko (tidak ada listing lain yang bentrok).,Y
39780,Rocket Lab Tokenized Stock (Ondo),RKLBon,rocket-lab-ondo-tokenized,Rocket Lab (Ondo Tokenized),1771,False,contract,0.73,Contract address match (chain: solana),No,"Alamat contract CMC cocok persis dengan listing CoinGecko di chain 'solana' -- sinyal terkuat, berarti token yang sama persis on-chain.",Y
40823,SK Hynix Tokenized Stock (Ondo),SKHYon,sk-hynix-ondo-tokenized,SK Hynix (Ondo Tokenized),1772,False,contract,0.71,Contract address match (chain: ethereum),No,"Alamat contract CMC cocok persis dengan listing CoinGecko di chain 'ethereum' -- sinyal terkuat, berarti token yang sama persis on-chain.",Y
23295,Veno Finance,VNO,veno-finance,Veno Finance,1773,False,contract,1,Contract address match (chain: cronos),No,"Alamat contract CMC cocok persis dengan listing CoinGecko di chain 'cronos' -- sinyal terkuat, berarti token yang sama persis on-chain.",Y
39691,HODL (hodl2013),HODL,hodl-7,HODL,1774,False,contract,0.5,Contract address match (chain: solana),No,"Alamat contract CMC cocok persis dengan listing CoinGecko di chain 'solana' -- sinyal terkuat, berarti token yang sama persis on-chain.",Y
22771,Indigo Protocol,INDY,indigo-dao-governance-token,Indigo Protocol,1775,False,contract,1,Contract address match (chain: cardano),No,"Alamat contract CMC cocok persis dengan listing CoinGecko di chain 'cardano' -- sinyal terkuat, berarti token yang sama persis on-chain.",Y
36393,Boop,BOOP,boop-4,BOOP,1776,False,contract,1,Contract address match (chain: solana),No,"Alamat contract CMC cocok persis dengan listing CoinGecko di chain 'solana' -- sinyal terkuat, berarti token yang sama persis on-chain.",Y
39751,Coherent Tokenized Stock (Ondo),COHRon,coherent-ondo-tokenized,Coherent (Ondo Tokenized),1777,False,contract,0.72,Contract address match (chain: solana),No,"Alamat contract CMC cocok persis dengan listing CoinGecko di chain 'solana' -- sinyal terkuat, berarti token yang sama persis on-chain.",Y
24686,Helium IOT,IOT,helium-iot,Helium IOT,1778,False,contract,1,Contract address match (chain: solana),No,"Alamat contract CMC cocok persis dengan listing CoinGecko di chain 'solana' -- sinyal terkuat, berarti token yang sama persis on-chain.",Y
30525,Boop,BOOP,boop-2,Boop,1779,False,contract,1,Contract address match (chain: solana),No,"Alamat contract CMC cocok persis dengan listing CoinGecko di chain 'solana' -- sinyal terkuat, berarti token yang sama persis on-chain.",Y
10776,Signum,SIGNA,signum,Signum,1780,False,symbol,1,Unique ticker symbol ('SIGNA' cuma 1 listing di CoinGecko),No,Simbol 'SIGNA' unik di CoinGecko (tidak ada listing lain yang bentrok).,Y
31006,Mistery On Cro,MERY,mistery,Mistery,1781,False,contract,0.74,Contract address match (chain: cronos),No,"Alamat contract CMC cocok persis dengan listing CoinGecko di chain 'cronos' -- sinyal terkuat, berarti token yang sama persis on-chain.",Y
22764,Hooked Protocol,HOOK,hooked-protocol,Hooked Protocol,1782,False,contract,1,Contract address match (chain: binance-smart-chain),No,"Alamat contract CMC cocok persis dengan listing CoinGecko di chain 'binance-smart-chain' -- sinyal terkuat, berarti token yang sama persis on-chain.",Y
4036,Contentos,COS,contentos,Contentos,1783,False,symbol_by_market_cap,1,Ambiguous symbol -> market cap dominance (rasio 23.2x vs runner-up),Yes,"Simbol 'COS' dipakai >1 listing di CoinGecko (kemungkinan wrapped/bridged/tiruan). Dipilih yang market cap-nya dominan (23.2x). Ini heuristik, bukan validasi identitas -- mohon dicek manual project-nya benar 'Contentos'.",N
5552,Hathor,HTR,hathor,Hathor,1784,False,symbol,1,Unique ticker symbol ('HTR' cuma 1 listing di CoinGecko),No,Simbol 'HTR' unik di CoinGecko (tidak ada listing lain yang bentrok).,Y
27805,SwissCheese,SWCH,swisscheese,SwissCheese,1785,False,symbol_by_market_cap,1,Ambiguous symbol -> market cap dominance (rasio 57.2x vs runner-up),Yes,"Simbol 'SWCH' dipakai >1 listing di CoinGecko (kemungkinan wrapped/bridged/tiruan). Dipilih yang market cap-nya dominan (57.2x). Ini heuristik, bukan validasi identitas -- mohon dicek manual project-nya benar 'SwissCheese'.",N
24851,POOH,POOH,pooh,POOH,1786,False,contract,1,Contract address match (chain: ethereum),No,"Alamat contract CMC cocok persis dengan listing CoinGecko di chain 'ethereum' -- sinyal terkuat, berarti token yang sama persis on-chain.",Y
38006,Abbott Tokenized Stock (Ondo),ABTon,abbott-ondo-tokenized-stock,Abbott (Ondo Tokenized Stock),1787,False,contract,0.83,Contract address match (chain: ethereum),No,"Alamat contract CMC cocok persis dengan listing CoinGecko di chain 'ethereum' -- sinyal terkuat, berarti token yang sama persis on-chain.",Y
36978,Echo Protocol,ECHO,echo-protocol,Echo Protocol,1788,False,contract,1,Contract address match (chain: binance-smart-chain),No,"Alamat contract CMC cocok persis dengan listing CoinGecko di chain 'binance-smart-chain' -- sinyal terkuat, berarti token yang sama persis on-chain.",Y
40609,Microsoft Tokenized Stock (Reality),rMSFT,microsoft-rstock,Microsoft rStock,1789,False,contract,0.62,Contract address match (chain: arbitrum-one),No,"Alamat contract CMC cocok persis dengan listing CoinGecko di chain 'arbitrum-one' -- sinyal terkuat, berarti token yang sama persis on-chain.",Y
37245,Tharwa,TRWA,tharwa,Tharwa,1790,False,contract,1,Contract address match (chain: ethereum),No,"Alamat contract CMC cocok persis dengan listing CoinGecko di chain 'ethereum' -- sinyal terkuat, berarti token yang sama persis on-chain.",Y
4710,Cere Network,CERE,cere-network,Cere Network,1791,False,contract,1,Contract address match (chain: ethereum),No,"Alamat contract CMC cocok persis dengan listing CoinGecko di chain 'ethereum' -- sinyal terkuat, berarti token yang sama persis on-chain.",Y
30193,Basenji,BENJI,basenji,Basenji,1792,False,contract,1,Contract address match (chain: base),No,"Alamat contract CMC cocok persis dengan listing CoinGecko di chain 'base' -- sinyal terkuat, berarti token yang sama persis on-chain.",Y
29456,Dtec,DTEC,dtec-token,Dtec token,1793,False,symbol,0.62,Unique ticker symbol ('DTEC' cuma 1 listing di CoinGecko),No,Simbol 'DTEC' unik di CoinGecko (tidak ada listing lain yang bentrok).,Y
28395,Crypto Asset Governance Alliance,CAGA,crypto-asset-governance-alliance,Crypto Asset Governance Alliance,1794,False,contract,1,Contract address match (chain: ethereum),No,"Alamat contract CMC cocok persis dengan listing CoinGecko di chain 'ethereum' -- sinyal terkuat, berarti token yang sama persis on-chain.",Y
39739,CoreWeave Tokenized Stock (Ondo),CRWVon,coreweave-ondo-tokenized,CoreWeave (Ondo Tokenized),1795,False,contract,0.73,Contract address match (chain: solana),No,"Alamat contract CMC cocok persis dengan listing CoinGecko di chain 'solana' -- sinyal terkuat, berarti token yang sama persis on-chain.",Y
38261,WhiteBridge Network,WBAI,whitebridge,WhiteBridge Network,1796,False,contract,1,Contract address match (chain: binance-smart-chain),No,"Alamat contract CMC cocok persis dengan listing CoinGecko di chain 'binance-smart-chain' -- sinyal terkuat, berarti token yang sama persis on-chain.",Y
11240,HI,HI,hi-dollar,hi Dollar,1797,False,contract,0.4,Contract address match (chain: ethereum),No,"Alamat contract CMC cocok persis dengan listing CoinGecko di chain 'ethereum' -- sinyal terkuat, berarti token yang sama persis on-chain.",Y
2827,Phantasma,SOUL,phantasma,Phantasma Phoenix,1798,False,contract,0.72,Contract address match (chain: ethereum),No,"Alamat contract CMC cocok persis dengan listing CoinGecko di chain 'ethereum' -- sinyal terkuat, berarti token yang sama persis on-chain.",Y
40762,Costco Tokenized Stock (Robinhood),COST,costco-robinhood-tokenized-stock,Costco • Robinhood Token,1799,False,symbol_by_market_cap,0.61,Ambiguous symbol -> market cap dominance (rasio 8.7x vs runner-up),Yes,"Simbol 'COST' dipakai >1 listing di CoinGecko (kemungkinan wrapped/bridged/tiruan). Dipilih yang market cap-nya dominan (8.7x). Ini heuristik, bukan validasi identitas -- mohon dicek manual project-nya benar 'Costco Tokenized Stock (Robinhood)'.",N
37023,Gamestop tokenized stock (xStock),GMEX,gamestop-xstock,Gamestop xStock,1800,False,contract,0.67,Contract address match (chain: solana),No,"Alamat contract CMC cocok persis dengan listing CoinGecko di chain 'solana' -- sinyal terkuat, berarti token yang sama persis on-chain.",Y
29505,Troll (troll.run),TROLL,troll,Troll,1801,False,contract,0.56,Contract address match (chain: ethereum),No,"Alamat contract CMC cocok persis dengan listing CoinGecko di chain 'ethereum' -- sinyal terkuat, berarti token yang sama persis on-chain.",Y
6950,Perpetual Protocol,PERP,perpetual-protocol,Perpetual Protocol,1802,False,contract,1,Contract address match (chain: ethereum),No,"Alamat contract CMC cocok persis dengan listing CoinGecko di chain 'ethereum' -- sinyal terkuat, berarti token yang sama persis on-chain.",Y
5647,Kadena,KDA,kadena,Kadena,1803,False,symbol,1,Unique ticker symbol ('KDA' cuma 1 listing di CoinGecko),No,Simbol 'KDA' unik di CoinGecko (tidak ada listing lain yang bentrok).,Y
40753,Take-Two Interactive Software Tokenized Stock (Robinhood),TTWO,take-two-interactive-software-robinhood-tokenized-stock,Take-Two Interactive Software • Robinhood Token,1804,False,symbol_by_social_match,0.79,Ambiguous symbol -> social-link match (website),Yes,Simbol ambigu & market cap tidak cukup dominan untuk membedakan; dicocokkan lewat website CMC vs CoinGecko. Tier paling lemah dari 5 tier -- mohon dicek manual link sosialnya masih benar & aktif.,N
4566,XDB CHAIN,XDB,digitalbits,XDB CHAIN,1805,False,symbol,1,Unique ticker symbol ('XDB' cuma 1 listing di CoinGecko),No,Simbol 'XDB' unik di CoinGecko (tidak ada listing lain yang bentrok).,Y
27966,Dora Factory,DORA,dora-factory-2,Dora Factory,1806,False,symbol_by_social_match,1,Ambiguous symbol -> social-link match (website+twitter),Yes,Simbol ambigu & market cap tidak cukup dominan untuk membedakan; dicocokkan lewat website+twitter CMC vs CoinGecko. Tier paling lemah dari 5 tier -- mohon dicek manual link sosialnya masih benar & aktif.,N
10430,Argentine Football Association Fan Token,ARG,argentine-football-association-fan-token,Argentine Football Association Fan Token,1807,False,contract,1,Contract address match (chain: solana),No,"Alamat contract CMC cocok persis dengan listing CoinGecko di chain 'solana' -- sinyal terkuat, berarti token yang sama persis on-chain.",Y
38081,Wells Fargo Tokenized Stock (Ondo),WFCon,wells-fargo-ondo-tokenized-stock,Wells Fargo (Ondo Tokenized Stock),1808,False,contract,0.86,Contract address match (chain: ethereum),No,"Alamat contract CMC cocok persis dengan listing CoinGecko di chain 'ethereum' -- sinyal terkuat, berarti token yang sama persis on-chain.",Y
3930,ThunderCore,TT,thunder-token,ThunderCore,1809,False,symbol_by_market_cap,1,Ambiguous symbol -> market cap dominance (rasio runner-up tanpa data market cap vs runner-up),Yes,"Simbol 'TT' dipakai >1 listing di CoinGecko (kemungkinan wrapped/bridged/tiruan). Dipilih yang market cap-nya dominan (runner-up tanpa data market cap). Ini heuristik, bukan validasi identitas -- mohon dicek manual project-nya benar 'ThunderCore'.",N
34082,WELF,WELF,welf,WELF,1810,False,contract,1,Contract address match (chain: ethereum),No,"Alamat contract CMC cocok persis dengan listing CoinGecko di chain 'ethereum' -- sinyal terkuat, berarti token yang sama persis on-chain.",Y
37177,Moby,MOBY,moby-ai,Moby AI,1811,False,contract,0.8,Contract address match (chain: solana),No,"Alamat contract CMC cocok persis dengan listing CoinGecko di chain 'solana' -- sinyal terkuat, berarti token yang sama persis on-chain.",Y
27872,MAGA (magamemecoin.com),TRUMP,official-trump,Official Trump,1812,False,symbol_by_market_cap,0.06,Ambiguous symbol -> market cap dominance (rasio 485.7x vs runner-up),Yes,"Simbol 'TRUMP' dipakai >1 listing di CoinGecko (kemungkinan wrapped/bridged/tiruan). Dipilih yang market cap-nya dominan (485.7x). Ini heuristik, bukan validasi identitas -- mohon dicek manual project-nya benar 'MAGA (magamemecoin.com)'. Nama CMC ('MAGA (magamemecoin.com)') vs CoinGecko ('Official Trump') sangat berbeda (similarity=0.06) walau tier-nya biasanya kuat -- janggal, tolong dicek manual (potensi bug mapping chain/simbol).",N
10641,RichQUACK.com,QUACK,richquack,Rich Quack,1813,False,contract,0.86,Contract address match (chain: binance-smart-chain),No,"Alamat contract CMC cocok persis dengan listing CoinGecko di chain 'binance-smart-chain' -- sinyal terkuat, berarti token yang sama persis on-chain.",Y
26836,OciCat,OCICAT,ocicat-token,OciCat Token,1814,False,contract,0.71,Contract address match (chain: binance-smart-chain),No,"Alamat contract CMC cocok persis dengan listing CoinGecko di chain 'binance-smart-chain' -- sinyal terkuat, berarti token yang sama persis on-chain.",Y
9089,Tenset,10SET,tenset,Tenset,1815,False,contract,1,Contract address match (chain: binance-smart-chain),No,"Alamat contract CMC cocok persis dengan listing CoinGecko di chain 'binance-smart-chain' -- sinyal terkuat, berarti token yang sama persis on-chain.",Y
8282,Koinos,KOIN,koinos,Koinos,1816,False,symbol_by_market_cap,1,Ambiguous symbol -> market cap dominance (rasio 31.4x vs runner-up),Yes,"Simbol 'KOIN' dipakai >1 listing di CoinGecko (kemungkinan wrapped/bridged/tiruan). Dipilih yang market cap-nya dominan (31.4x). Ini heuristik, bukan validasi identitas -- mohon dicek manual project-nya benar 'Koinos'.",N
11877,GAL (migrated to Gravity - G),GAL,project-galaxy,GAL (migrated to Gravity - G),1817,False,contract,1,Contract address match (chain: ethereum),No,"Alamat contract CMC cocok persis dengan listing CoinGecko di chain 'ethereum' -- sinyal terkuat, berarti token yang sama persis on-chain.",Y
39704,iShares Silver Trust Tokenised ETF (xStock),SLVx,ishares-silver-trust-xstock,iShares Silver Trust xStock,1818,False,contract,0.8,Contract address match (chain: solana),No,"Alamat contract CMC cocok persis dengan listing CoinGecko di chain 'solana' -- sinyal terkuat, berarti token yang sama persis on-chain.",Y
40795,Corning Tokenized bStocks,GLWB,corning-bstocks-tokenized-stock,Corning (bStocks Tokenized Stock),1819,True,contract,0.82,Contract address match (chain: binance-smart-chain),No,"Alamat contract CMC cocok persis dengan listing CoinGecko di chain 'binance-smart-chain' -- sinyal terkuat, berarti token yang sama persis on-chain.",Y
32137,Roaring Kitty,ROAR,og-roaring-kitty,Roaring Kitty,1820,False,contract,1,Contract address match (chain: ethereum),No,"Alamat contract CMC cocok persis dengan listing CoinGecko di chain 'ethereum' -- sinyal terkuat, berarti token yang sama persis on-chain.",Y
30309,Shark Cat,SC,shark-cat,Shark Cat,1821,False,contract,1,Contract address match (chain: solana),No,"Alamat contract CMC cocok persis dengan listing CoinGecko di chain 'solana' -- sinyal terkuat, berarti token yang sama persis on-chain.",Y
3722,TEMCO,TEMCO,temco,TEMCO,1822,False,symbol,1,Unique ticker symbol ('TEMCO' cuma 1 listing di CoinGecko),No,Simbol 'TEMCO' unik di CoinGecko (tidak ada listing lain yang bentrok).,Y
12089,Coinweb,CWEB,coinweb,Coinweb,1823,False,contract,1,Contract address match (chain: ethereum),No,"Alamat contract CMC cocok persis dengan listing CoinGecko di chain 'ethereum' -- sinyal terkuat, berarti token yang sama persis on-chain.",Y
40666,Rocket Lab Tokenized Stock (Reality),rRKLB,rocket-lab-rstock,Rocket Lab rStock,1824,False,contract,0.62,Contract address match (chain: arbitrum-one),No,"Alamat contract CMC cocok persis dengan listing CoinGecko di chain 'arbitrum-one' -- sinyal terkuat, berarti token yang sama persis on-chain.",Y
40877,CoreWeave Tokenized bStocks,CRWVB,coreweave-bstocks-tokenized-stock,CoreWeave (bStocks Tokenized Stock),1825,True,contract,0.84,Contract address match (chain: binance-smart-chain),No,"Alamat contract CMC cocok persis dengan listing CoinGecko di chain 'binance-smart-chain' -- sinyal terkuat, berarti token yang sama persis on-chain.",Y
42329,Maxi,MAXI,unilend-finance,Maxi,1826,False,symbol_by_market_cap,1,Ambiguous symbol -> market cap dominance (rasio 59.9x vs runner-up),Yes,"Simbol 'MAXI' dipakai >1 listing di CoinGecko (kemungkinan wrapped/bridged/tiruan). Dipilih yang market cap-nya dominan (59.9x). Ini heuristik, bukan validasi identitas -- mohon dicek manual project-nya benar 'Maxi'.",N
38078,DoorDash Tokenized Stock (Ondo),DASHon,doordash-ondo-tokenized-stock,DoorDash (Ondo Tokenized Stock),1827,False,contract,0.85,Contract address match (chain: ethereum),No,"Alamat contract CMC cocok persis dengan listing CoinGecko di chain 'ethereum' -- sinyal terkuat, berarti token yang sama persis on-chain.",Y
38054,Mastercard Tokenized Stock (Ondo),MAon,mastercard-ondo-tokenized-stock,Mastercard (Ondo Tokenized Stock),1828,False,contract,0.86,Contract address match (chain: ethereum),No,"Alamat contract CMC cocok persis dengan listing CoinGecko di chain 'ethereum' -- sinyal terkuat, berarti token yang sama persis on-chain.",Y
15137,Napoli Fan Token,NAP,napoli-fan-token,Napoli Fan Token,1829,False,contract,1,Contract address match (chain: solana),No,"Alamat contract CMC cocok persis dengan listing CoinGecko di chain 'solana' -- sinyal terkuat, berarti token yang sama persis on-chain.",Y
38247,Moonchain,MCH,moonchain,Moonchain,1830,False,contract,1,Contract address match (chain: binance-smart-chain),No,"Alamat contract CMC cocok persis dengan listing CoinGecko di chain 'binance-smart-chain' -- sinyal terkuat, berarti token yang sama persis on-chain.",Y
25252,QCAD,QCAD,stablecorp-qcad,Stablecorp QCAD,1832,False,contract,0.44,Contract address match (chain: ethereum),No,"Alamat contract CMC cocok persis dengan listing CoinGecko di chain 'ethereum' -- sinyal terkuat, berarti token yang sama persis on-chain.",Y
35795,DRX Token,DRX,drx,DRX Token,1833,False,contract,1,Contract address match (chain: ethereum),No,"Alamat contract CMC cocok persis dengan listing CoinGecko di chain 'ethereum' -- sinyal terkuat, berarti token yang sama persis on-chain.",Y
5221,Handshake,HNS,handshake,Handshake,1834,False,symbol,1,Unique ticker symbol ('HNS' cuma 1 listing di CoinGecko),No,Simbol 'HNS' unik di CoinGecko (tidak ada listing lain yang bentrok).,Y
3703,ADAMANT Messenger,ADM,adamant-messenger,ADAMANT Messenger,1837,False,symbol_by_market_cap,1,Ambiguous symbol -> market cap dominance (rasio runner-up tanpa data market cap vs runner-up),Yes,"Simbol 'ADM' dipakai >1 listing di CoinGecko (kemungkinan wrapped/bridged/tiruan). Dipilih yang market cap-nya dominan (runner-up tanpa data market cap). Ini heuristik, bukan validasi identitas -- mohon dicek manual project-nya benar 'ADAMANT Messenger'.",N
11783,GameFi.org,GAFI,gamefi,GameFi.org,1838,False,contract,1,Contract address match (chain: binance-smart-chain),No,"Alamat contract CMC cocok persis dengan listing CoinGecko di chain 'binance-smart-chain' -- sinyal terkuat, berarti token yang sama persis on-chain.",Y
38038,Goldman Sachs Tokenized Stock (Ondo),GSon,goldman-sachs-ondo-tokenized-stock,Goldman Sachs (Ondo Tokenized Stock),1839,False,contract,0.87,Contract address match (chain: ethereum),No,"Alamat contract CMC cocok persis dengan listing CoinGecko di chain 'ethereum' -- sinyal terkuat, berarti token yang sama persis on-chain.",Y
17000,Creo Engine,CREO,creo-engine,Creo Engine,1840,False,contract,1,Contract address match (chain: binance-smart-chain),No,"Alamat contract CMC cocok persis dengan listing CoinGecko di chain 'binance-smart-chain' -- sinyal terkuat, berarti token yang sama persis on-chain.",Y
38052,JD.com Tokenized Stock (Ondo),JDon,jd-com-ondo-tokenized-stock,JD.com (Ondo Tokenized Stock),1841,False,contract,0.83,Contract address match (chain: ethereum),No,"Alamat contract CMC cocok persis dengan listing CoinGecko di chain 'ethereum' -- sinyal terkuat, berarti token yang sama persis on-chain.",Y
35804,Wall Street Pepe,WEPE,wall-street-pepe,Wall Street Pepe,1842,False,contract,1,Contract address match (chain: ethereum),No,"Alamat contract CMC cocok persis dengan listing CoinGecko di chain 'ethereum' -- sinyal terkuat, berarti token yang sama persis on-chain.",Y
38768,GhostwareOS,GHOST,ghostwareos,GhostwareOS,1843,False,contract,1,Contract address match (chain: solana),No,"Alamat contract CMC cocok persis dengan listing CoinGecko di chain 'solana' -- sinyal terkuat, berarti token yang sama persis on-chain.",Y
37672,BabyShark,BABYSHARK,baby-shark-meme,Baby Shark Meme,1844,False,symbol_by_market_cap,0.82,Ambiguous symbol -> market cap dominance (rasio 6.9x vs runner-up),Yes,"Simbol 'BABYSHARK' dipakai >1 listing di CoinGecko (kemungkinan wrapped/bridged/tiruan). Dipilih yang market cap-nya dominan (6.9x). Ini heuristik, bukan validasi identitas -- mohon dicek manual project-nya benar 'BabyShark'.",N
3422,SHPING,SHPING,shping,Shping,1845,False,contract,1,Contract address match (chain: ethereum),No,"Alamat contract CMC cocok persis dengan listing CoinGecko di chain 'ethereum' -- sinyal terkuat, berarti token yang sama persis on-chain.",Y
39113,Infrared,IR,infrared-finance,Infrared Finance,1846,False,contract,0.7,Contract address match (chain: binance-smart-chain),No,"Alamat contract CMC cocok persis dengan listing CoinGecko di chain 'binance-smart-chain' -- sinyal terkuat, berarti token yang sama persis on-chain.",Y
30859,Hoppy (hoppy.vip),HOPPY,hoppy-meme,Hoppy,1847,False,contract,0.56,Contract address match (chain: ethereum),No,"Alamat contract CMC cocok persis dengan listing CoinGecko di chain 'ethereum' -- sinyal terkuat, berarti token yang sama persis on-chain.",Y
9308,Vulcan Forged (PYR),PYR,vulcan-forged,Vulcan Forged,1848,False,contract,0.89,Contract address match (chain: ethereum),No,"Alamat contract CMC cocok persis dengan listing CoinGecko di chain 'ethereum' -- sinyal terkuat, berarti token yang sama persis on-chain.",Y
33258,sudeng,HIPPO,sudeng,sudeng,1849,False,contract,1,Contract address match (chain: sui),No,"Alamat contract CMC cocok persis dengan listing CoinGecko di chain 'sui' -- sinyal terkuat, berarti token yang sama persis on-chain.",Y
24228,VNX Euro,VEUR,vnx-euro,VNX EURO,1850,False,symbol,1,Unique ticker symbol ('VEUR' cuma 1 listing di CoinGecko),No,Simbol 'VEUR' unik di CoinGecko (tidak ada listing lain yang bentrok).,Y
31163,Slothana,SLOTH,slothana,Slothana,1851,False,contract,1,Contract address match (chain: solana),No,"Alamat contract CMC cocok persis dengan listing CoinGecko di chain 'solana' -- sinyal terkuat, berarti token yang sama persis on-chain.",Y
8936,Trias Token (New),TRIAS,trias-token,TriasLab,1852,False,symbol,0.48,Unique ticker symbol ('TRIAS' cuma 1 listing di CoinGecko),Yes,"Simbol 'TRIAS' unik di CoinGecko (tidak ada listing lain yang bentrok). TAPI tidak ada validasi silang lain (bukan contract/sosial), dan nama kurang mirip (similarity=0.48) -- tolong dicek manual apakah proyeknya benar sama.",N
31688,DOPU The Dog with A Purpose,DOPU,dog-with-purpose,Dog With Purpose,1853,False,contract,0.78,Contract address match (chain: xdc-network),No,"Alamat contract CMC cocok persis dengan listing CoinGecko di chain 'xdc-network' -- sinyal terkuat, berarti token yang sama persis on-chain.",Y
38039,UnitedHealth Tokenized Stock (Ondo),UNHon,unitedhealth-ondo-tokenized-stock,UnitedHealth (Ondo Tokenized Stock),1854,False,contract,0.87,Contract address match (chain: ethereum),No,"Alamat contract CMC cocok persis dengan listing CoinGecko di chain 'ethereum' -- sinyal terkuat, berarti token yang sama persis on-chain.",Y
32526,Covalent X Token,CXT,covalent-x-token,Covalent X Token,1855,False,contract,1,Contract address match (chain: ethereum),No,"Alamat contract CMC cocok persis dengan listing CoinGecko di chain 'ethereum' -- sinyal terkuat, berarti token yang sama persis on-chain.",Y
20789,Dejitaru Tsuka,TSUKA,dejitaru-tsuka,Dejitaru Tsuka,1856,False,contract,1,Contract address match (chain: ethereum),No,"Alamat contract CMC cocok persis dengan listing CoinGecko di chain 'ethereum' -- sinyal terkuat, berarti token yang sama persis on-chain.",Y
4467,Nestree,EGG,nestree,Nestree,1857,False,contract,1,Contract address match (chain: ethereum),No,"Alamat contract CMC cocok persis dengan listing CoinGecko di chain 'ethereum' -- sinyal terkuat, berarti token yang sama persis on-chain.",Y
40928,VanEck Semiconductor ETF Tokenized bStocks,SMHB,vaneck-semiconductor-etf-bstocks-tokenized-stock,VanEck Semiconductor ETF (bStocks Tokenized Stock),1858,True,contract,0.89,Contract address match (chain: binance-smart-chain),No,"Alamat contract CMC cocok persis dengan listing CoinGecko di chain 'binance-smart-chain' -- sinyal terkuat, berarti token yang sama persis on-chain.",Y
39143,The White Whale,WHITEWHALE,the-white-whale,The White Whale,1859,False,contract,1,Contract address match (chain: solana),No,"Alamat contract CMC cocok persis dengan listing CoinGecko di chain 'solana' -- sinyal terkuat, berarti token yang sama persis on-chain.",Y
40149,GE Vernova Inc. tokenized stock (xStock),GEVx,ge-vernova-inc-xstock,GE Vernova Inc. xStock,1860,False,contract,0.72,Contract address match (chain: solana),No,"Alamat contract CMC cocok persis dengan listing CoinGecko di chain 'solana' -- sinyal terkuat, berarti token yang sama persis on-chain.",Y
38091,Boeing Tokenized Stock (Ondo),BAon,boeing-ondo-tokenized-stock,Boeing (Ondo Tokenized Stock),1861,False,contract,0.83,Contract address match (chain: ethereum),No,"Alamat contract CMC cocok persis dengan listing CoinGecko di chain 'ethereum' -- sinyal terkuat, berarti token yang sama persis on-chain.",Y
35687,Stool Prisondente,JAILSTOOL,stool-prisondente,Stool Prisondente,1862,False,contract,1,Contract address match (chain: solana),No,"Alamat contract CMC cocok persis dengan listing CoinGecko di chain 'solana' -- sinyal terkuat, berarti token yang sama persis on-chain.",Y
4927,RigoBlock,GRG,rigoblock,RigoBlock,1863,False,contract,1,Contract address match (chain: ethereum),No,"Alamat contract CMC cocok persis dengan listing CoinGecko di chain 'ethereum' -- sinyal terkuat, berarti token yang sama persis on-chain.",Y
19650,Volt Inu,VOLT,volt-inu-2,Volt Inu,1864,False,contract,1,Contract address match (chain: ethereum),No,"Alamat contract CMC cocok persis dengan listing CoinGecko di chain 'ethereum' -- sinyal terkuat, berarti token yang sama persis on-chain.",Y
23445,Chirp,CHIRP,chirp-token,Chirp Token,1865,False,contract,0.67,Contract address match (chain: sui),No,"Alamat contract CMC cocok persis dengan listing CoinGecko di chain 'sui' -- sinyal terkuat, berarti token yang sama persis on-chain.",Y
37060,Netflix tokenized stock (xStock),NFLXX,netflix-xstock,Netflix xStock,1866,False,contract,0.65,Contract address match (chain: solana),No,"Alamat contract CMC cocok persis dengan listing CoinGecko di chain 'solana' -- sinyal terkuat, berarti token yang sama persis on-chain.",Y
15563,Infinity Rising,RISE,infinity-rising,Infinity Rising,1867,False,symbol_by_social_match,1,Ambiguous symbol -> social-link match (website+twitter),Yes,Simbol ambigu & market cap tidak cukup dominan untuk membedakan; dicocokkan lewat website+twitter CMC vs CoinGecko. Tier paling lemah dari 5 tier -- mohon dicek manual link sosialnya masih benar & aktif.,N
35082,W Coin,WCO,wadzcoin,W Coin,1869,False,symbol,1,Unique ticker symbol ('WCO' cuma 1 listing di CoinGecko),No,Simbol 'WCO' unik di CoinGecko (tidak ada listing lain yang bentrok).,Y
39006,GaiAI,GAIX,gaiai,GaiAI,1870,False,contract,1,Contract address match (chain: binance-smart-chain),No,"Alamat contract CMC cocok persis dengan listing CoinGecko di chain 'binance-smart-chain' -- sinyal terkuat, berarti token yang sama persis on-chain.",Y
8255,Prosper,PROS,prosper-2,Prosper,1871,False,contract,1,Contract address match (chain: ethereum),No,"Alamat contract CMC cocok persis dengan listing CoinGecko di chain 'ethereum' -- sinyal terkuat, berarti token yang sama persis on-chain.",Y
36803,Torch of Liberty,LIBERTY,torch-of-liberty,Torch of Liberty,1872,False,contract,1,Contract address match (chain: binance-smart-chain),No,"Alamat contract CMC cocok persis dengan listing CoinGecko di chain 'binance-smart-chain' -- sinyal terkuat, berarti token yang sama persis on-chain.",Y
5957,DFI.Money,YFII,yfii-finance,DFI.money,1873,False,contract,1,Contract address match (chain: ethereum),No,"Alamat contract CMC cocok persis dengan listing CoinGecko di chain 'ethereum' -- sinyal terkuat, berarti token yang sama persis on-chain.",Y
16675,Ctomorrow Platform,CTP,ctomorrow-platform,Ctomorrow Platform,1874,False,contract,1,Contract address match (chain: binance-smart-chain),No,"Alamat contract CMC cocok persis dengan listing CoinGecko di chain 'binance-smart-chain' -- sinyal terkuat, berarti token yang sama persis on-chain.",Y
32498,SIGMA,SIGMA,sigma,Sigma,1875,False,symbol_by_social_match,1,Ambiguous symbol -> social-link match (website+twitter),Yes,Simbol ambigu & market cap tidak cukup dominan untuk membedakan; dicocokkan lewat website+twitter CMC vs CoinGecko. Tier paling lemah dari 5 tier -- mohon dicek manual link sosialnya masih benar & aktif.,N
39703,Vanguard Total World Tokenised ETF (xStock),VTx,vanguard-total-world-xstock,Vanguard Total World xStock,1876,False,contract,0.8,Contract address match (chain: solana),No,"Alamat contract CMC cocok persis dengan listing CoinGecko di chain 'solana' -- sinyal terkuat, berarti token yang sama persis on-chain.",Y
40654,Oracle Tokenized Stock (Reality),rORCL,oracle-rstock,Oracle rStock,1877,False,contract,0.56,Contract address match (chain: arbitrum-one),No,"Alamat contract CMC cocok persis dengan listing CoinGecko di chain 'arbitrum-one' -- sinyal terkuat, berarti token yang sama persis on-chain.",Y
38019,Costco Tokenized Stock (Ondo),COSTon,costco-ondo-tokenized-stock,Costco (Ondo Tokenized Stock),1878,False,contract,0.83,Contract address match (chain: ethereum),No,"Alamat contract CMC cocok persis dengan listing CoinGecko di chain 'ethereum' -- sinyal terkuat, berarti token yang sama persis on-chain.",Y
10469,iMe Lab,LIME,ime-lab,iMe Lab,1879,False,contract,1,Contract address match (chain: binance-smart-chain),No,"Alamat contract CMC cocok persis dengan listing CoinGecko di chain 'binance-smart-chain' -- sinyal terkuat, berarti token yang sama persis on-chain.",Y
13255,Defactor,REAL,defactor,Defactor,1880,False,contract,1,Contract address match (chain: base),No,"Alamat contract CMC cocok persis dengan listing CoinGecko di chain 'base' -- sinyal terkuat, berarti token yang sama persis on-chain.",Y
34203,CatSlap,SLAP,catslap,CatSlap,1881,False,contract,1,Contract address match (chain: ethereum),No,"Alamat contract CMC cocok persis dengan listing CoinGecko di chain 'ethereum' -- sinyal terkuat, berarti token yang sama persis on-chain.",Y
8438,Hoge Finance,HOGE,hoge-finance,Hoge Finance,1882,False,contract,1,Contract address match (chain: ethereum),No,"Alamat contract CMC cocok persis dengan listing CoinGecko di chain 'ethereum' -- sinyal terkuat, berarti token yang sama persis on-chain.",Y
1996,SALT,SALT,salt,SALT,1884,False,contract,1,Contract address match (chain: ethereum),No,"Alamat contract CMC cocok persis dengan listing CoinGecko di chain 'ethereum' -- sinyal terkuat, berarti token yang sama persis on-chain.",Y
38071,Baidu Tokenized Stock (Ondo),BIDUon,baidu-ondo-tokenized-stock,Baidu (Ondo Tokenized Stock),1885,False,contract,0.83,Contract address match (chain: ethereum),No,"Alamat contract CMC cocok persis dengan listing CoinGecko di chain 'ethereum' -- sinyal terkuat, berarti token yang sama persis on-chain.",Y
40879,GraniteShares 2X Long MRVL ETF Tokenized bStocks,MVLLB,graniteshares-2x-long-mrvl-etf-bstocks-tokenized-stock,GraniteShares 2X Long MRVL ETF (bStocks Tokenized Stock),1886,True,contract,0.9,Contract address match (chain: binance-smart-chain),No,"Alamat contract CMC cocok persis dengan listing CoinGecko di chain 'binance-smart-chain' -- sinyal terkuat, berarti token yang sama persis on-chain.",Y
23262,Areum,AREA,areon-network,Areum,1887,False,symbol,1,Unique ticker symbol ('AREA' cuma 1 listing di CoinGecko),No,Simbol 'AREA' unik di CoinGecko (tidak ada listing lain yang bentrok).,Y
40073,QAIT,QAIT,sealcoin,QAIT,1888,False,contract,1,Contract address match (chain: binance-smart-chain),No,"Alamat contract CMC cocok persis dengan listing CoinGecko di chain 'binance-smart-chain' -- sinyal terkuat, berarti token yang sama persis on-chain.",Y
32832,Tron Bull,BULL,tron-bull,Tron Bull,1889,False,contract,1,Contract address match (chain: tron),No,"Alamat contract CMC cocok persis dengan listing CoinGecko di chain 'tron' -- sinyal terkuat, berarti token yang sama persis on-chain.",Y
38618,noice,NOICE,noice,noice,1890,False,contract,1,Contract address match (chain: base),No,"Alamat contract CMC cocok persis dengan listing CoinGecko di chain 'base' -- sinyal terkuat, berarti token yang sama persis on-chain.",Y
29999,Chickencoin,CHKN,chickencoin,Chickencoin,1891,False,contract,1,Contract address match (chain: ethereum),No,"Alamat contract CMC cocok persis dengan listing CoinGecko di chain 'ethereum' -- sinyal terkuat, berarti token yang sama persis on-chain.",Y
38010,PayPal Tokenized Stock (Ondo),PYPLon,paypal-ondo-tokenized-stock,PayPal (Ondo Tokenized Stock),1892,False,contract,0.83,Contract address match (chain: ethereum),No,"Alamat contract CMC cocok persis dengan listing CoinGecko di chain 'ethereum' -- sinyal terkuat, berarti token yang sama persis on-chain.",Y
6591,Sportbet.one Token,SBET,sports-bet,Sports Bet,1893,False,symbol_by_market_cap,0.64,Ambiguous symbol -> market cap dominance (rasio 302.7x vs runner-up),Yes,"Simbol 'SBET' dipakai >1 listing di CoinGecko (kemungkinan wrapped/bridged/tiruan). Dipilih yang market cap-nya dominan (302.7x). Ini heuristik, bukan validasi identitas -- mohon dicek manual project-nya benar 'Sportbet.one Token'.",N
1654,BitCore,BTX,beatswap,Beatswap,1894,False,symbol_by_market_cap,0.27,Ambiguous symbol -> market cap dominance (rasio runner-up tanpa data market cap vs runner-up),Yes,"Simbol 'BTX' dipakai >1 listing di CoinGecko (kemungkinan wrapped/bridged/tiruan). Dipilih yang market cap-nya dominan (runner-up tanpa data market cap). Ini heuristik, bukan validasi identitas -- mohon dicek manual project-nya benar 'BitCore'. Nama CMC ('BitCore') vs CoinGecko ('Beatswap') sangat berbeda (similarity=0.27) walau tier-nya biasanya kuat -- janggal, tolong dicek manual (potensi bug mapping chain/simbol).",N
38826,toyow,TTN,toyow-token,Toyow,1895,False,contract,1,Contract address match (chain: base),No,"Alamat contract CMC cocok persis dengan listing CoinGecko di chain 'base' -- sinyal terkuat, berarti token yang sama persis on-chain.",Y
40932,Fluence Energy Tokenized bStocks,FLNCB,fluence-energy-bstocks-tokenized-stock,Fluence Energy (bStocks Tokenized Stock),1896,True,contract,0.86,Contract address match (chain: binance-smart-chain),No,"Alamat contract CMC cocok persis dengan listing CoinGecko di chain 'binance-smart-chain' -- sinyal terkuat, berarti token yang sama persis on-chain.",Y
29780,ChainSwap,CSWAP,chainswap-3,ChainSwap,1897,False,contract,1,Contract address match (chain: ethereum),No,"Alamat contract CMC cocok persis dengan listing CoinGecko di chain 'ethereum' -- sinyal terkuat, berarti token yang sama persis on-chain.",Y
38542,SLIMEX,SLX,slimex,Slimex,1898,False,contract,1,Contract address match (chain: binance-smart-chain),No,"Alamat contract CMC cocok persis dengan listing CoinGecko di chain 'binance-smart-chain' -- sinyal terkuat, berarti token yang sama persis on-chain.",Y
38494,GOAT Network,GOATED,goat-network,GOAT Network,1899,False,symbol_by_social_match,1,Ambiguous symbol -> social-link match (website),Yes,Simbol ambigu & market cap tidak cukup dominan untuk membedakan; dicocokkan lewat website CMC vs CoinGecko. Tier paling lemah dari 5 tier -- mohon dicek manual link sosialnya masih benar & aktif.,N
37257,Ai Xovia,AIX,ai-xovia,AI XOVIA,1900,False,contract,1,Contract address match (chain: solana),No,"Alamat contract CMC cocok persis dengan listing CoinGecko di chain 'solana' -- sinyal terkuat, berarti token yang sama persis on-chain.",Y
38234,XL1,XL1,xl1,XL1,1901,False,contract,1,Contract address match (chain: ethereum),No,"Alamat contract CMC cocok persis dengan listing CoinGecko di chain 'ethereum' -- sinyal terkuat, berarti token yang sama persis on-chain.",Y
30369,HashAI,HASHAI,hashai,HashAI,1902,False,contract,1,Contract address match (chain: ethereum),No,"Alamat contract CMC cocok persis dengan listing CoinGecko di chain 'ethereum' -- sinyal terkuat, berarti token yang sama persis on-chain.",Y
32933,Zyfai,ZFI,zyfi,Zyfai,1903,False,contract,1,Contract address match (chain: zksync),No,"Alamat contract CMC cocok persis dengan listing CoinGecko di chain 'zksync' -- sinyal terkuat, berarti token yang sama persis on-chain.",Y
27009,UniBot,UNIBOT,unibot,Unibot,1904,False,contract,1,Contract address match (chain: ethereum),No,"Alamat contract CMC cocok persis dengan listing CoinGecko di chain 'ethereum' -- sinyal terkuat, berarti token yang sama persis on-chain.",Y
40973,Netflix Tokenized bStocks,NFLXB,netflix-bstocks-tokenized-stock,Netflix (bStocks Tokenized Stock),1905,True,contract,0.82,Contract address match (chain: binance-smart-chain),No,"Alamat contract CMC cocok persis dengan listing CoinGecko di chain 'binance-smart-chain' -- sinyal terkuat, berarti token yang sama persis on-chain.",Y
38058,Nike Tokenized Stock (Ondo),NKEon,nike-ondo-tokenized-stock,Nike (Ondo Tokenized Stock),1906,False,contract,0.82,Contract address match (chain: ethereum),No,"Alamat contract CMC cocok persis dengan listing CoinGecko di chain 'ethereum' -- sinyal terkuat, berarti token yang sama persis on-chain.",Y
31037,Rebel Cars,RC,rebel-cars,Rebel Cars,1907,False,symbol_by_market_cap,1,Ambiguous symbol -> market cap dominance (rasio 340.4x vs runner-up),Yes,"Simbol 'RC' dipakai >1 listing di CoinGecko (kemungkinan wrapped/bridged/tiruan). Dipilih yang market cap-nya dominan (340.4x). Ini heuristik, bukan validasi identitas -- mohon dicek manual project-nya benar 'Rebel Cars'.",N
37022,Chevron tokenized stock (xStock),CVXX,chevron-xstock,Chevron xStock,1908,False,contract,0.65,Contract address match (chain: solana),No,"Alamat contract CMC cocok persis dengan listing CoinGecko di chain 'solana' -- sinyal terkuat, berarti token yang sama persis on-chain.",Y
1948,Aventus,AVT,aventus,Aventus,1909,False,contract,1,Contract address match (chain: ethereum),No,"Alamat contract CMC cocok persis dengan listing CoinGecko di chain 'ethereum' -- sinyal terkuat, berarti token yang sama persis on-chain.",Y
38530,Openverse Network,BTG,openverse-network,Openverse Network,1910,False,contract,1,Contract address match (chain: binance-smart-chain),No,"Alamat contract CMC cocok persis dengan listing CoinGecko di chain 'binance-smart-chain' -- sinyal terkuat, berarti token yang sama persis on-chain.",Y
17334,JMPT Rewards,JMPT,jumptoken,JumpToken,1911,False,contract,0.5,Contract address match (chain: ethereum),No,"Alamat contract CMC cocok persis dengan listing CoinGecko di chain 'ethereum' -- sinyal terkuat, berarti token yang sama persis on-chain.",Y
11706,Acet,ACT,acet-token,Acet,1912,False,contract,1,Contract address match (chain: binance-smart-chain),No,"Alamat contract CMC cocok persis dengan listing CoinGecko di chain 'binance-smart-chain' -- sinyal terkuat, berarti token yang sama persis on-chain.",Y
40542,Mame Inu,MAME,mame-inu,Mame Inu,1913,False,contract,1,Contract address match (chain: binance-smart-chain),No,"Alamat contract CMC cocok persis dengan listing CoinGecko di chain 'binance-smart-chain' -- sinyal terkuat, berarti token yang sama persis on-chain.",Y
3974,Bitcoin 2,BTC2,bitcoin-2,Bitcoin 2,1914,False,symbol_by_market_cap,1,Ambiguous symbol -> market cap dominance (rasio 34.1x vs runner-up),Yes,"Simbol 'BTC2' dipakai >1 listing di CoinGecko (kemungkinan wrapped/bridged/tiruan). Dipilih yang market cap-nya dominan (34.1x). Ini heuristik, bukan validasi identitas -- mohon dicek manual project-nya benar 'Bitcoin 2'.",N
40625,SPDR S&P 500 Tokenized Stock (Reality),rSPY,spdr-s-p-500-etf-rstock,SPDR S&P 500 ETF rStock,1915,False,contract,0.62,Contract address match (chain: arbitrum-one),No,"Alamat contract CMC cocok persis dengan listing CoinGecko di chain 'arbitrum-one' -- sinyal terkuat, berarti token yang sama persis on-chain.",Y
5583,Hacken Token,HAI,hackenai,Hacken,1916,False,contract,0.71,Contract address match (chain: ethereum),No,"Alamat contract CMC cocok persis dengan listing CoinGecko di chain 'ethereum' -- sinyal terkuat, berarti token yang sama persis on-chain.",Y
40972,Astera Labs Tokenized bStocks,ALABB,astera-labs-bstocks-tokenized-stock,Astera Labs (bStocks Tokenized Stock),1917,True,contract,0.84,Contract address match (chain: binance-smart-chain),No,"Alamat contract CMC cocok persis dengan listing CoinGecko di chain 'binance-smart-chain' -- sinyal terkuat, berarti token yang sama persis on-chain.",Y
4424,XDAG,XDAG,dagger,XDAG,1918,False,symbol,1,Unique ticker symbol ('XDAG' cuma 1 listing di CoinGecko),No,Simbol 'XDAG' unik di CoinGecko (tidak ada listing lain yang bentrok).,Y
8992,Cellframe,CELL,cellframe,Cellframe,1919,False,contract,1,Contract address match (chain: ethereum),No,"Alamat contract CMC cocok persis dengan listing CoinGecko di chain 'ethereum' -- sinyal terkuat, berarti token yang sama persis on-chain.",Y
40484,Nokia Tokenized Stock (Ondo),NOKon,nokia-ondo-tokenized,Nokia (Ondo Tokenized),1920,False,contract,0.68,Contract address match (chain: solana),No,"Alamat contract CMC cocok persis dengan listing CoinGecko di chain 'solana' -- sinyal terkuat, berarti token yang sama persis on-chain.",Y
34648,Vader,VADER,vaderai-by-virtuals,Vader,1921,False,contract,1,Contract address match (chain: base),No,"Alamat contract CMC cocok persis dengan listing CoinGecko di chain 'base' -- sinyal terkuat, berarti token yang sama persis on-chain.",Y
8276,Arianee,ARIA20,arianee,Arianee,1922,False,contract,1,Contract address match (chain: ethereum),No,"Alamat contract CMC cocok persis dengan listing CoinGecko di chain 'ethereum' -- sinyal terkuat, berarti token yang sama persis on-chain.",Y
38240,QuStream,QST,qustream,QuStream,1923,False,contract,1,Contract address match (chain: solana),No,"Alamat contract CMC cocok persis dengan listing CoinGecko di chain 'solana' -- sinyal terkuat, berarti token yang sama persis on-chain.",Y
39176,Hachiko Inu,HACHIKO,hachiko-inu-2,Hachiko Inu,1924,False,contract,1,Contract address match (chain: binance-smart-chain),No,"Alamat contract CMC cocok persis dengan listing CoinGecko di chain 'binance-smart-chain' -- sinyal terkuat, berarti token yang sama persis on-chain.",Y
38064,Accenture Tokenized Stock (Ondo),ACNon,accenture-ondo-tokenized-stock,Accenture (Ondo Tokenized Stock),1925,False,contract,0.85,Contract address match (chain: ethereum),No,"Alamat contract CMC cocok persis dengan listing CoinGecko di chain 'ethereum' -- sinyal terkuat, berarti token yang sama persis on-chain.",Y
38023,Salesforce Tokenized Stock (Ondo),CRMon,salesforce-ondo-tokenized-stock,Salesforce (Ondo Tokenized Stock),1926,False,contract,0.86,Contract address match (chain: ethereum),No,"Alamat contract CMC cocok persis dengan listing CoinGecko di chain 'ethereum' -- sinyal terkuat, berarti token yang sama persis on-chain.",Y
15678,Voxies,VOXEL,voxies,Voxies,1927,False,symbol_by_social_match,1,Ambiguous symbol -> social-link match (website+twitter),Yes,Simbol ambigu & market cap tidak cukup dominan untuk membedakan; dicocokkan lewat website+twitter CMC vs CoinGecko. Tier paling lemah dari 5 tier -- mohon dicek manual link sosialnya masih benar & aktif.,N
39123,RealBriefly,REAL,reallink,RealLink,1928,False,symbol_by_market_cap,0.53,Ambiguous symbol -> market cap dominance (rasio 6.3x vs runner-up),Yes,"Simbol 'REAL' dipakai >1 listing di CoinGecko (kemungkinan wrapped/bridged/tiruan). Dipilih yang market cap-nya dominan (6.3x). Ini heuristik, bukan validasi identitas -- mohon dicek manual project-nya benar 'RealBriefly'.",N
37029,International Business Machines tokenized stock (xStock),IBMX,international-business-machines-xstock,International Business Machines xStock,1929,False,contract,0.83,Contract address match (chain: solana),No,"Alamat contract CMC cocok persis dengan listing CoinGecko di chain 'solana' -- sinyal terkuat, berarti token yang sama persis on-chain.",Y
26732,IDRX,IDRX,idrx,IDRX,1930,False,symbol,1,Unique ticker symbol ('IDRX' cuma 1 listing di CoinGecko),No,Simbol 'IDRX' unik di CoinGecko (tidak ada listing lain yang bentrok).,Y
40930,Direxion Semiconductor Bear 3X ETF Tokenized bStocks,SOXSB,direxion-semiconductor-bear-3x-etf-bstocks-tokenized-stock,Direxion Semiconductor Bear 3X ETF (bStocks Tokenized Stock),1931,True,contract,0.91,Contract address match (chain: binance-smart-chain),No,"Alamat contract CMC cocok persis dengan listing CoinGecko di chain 'binance-smart-chain' -- sinyal terkuat, berarti token yang sama persis on-chain.",Y
38357,ARAI,AA,arai,Arai,1932,False,contract,1,Contract address match (chain: binance-smart-chain),No,"Alamat contract CMC cocok persis dengan listing CoinGecko di chain 'binance-smart-chain' -- sinyal terkuat, berarti token yang sama persis on-chain.",Y
38008,Chipotle Tokenized Stock (Ondo),CMGon,chipotle-ondo-tokenized-stock,Chipotle (Ondo Tokenized Stock),1933,False,contract,0.85,Contract address match (chain: ethereum),No,"Alamat contract CMC cocok persis dengan listing CoinGecko di chain 'ethereum' -- sinyal terkuat, berarti token yang sama persis on-chain.",Y
29310,Unagi Token,UNA,unagi-token,Unagi Token,1934,False,contract,1,Contract address match (chain: ethereum),No,"Alamat contract CMC cocok persis dengan listing CoinGecko di chain 'ethereum' -- sinyal terkuat, berarti token yang sama persis on-chain.",Y
39740,Franklin Income Equity Focus Tokenized ETF (Ondo),INCEon,franklin-income-equity-focus-etf-ondo-tokenized,Franklin Income Equity Focus ETF (Ondo Tokenized),1935,False,contract,0.83,Contract address match (chain: solana),No,"Alamat contract CMC cocok persis dengan listing CoinGecko di chain 'solana' -- sinyal terkuat, berarti token yang sama persis on-chain.",Y
39372,人生K线,人生K线,ren-sheng-k-xian,人生K线,1936,False,contract,1,Contract address match (chain: binance-smart-chain),No,"Alamat contract CMC cocok persis dengan listing CoinGecko di chain 'binance-smart-chain' -- sinyal terkuat, berarti token yang sama persis on-chain.",Y
40959,Liluni,LILUNI,liluni,Liluni,1937,False,symbol,1,Unique ticker symbol ('LILUNI' cuma 1 listing di CoinGecko),No,Simbol 'LILUNI' unik di CoinGecko (tidak ada listing lain yang bentrok).,Y
34271,Rizzmas,RIZZMAS,rizzmas,Rizzmas [OLD],1938,False,contract,0.82,Contract address match (chain: solana),No,"Alamat contract CMC cocok persis dengan listing CoinGecko di chain 'solana' -- sinyal terkuat, berarti token yang sama persis on-chain.",Y
36233,Cocoro (officialcocoro.com),COCORO,cocoro,Cocoro,1939,False,contract,0.41,Contract address match (chain: base),No,"Alamat contract CMC cocok persis dengan listing CoinGecko di chain 'base' -- sinyal terkuat, berarti token yang sama persis on-chain.",Y
7725,TrueFi,TRU,truefi,TrueFi,1940,False,contract,1,Contract address match (chain: ethereum),No,"Alamat contract CMC cocok persis dengan listing CoinGecko di chain 'ethereum' -- sinyal terkuat, berarti token yang sama persis on-chain.",Y
39790,Franklin US Large Cap Multifactor Index Tokenized ETF (Ondo),FLQLon,franklin-us-large-cap-multifactor-index-etf-ondo-tokenized,Franklin US Large Cap Multifactor Index ETF (Ondo Tokenized),1941,False,contract,0.86,Contract address match (chain: solana),No,"Alamat contract CMC cocok persis dengan listing CoinGecko di chain 'solana' -- sinyal terkuat, berarti token yang sama persis on-chain.",Y
36819,catwifmask,MASK,catwifmask,catwifmask,1942,False,contract,1,Contract address match (chain: solana),No,"Alamat contract CMC cocok persis dengan listing CoinGecko di chain 'solana' -- sinyal terkuat, berarti token yang sama persis on-chain.",Y
39316,Vertiv Tokenized Stock (Ondo),VRTon,vertiv-ondo-tokenized,Vertiv (Ondo Tokenized),1943,False,contract,0.7,Contract address match (chain: ethereum),No,"Alamat contract CMC cocok persis dengan listing CoinGecko di chain 'ethereum' -- sinyal terkuat, berarti token yang sama persis on-chain.",Y
22391,Magpie,MGP,magpie,Magpie,1944,False,contract,1,Contract address match (chain: binance-smart-chain),No,"Alamat contract CMC cocok persis dengan listing CoinGecko di chain 'binance-smart-chain' -- sinyal terkuat, berarti token yang sama persis on-chain.",Y
35052,Opus Genesis,OPUS,opus-2,Opus Genesis,1945,False,contract,1,Contract address match (chain: solana),No,"Alamat contract CMC cocok persis dengan listing CoinGecko di chain 'solana' -- sinyal terkuat, berarti token yang sama persis on-chain.",Y
40602,Meta Tokenized Stock (Reality),rMETA,meta-platforms-rstock,Meta Platforms rStock,1946,False,contract,0.5,Contract address match (chain: arbitrum-one),No,"Alamat contract CMC cocok persis dengan listing CoinGecko di chain 'arbitrum-one' -- sinyal terkuat, berarti token yang sama persis on-chain.",Y
11531,Portugal National Team Fan Token,POR,portugal-national-team-fan-token,Portugal National Team Fan Token,1947,False,contract,1,Contract address match (chain: solana),No,"Alamat contract CMC cocok persis dengan listing CoinGecko di chain 'solana' -- sinyal terkuat, berarti token yang sama persis on-chain.",Y
35216,Pythia,PYTHIA,pythia,PYTHIA,1948,False,contract,1,Contract address match (chain: solana),No,"Alamat contract CMC cocok persis dengan listing CoinGecko di chain 'solana' -- sinyal terkuat, berarti token yang sama persis on-chain.",Y
40707,iShares Silver Trust Tokenized Commodity (Robinhood),SLV,ishares-silver-trust-robinhood-tokenized-stock,iShares Silver Trust • Robinhood Token,1949,False,symbol_by_market_cap,0.7,Ambiguous symbol -> market cap dominance (rasio 69.9x vs runner-up),Yes,"Simbol 'SLV' dipakai >1 listing di CoinGecko (kemungkinan wrapped/bridged/tiruan). Dipilih yang market cap-nya dominan (69.9x). Ini heuristik, bukan validasi identitas -- mohon dicek manual project-nya benar 'iShares Silver Trust Tokenized Commodity (Robinhood)'.",N
39342,老子,老子,laozi,老子 (Laozi),1951,False,contract,0.44,Contract address match (chain: binance-smart-chain),No,"Alamat contract CMC cocok persis dengan listing CoinGecko di chain 'binance-smart-chain' -- sinyal terkuat, berarti token yang sama persis on-chain.",Y
37033,Coca-Cola tokenized stock (xStock),KOX,coca-cola-xstock,Coca-Cola xStock,1952,False,contract,0.67,Contract address match (chain: solana),No,"Alamat contract CMC cocok persis dengan listing CoinGecko di chain 'solana' -- sinyal terkuat, berarti token yang sama persis on-chain.",Y
30683,WUFFI,WUF,wuffi,WUFFI,1953,False,symbol,1,Unique ticker symbol ('WUF' cuma 1 listing di CoinGecko),No,Simbol 'WUF' unik di CoinGecko (tidak ada listing lain yang bentrok).,Y
3826,TOP AI Network,TOP,top-network,TOP AI Network,1954,False,symbol_by_market_cap,1,Ambiguous symbol -> market cap dominance (rasio 20.6x vs runner-up),Yes,"Simbol 'TOP' dipakai >1 listing di CoinGecko (kemungkinan wrapped/bridged/tiruan). Dipilih yang market cap-nya dominan (20.6x). Ini heuristik, bukan validasi identitas -- mohon dicek manual project-nya benar 'TOP AI Network'.",N
38080,Disney Tokenized Stock (Ondo),DISon,disney-ondo-tokenized-stock,Disney (Ondo Tokenized Stock),1955,False,contract,0.83,Contract address match (chain: ethereum),No,"Alamat contract CMC cocok persis dengan listing CoinGecko di chain 'ethereum' -- sinyal terkuat, berarti token yang sama persis on-chain.",Y
17545,Cipher,CPR,cipher-2,CIPHER,1956,False,symbol,1,Unique ticker symbol ('CPR' cuma 1 listing di CoinGecko),No,Simbol 'CPR' unik di CoinGecko (tidak ada listing lain yang bentrok).,Y
40252,Corning Tokenized Stock (Ondo),GLWon,corning-ondo-tokenized,Corning (Ondo Tokenized),1957,False,contract,0.71,Contract address match (chain: solana),No,"Alamat contract CMC cocok persis dengan listing CoinGecko di chain 'solana' -- sinyal terkuat, berarti token yang sama persis on-chain.",Y
26497,Clore.ai,CLORE,clore-ai,Clore.ai,1958,False,symbol,1,Unique ticker symbol ('CLORE' cuma 1 listing di CoinGecko),No,Simbol 'CLORE' unik di CoinGecko (tidak ada listing lain yang bentrok).,Y
12252,Bomb Crypto (BNB),BCOIN,bomber-coin,Bomb Crypto (BNB),1959,False,contract,1,Contract address match (chain: binance-smart-chain),No,"Alamat contract CMC cocok persis dengan listing CoinGecko di chain 'binance-smart-chain' -- sinyal terkuat, berarti token yang sama persis on-chain.",Y
18919,Shiba Predator,QOM,shiba-predator,Shiba Predator,1960,False,contract,1,Contract address match (chain: ethereum),No,"Alamat contract CMC cocok persis dengan listing CoinGecko di chain 'ethereum' -- sinyal terkuat, berarti token yang sama persis on-chain.",Y
25714,Crown by Third Time Games,CROWN,crown-by-third-time-games,Crown by Third Time Games,1961,False,contract,1,Contract address match (chain: solana),No,"Alamat contract CMC cocok persis dengan listing CoinGecko di chain 'solana' -- sinyal terkuat, berarti token yang sama persis on-chain.",Y
29291,Pandora,PANDORA,pandora,Pandora,1962,False,contract,1,Contract address match (chain: ethereum),No,"Alamat contract CMC cocok persis dengan listing CoinGecko di chain 'ethereum' -- sinyal terkuat, berarti token yang sama persis on-chain.",Y
38088,iBoxx $ High Yield Corporate Bond Tokenized ETF (Ondo),HYGon,iboxx-high-yield-corporate-bond-etf-ondo-tokenized-etf,iBoxx $ High Yield Corporate Bond ETF (Ondo Tokenized ETF),1963,False,contract,0.88,Contract address match (chain: ethereum),No,"Alamat contract CMC cocok persis dengan listing CoinGecko di chain 'ethereum' -- sinyal terkuat, berarti token yang sama persis on-chain.",Y
2058,AirSwap,AST,airswap,AirSwap,1964,False,contract,1,Contract address match (chain: ethereum),No,"Alamat contract CMC cocok persis dengan listing CoinGecko di chain 'ethereum' -- sinyal terkuat, berarti token yang sama persis on-chain.",Y
37038,Eli Lilly tokenized stock (xStock),LLYX,eli-lilly-xstock,Eli Lilly xStock,1965,False,contract,0.67,Contract address match (chain: solana),No,"Alamat contract CMC cocok persis dengan listing CoinGecko di chain 'solana' -- sinyal terkuat, berarti token yang sama persis on-chain.",Y
4197,ShareToken,SHR,sharering,ShareToken,1966,False,contract,1,Contract address match (chain: ethereum),No,"Alamat contract CMC cocok persis dengan listing CoinGecko di chain 'ethereum' -- sinyal terkuat, berarti token yang sama persis on-chain.",Y
18624,Azit,AZIT,azit,azit,1967,False,symbol,1,Unique ticker symbol ('AZIT' cuma 1 listing di CoinGecko),No,Simbol 'AZIT' unik di CoinGecko (tidak ada listing lain yang bentrok).,Y
3704,v.systems,VSYS,v-systems,V.SYSTEMS,1968,False,symbol,1,Unique ticker symbol ('VSYS' cuma 1 listing di CoinGecko),No,Simbol 'VSYS' unik di CoinGecko (tidak ada listing lain yang bentrok).,Y
2529,Cashaa,CAS,cashaa,Cashaa,1969,False,contract,1,Contract address match (chain: binance-smart-chain),No,"Alamat contract CMC cocok persis dengan listing CoinGecko di chain 'binance-smart-chain' -- sinyal terkuat, berarti token yang sama persis on-chain.",Y
38069,Uber Tokenized Stock (Ondo),UBERon,uber-ondo-tokenized-stock,Uber (Ondo Tokenized Stock),1970,False,contract,0.82,Contract address match (chain: ethereum),No,"Alamat contract CMC cocok persis dengan listing CoinGecko di chain 'ethereum' -- sinyal terkuat, berarti token yang sama persis on-chain.",Y
40773,Oracle Tokenized Stock (Robinhood),ORCL,oracle-robinhood-tokenized-stock,Oracle • Robinhood Token,1971,False,symbol_by_market_cap,0.61,Ambiguous symbol -> market cap dominance (rasio 22.7x vs runner-up),Yes,"Simbol 'ORCL' dipakai >1 listing di CoinGecko (kemungkinan wrapped/bridged/tiruan). Dipilih yang market cap-nya dominan (22.7x). Ini heuristik, bukan validasi identitas -- mohon dicek manual project-nya benar 'Oracle Tokenized Stock (Robinhood)'.",N
4003,Zenon,ZNN,zenon-2,Zenon,1972,False,symbol,1,Unique ticker symbol ('ZNN' cuma 1 listing di CoinGecko),No,Simbol 'ZNN' unik di CoinGecko (tidak ada listing lain yang bentrok).,Y
40401,Bloom Energy Tokenized Stock (Ondo),BEon,bloom-energy-ondo-tokenized,Bloom Energy (Ondo Tokenized),1973,False,contract,0.75,Contract address match (chain: solana),No,"Alamat contract CMC cocok persis dengan listing CoinGecko di chain 'solana' -- sinyal terkuat, berarti token yang sama persis on-chain.",Y
36977,NodeOps,NODE,node-2,NodeOps,1974,False,contract,1,Contract address match (chain: ethereum),No,"Alamat contract CMC cocok persis dengan listing CoinGecko di chain 'ethereum' -- sinyal terkuat, berarti token yang sama persis on-chain.",Y
14534,ParaSwap,PSP,paraswap,ParaSwap,1975,False,contract,1,Contract address match (chain: ethereum),No,"Alamat contract CMC cocok persis dengan listing CoinGecko di chain 'ethereum' -- sinyal terkuat, berarti token yang sama persis on-chain.",Y
37037,DFDV tokenized stock (xStock),DFDVx,dfdv-xstock,DFDV xStock,1976,False,contract,0.59,Contract address match (chain: solana),No,"Alamat contract CMC cocok persis dengan listing CoinGecko di chain 'solana' -- sinyal terkuat, berarti token yang sama persis on-chain.",Y
15257,EverRise,RISE,everrise,EverRise,1977,False,contract,1,Contract address match (chain: ethereum),No,"Alamat contract CMC cocok persis dengan listing CoinGecko di chain 'ethereum' -- sinyal terkuat, berarti token yang sama persis on-chain.",Y
10630,Guild of Guardians,GOG,guild-of-guardians,Guild of Guardians,1978,False,contract,1,Contract address match (chain: ethereum),No,"Alamat contract CMC cocok persis dengan listing CoinGecko di chain 'ethereum' -- sinyal terkuat, berarti token yang sama persis on-chain.",Y
39028,Best Wallet,BEST,best,BEST,1979,False,contract,0.57,Contract address match (chain: ethereum),No,"Alamat contract CMC cocok persis dengan listing CoinGecko di chain 'ethereum' -- sinyal terkuat, berarti token yang sama persis on-chain.",Y
38840,Luxxcoin,LUX,luxxcoin,Luxxcoin,1980,False,contract,1,Contract address match (chain: solana),No,"Alamat contract CMC cocok persis dengan listing CoinGecko di chain 'solana' -- sinyal terkuat, berarti token yang sama persis on-chain.",Y
8620,TOWER,TOWER,tower,Tower,1981,False,contract,1,Contract address match (chain: ethereum),No,"Alamat contract CMC cocok persis dengan listing CoinGecko di chain 'ethereum' -- sinyal terkuat, berarti token yang sama persis on-chain.",Y
39341,CharacterX,CAI,characterx,CharacterX,1982,False,contract,1,Contract address match (chain: binance-smart-chain),No,"Alamat contract CMC cocok persis dengan listing CoinGecko di chain 'binance-smart-chain' -- sinyal terkuat, berarti token yang sama persis on-chain.",Y
38074,S&P Global Tokenized Stock (Ondo),SPGIon,s-p-global-ondo-tokenized-stock,S&P Global (Ondo Tokenized Stock),1983,False,contract,0.85,Contract address match (chain: ethereum),No,"Alamat contract CMC cocok persis dengan listing CoinGecko di chain 'ethereum' -- sinyal terkuat, berarti token yang sama persis on-chain.",Y
39920,Asentum,ASE,asentum,Asentum,1984,False,contract,1,Contract address match (chain: ethereum),No,"Alamat contract CMC cocok persis dengan listing CoinGecko di chain 'ethereum' -- sinyal terkuat, berarti token yang sama persis on-chain.",Y
40139,VanEck Semiconductor tokenized ETF (xStock),SMHx,vaneck-semiconductor-etf-xstock,VanEck Semiconductor ETF xStock,1985,False,contract,0.86,Contract address match (chain: solana),No,"Alamat contract CMC cocok persis dengan listing CoinGecko di chain 'solana' -- sinyal terkuat, berarti token yang sama persis on-chain.",Y
40650,Nebius Tokenized Stock (Reality),rNBIS,nebius-rstock,NEBIUS rStock,1986,False,contract,0.56,Contract address match (chain: arbitrum-one),No,"Alamat contract CMC cocok persis dengan listing CoinGecko di chain 'arbitrum-one' -- sinyal terkuat, berarti token yang sama persis on-chain.",Y
3928,IDEX,IDEX,aurora-dao,IDEX,1987,False,contract,1,Contract address match (chain: ethereum),No,"Alamat contract CMC cocok persis dengan listing CoinGecko di chain 'ethereum' -- sinyal terkuat, berarti token yang sama persis on-chain.",Y
40633,ProShares UltraPro QQQ Tokenized Stock (Reality),rTQQQ,proshares-ultrapro-qqq-etf-rstock,ProShares UltraPro QQQ ETF rStock,1988,False,contract,0.74,Contract address match (chain: arbitrum-one),No,"Alamat contract CMC cocok persis dengan listing CoinGecko di chain 'arbitrum-one' -- sinyal terkuat, berarti token yang sama persis on-chain.",Y
7838,Base Protocol,BASE,base-protocol,Base Protocol,1989,False,contract,1,Contract address match (chain: ethereum),No,"Alamat contract CMC cocok persis dengan listing CoinGecko di chain 'ethereum' -- sinyal terkuat, berarti token yang sama persis on-chain.",Y
5070,Tap,XTP,tap,XTP,1990,False,contract,0.67,Contract address match (chain: ethereum),No,"Alamat contract CMC cocok persis dengan listing CoinGecko di chain 'ethereum' -- sinyal terkuat, berarti token yang sama persis on-chain.",Y
8495,Everest,ID,everid,Everest,1991,False,contract,1,Contract address match (chain: ethereum),No,"Alamat contract CMC cocok persis dengan listing CoinGecko di chain 'ethereum' -- sinyal terkuat, berarti token yang sama persis on-chain.",Y
39781,iShares MSCI South Korea Tokenized ETF (Ondo),EWYon,ishares-msci-south-korea-etf-ondo-tokenized,iShares MSCI South Korea ETF (Ondo Tokenized),1992,False,contract,0.81,Contract address match (chain: solana),No,"Alamat contract CMC cocok persis dengan listing CoinGecko di chain 'solana' -- sinyal terkuat, berarti token yang sama persis on-chain.",Y
40969,USA Rare Earth Tokenized bStocks,USARB,usa-rare-earth-bstocks-tokenized-stock,USA Rare Earth (bStocks Tokenized Stock),1993,True,contract,0.85,Contract address match (chain: binance-smart-chain),No,"Alamat contract CMC cocok persis dengan listing CoinGecko di chain 'binance-smart-chain' -- sinyal terkuat, berarti token yang sama persis on-chain.",Y
38681,修仙,修仙,xiuxian,修仙 (XiuXian),1994,False,contract,0.36,Contract address match (chain: binance-smart-chain),No,"Alamat contract CMC cocok persis dengan listing CoinGecko di chain 'binance-smart-chain' -- sinyal terkuat, berarti token yang sama persis on-chain.",Y
31196,Storm Trade,STORM,storm-trade,Storm Trade,1995,False,symbol,1,Unique ticker symbol ('STORM' cuma 1 listing di CoinGecko),No,Simbol 'STORM' unik di CoinGecko (tidak ada listing lain yang bentrok).,Y
18101,NanoByte Token,NBT,nanobyte,NanoByte,1996,False,contract,0.76,Contract address match (chain: ethereum),No,"Alamat contract CMC cocok persis dengan listing CoinGecko di chain 'ethereum' -- sinyal terkuat, berarti token yang sama persis on-chain.",Y
3218,Energi,NRG,energi,Energi,1997,False,symbol,1,Unique ticker symbol ('NRG' cuma 1 listing di CoinGecko),No,Simbol 'NRG' unik di CoinGecko (tidak ada listing lain yang bentrok).,Y
42046,Hims & Hers Tokenized bStocks,HIMSB,hims-hers-bstocks-tokenized-stock,Hims & Hers (bStocks Tokenized Stock),1998,True,contract,0.83,Contract address match (chain: binance-smart-chain),No,"Alamat contract CMC cocok persis dengan listing CoinGecko di chain 'binance-smart-chain' -- sinyal terkuat, berarti token yang sama persis on-chain.",Y
10729,UFO Gaming,UFO,ufo-gaming,UFO Gaming,1999,False,contract,1,Contract address match (chain: ethereum),No,"Alamat contract CMC cocok persis dengan listing CoinGecko di chain 'ethereum' -- sinyal terkuat, berarti token yang sama persis on-chain.",Y
29082,Saros,SAROS,saros-finance,Saros,2000,False,contract,1,Contract address match (chain: solana),No,"Alamat contract CMC cocok persis dengan listing CoinGecko di chain 'solana' -- sinyal terkuat, berarti token yang sama persis on-chain.",Y
3717,Wrapped Bitcoin,WBTC,wrapped-bitcoin,Wrapped Bitcoin,,True,contract,1,Contract address match (chain: ethereum),No,"Alamat contract CMC cocok persis dengan listing CoinGecko di chain 'ethereum' -- sinyal terkuat, berarti token yang sama persis on-chain.",Y
37760,BFUSD,BFUSD,bfusd,BFUSD,,True,symbol,1,Unique ticker symbol ('BFUSD' cuma 1 listing di CoinGecko),No,Simbol 'BFUSD' unik di CoinGecko (tidak ada listing lain yang bentrok).,Y
24760,Wrapped Beacon ETH,WBETH,wrapped-beacon-eth,Wrapped Beacon ETH,,True,contract,1,Contract address match (chain: ethereum),No,"Alamat contract CMC cocok persis dengan listing CoinGecko di chain 'ethereum' -- sinyal terkuat, berarti token yang sama persis on-chain.",Y
32882,Binance Staked SOL,BNSOL,binance-staked-sol,Binance Staked SOL,,True,contract,1,Contract address match (chain: solana),No,"Alamat contract CMC cocok persis dengan listing CoinGecko di chain 'solana' -- sinyal terkuat, berarti token yang sama persis on-chain.",Y
33039,USDS,USDS,usds,USDS,,True,contract,1,Contract address match (chain: ethereum),No,"Alamat contract CMC cocok persis dengan listing CoinGecko di chain 'ethereum' -- sinyal terkuat, berarti token yang sama persis on-chain.",Y
40883,GraniteShares 2X Long INTC ETF Tokenized bStocks,INTWB,graniteshares-2x-long-intc-etf-bstocks-tokenized-stock,GraniteShares 2X Long INTC ETF (bStocks Tokenized Stock),,True,contract,0.9,Contract address match (chain: binance-smart-chain),No,"Alamat contract CMC cocok persis dengan listing CoinGecko di chain 'binance-smart-chain' -- sinyal terkuat, berarti token yang sama persis on-chain.",Y
42302,Reddit Tokenized bStocks,RDDTB,reddit-bstocks-tokenized-stock,Reddit (bStocks Tokenized Stock),,True,contract,0.82,Contract address match (chain: binance-smart-chain),No,"Alamat contract CMC cocok persis dengan listing CoinGecko di chain 'binance-smart-chain' -- sinyal terkuat, berarti token yang sama persis on-chain.",Y
42303,GoPro Tokenized bStocks,GPROB,gopro-bstocks-tokenized-stock,GoPro (bStocks Tokenized Stock),,True,contract,0.81,Contract address match (chain: binance-smart-chain),No,"Alamat contract CMC cocok persis dengan listing CoinGecko di chain 'binance-smart-chain' -- sinyal terkuat, berarti token yang sama persis on-chain.",Y
40878,Quantinuum Tokenized bStocks,QNTB,quantinuum-bstocks-tokenized-stock,Quantinuum (bStocks Tokenized Stock),,True,contract,0.84,Contract address match (chain: binance-smart-chain),No,"Alamat contract CMC cocok persis dengan listing CoinGecko di chain 'binance-smart-chain' -- sinyal terkuat, berarti token yang sama persis on-chain.",Y
40971,AST SpaceMobile Tokenized bStocks,ASTSB,ast-spacemobile-bstocks-tokenized-stock,AST SpaceMobile (bStocks Tokenized Stock),,True,contract,0.86,Contract address match (chain: binance-smart-chain),No,"Alamat contract CMC cocok persis dengan listing CoinGecko di chain 'binance-smart-chain' -- sinyal terkuat, berarti token yang sama persis on-chain.",Y
40931,Dell Tokenized bStocks,DELLB,dell-bstocks-tokenized-stock,Dell (bStocks Tokenized Stock),,True,contract,0.8,Contract address match (chain: binance-smart-chain),No,"Alamat contract CMC cocok persis dengan listing CoinGecko di chain 'binance-smart-chain' -- sinyal terkuat, berarti token yang sama persis on-chain.",Y
40847,IBM Tokenized bStocks,IBMB,ibm-bstocks-tokenized-stock,IBM (bStocks Tokenized Stock),,True,contract,0.79,Contract address match (chain: binance-smart-chain),No,"Alamat contract CMC cocok persis dengan listing CoinGecko di chain 'binance-smart-chain' -- sinyal terkuat, berarti token yang sama persis on-chain.",Y
42045,Salesforce Tokenized bStocks,CRMB,salesforce-bstocks-tokenized-stock,Salesforce (bStocks Tokenized Stock),,True,contract,0.84,Contract address match (chain: binance-smart-chain),No,"Alamat contract CMC cocok persis dengan listing CoinGecko di chain 'binance-smart-chain' -- sinyal terkuat, berarti token yang sama persis on-chain.",Y
40934,Goldman Sachs Tokenized bStocks,GSB,goldman-sachs-bstocks-tokenized-stock,Goldman Sachs (bStocks Tokenized Stock),,True,contract,0.85,Contract address match (chain: binance-smart-chain),No,"Alamat contract CMC cocok persis dengan listing CoinGecko di chain 'binance-smart-chain' -- sinyal terkuat, berarti token yang sama persis on-chain.",Y
40935,Paypal Tokenized bStocks,PYPLB,paypal-bstocks-tokenized-stock,Paypal (bStocks Tokenized Stock),,True,contract,0.82,Contract address match (chain: binance-smart-chain),No,"Alamat contract CMC cocok persis dengan listing CoinGecko di chain 'binance-smart-chain' -- sinyal terkuat, berarti token yang sama persis on-chain.",Y
